Workbook

Sheet Master Goods Sheet
A1: Item | B1: Total London | C1: Total Outports | D1: Total
A2: Annatto | B2: =SUMIFS(Antigua!$L:$L, Antigua!$B:$B, $A2, Antigua!$D:$D, "London") + SUMIFS(Barbados!$L:$L, Barbados!$B:$B, $A2, Barbados!$D:$D, "London") + SUMIFS(Bermuda!$L:$L, Bermuda!$B:$B, $A2, Bermuda!$D:$D, "London") + SUMIFS(Jamaica!$L:$L, Jamaica!$B:$B, $A2, Jamaica!$D:$D, "London") + SUMIFS(Mountserat!$L:$L, Mountserat!$B:$B, $A2, Mountserat!$D:$D, "London") + SUMIFS(Nevis!$L:$L, Nevis!$B:$B, $A2, Nevis!$D:$D, "London") + SUMIFS('St Kitts'!$L:$L, 'St Kitts'!$B:$B, $A2, 'St Kitts'!$D:$D, "London")+ SUMIFS(General!$L:$L, General!$B:$B, $A2, General!$D:$D, "London") -> 2.4946429 | C2: =SUMIFS(Antigua!$L:$L, Antigua!$B:$B, $A2, Antigua!$D:$D, "Out Ports") + SUMIFS(Barbados!$L:$L, Barbados!$B:$B, $A2, Barbados!$D:$D, "Out Ports") + SUMIFS(Bermuda!$L:$L, Bermuda!$B:$B, $A2, Bermuda!$D:$D, "Out Ports") + SUMIFS(Jamaica!$L:$L, Jamaica!$B:$B, $A2, Jamaica!$D:$D, "Out Ports") + SUMIFS(Mountserat!$L:$L, Mountserat!$B:$B, $A2, Mountserat!$D:$D, "Out Ports") + SUMIFS(Nevis!$L:$L, Nevis!$B:$B, $A2, Nevis!$D:$D, "Out Ports") + SUMIFS('St Kitts'!$L:$L, 'St Kitts'!$B:$B, $A2, 'St Kitts'!$D:$D, "Out Ports") + SUMIFS(General!$L:$L, General!$B:$B, $A2, General!$D:$D, "Out Ports") -> 0.074107143 | D2: =ROUND((B2+C2),2) -> 2.57
A3: Bees Wax | B3: =SUMIFS(Antigua!$L:$L, Antigua!$B:$B, $A3, Antigua!$D:$D, "London") + SUMIFS(Barbados!$L:$L, Barbados!$B:$B, $A3, Barbados!$D:$D, "London") + SUMIFS(Bermuda!$L:$L, Bermuda!$B:$B, $A3, Bermuda!$D:$D, "London") + SUMIFS(Jamaica!$L:$L, Jamaica!$B:$B, $A3, Jamaica!$D:$D, "London") + SUMIFS(Mountserat!$L:$L, Mountserat!$B:$B, $A3, Mountserat!$D:$D, "London") + SUMIFS(Nevis!$L:$L, Nevis!$B:$B, $A3, Nevis!$D:$D, "London") + SUMIFS('St Kitts'!$L:$L, 'St Kitts'!$B:$B, $A3, 'St Kitts'!$D:$D, "London")+ SUMIFS(General!$L:$L, General!$B:$B, $A3, General!$D:$D, "London") -> 0.68392857 | C3: =SUMIFS(Antigua!$L:$L, Antigua!$B:$B, $A3, Antigua!$D:$D, "Out Ports") + SUMIFS(Barbados!$L:$L, Barbados!$B:$B, $A3, Barbados!$D:$D, "Out Ports") + SUMIFS(Bermuda!$L:$L, Bermuda!$B:$B, $A3, Bermuda!$D:$D, "Out Ports") + SUMIFS(Jamaica!$L:$L, Jamaica!$B:$B, $A3, Jamaica!$D:$D, "Out Ports") + SUMIFS(Mountserat!$L:$L, Mountserat!$B:$B, $A3, Mountserat!$D:$D, "Out Ports") + SUMIFS(Nevis!$L:$L, Nevis!$B:$B, $A3, Nevis!$D:$D, "Out Ports") + SUMIFS('St Kitts'!$L:$L, 'St Kitts'!$B:$B, $A3, 'St Kitts'!$D:$D, "Out Ports") + SUMIFS(General!$L:$L, General!$B:$B, $A3, General!$D:$D, "Out Ports") -> 0 | D3: =ROUND((B3+C3),2) -> 0.68
A4: Brown Sugar | B4: =SUMIFS(Antigua!$L:$L, Antigua!$B:$B, $A4, Antigua!$D:$D, "London") + SUMIFS(Barbados!$L:$L, Barbados!$B:$B, $A4, Barbados!$D:$D, "London") + SUMIFS(Bermuda!$L:$L, Bermuda!$B:$B, $A4, Bermuda!$D:$D, "London") + SUMIFS(Jamaica!$L:$L, Jamaica!$B:$B, $A4, Jamaica!$D:$D, "London") + SUMIFS(Mountserat!$L:$L, Mountserat!$B:$B, $A4, Mountserat!$D:$D, "London") + SUMIFS(Nevis!$L:$L, Nevis!$B:$B, $A4, Nevis!$D:$D, "London") + SUMIFS('St Kitts'!$L:$L, 'St Kitts'!$B:$B, $A4, 'St Kitts'!$D:$D, "London")+ SUMIFS(General!$L:$L, General!$B:$B, $A4, General!$D:$D, "London") -> 17677.282 | C4: =SUMIFS(Antigua!$L:$L, Antigua!$B:$B, $A4, Antigua!$D:$D, "Out Ports") + SUMIFS(Barbados!$L:$L, Barbados!$B:$B, $A4, Barbados!$D:$D, "Out Ports") + SUMIFS(Bermuda!$L:$L, Bermuda!$B:$B, $A4, Bermuda!$D:$D, "Out Ports") + SUMIFS(Jamaica!$L:$L, Jamaica!$B:$B, $A4, Jamaica!$D:$D, "Out Ports") + SUMIFS(Mountserat!$L:$L, Mountserat!$B:$B, $A4, Mountserat!$D:$D, "Out Ports") + SUMIFS(Nevis!$L:$L, Nevis!$B:$B, $A4, Nevis!$D:$D, "Out Ports") + SUMIFS('St Kitts'!$L:$L, 'St Kitts'!$B:$B, $A4, 'St Kitts'!$D:$D, "Out Ports") + SUMIFS(General!$L:$L, General!$B:$B, $A4, General!$D:$D, "Out Ports") -> 7078.9295 | D4: =ROUND((B4+C4),2) -> 24756.21
A5: Chocolate | B5: =SUMIFS(Antigua!$L:$L, Antigua!$B:$B, $A5, Antigua!$D:$D, "London") + SUMIFS(Barbados!$L:$L, Barbados!$B:$B, $A5, Barbados!$D:$D, "London") + SUMIFS(Bermuda!$L:$L, Bermuda!$B:$B, $A5, Bermuda!$D:$D, "London") + SUMIFS(Jamaica!$L:$L, Jamaica!$B:$B, $A5, Jamaica!$D:$D, "London") + SUMIFS(Mountserat!$L:$L, Mountserat!$B:$B, $A5, Mountserat!$D:$D, "London") + SUMIFS(Nevis!$L:$L, Nevis!$B:$B, $A5, Nevis!$D:$D, "London") + SUMIFS('St Kitts'!$L:$L, 'St Kitts'!$B:$B, $A5, 'St Kitts'!$D:$D, "London")+ SUMIFS(General!$L:$L, General!$B:$B, $A5, General!$D:$D, "London") -> 0 | C5: =SUMIFS(Antigua!$L:$L, Antigua!$B:$B, $A5, Antigua!$D:$D, "Out Ports") + SUMIFS(Barbados!$L:$L, Barbados!$B:$B, $A5, Barbados!$D:$D, "Out Ports") + SUMIFS(Bermuda!$L:$L, Bermuda!$B:$B, $A5, Bermuda!$D:$D, "Out Ports") + SUMIFS(Jamaica!$L:$L, Jamaica!$B:$B, $A5, Jamaica!$D:$D, "Out Ports") + SUMIFS(Mountserat!$L:$L, Mountserat!$B:$B, $A5, Mountserat!$D:$D, "Out Ports") + SUMIFS(Nevis!$L:$L, Nevis!$B:$B, $A5, Nevis!$D:$D, "Out Ports") + SUMIFS('St Kitts'!$L:$L, 'St Kitts'!$B:$B, $A5, 'St Kitts'!$D:$D, "Out Ports") + SUMIFS(General!$L:$L, General!$B:$B, $A5, General!$D:$D, "Out Ports") -> 0 | D5: =ROUND((B5+C5),2) -> 0
A6: Cocheneal | B6: =SUMIFS(Antigua!$L:$L, Antigua!$B:$B, $A6, Antigua!$D:$D, "London") + SUMIFS(Barbados!$L:$L, Barbados!$B:$B, $A6, Barbados!$D:$D, "London") + SUMIFS(Bermuda!$L:$L, Bermuda!$B:$B, $A6, Bermuda!$D:$D, "London") + SUMIFS(Jamaica!$L:$L, Jamaica!$B:$B, $A6, Jamaica!$D:$D, "London") + SUMIFS(Mountserat!$L:$L, Mountserat!$B:$B, $A6, Mountserat!$D:$D, "London") + SUMIFS(Nevis!$L:$L, Nevis!$B:$B, $A6, Nevis!$D:$D, "London") + SUMIFS('St Kitts'!$L:$L, 'St Kitts'!$B:$B, $A6, 'St Kitts'!$D:$D, "London")+ SUMIFS(General!$L:$L, General!$B:$B, $A6, General!$D:$D, "London") -> 0.13214286 | C6: =SUMIFS(Antigua!$L:$L, Antigua!$B:$B, $A6, Antigua!$D:$D, "Out Ports") + SUMIFS(Barbados!$L:$L, Barbados!$B:$B, $A6, Barbados!$D:$D, "Out Ports") + SUMIFS(Bermuda!$L:$L, Bermuda!$B:$B, $A6, Bermuda!$D:$D, "Out Ports") + SUMIFS(Jamaica!$L:$L, Jamaica!$B:$B, $A6, Jamaica!$D:$D, "Out Ports") + SUMIFS(Mountserat!$L:$L, Mountserat!$B:$B, $A6, Mountserat!$D:$D, "Out Ports") + SUMIFS(Nevis!$L:$L, Nevis!$B:$B, $A6, Nevis!$D:$D, "Out Ports") + SUMIFS('St Kitts'!$L:$L, 'St Kitts'!$B:$B, $A6, 'St Kitts'!$D:$D, "Out Ports") + SUMIFS(General!$L:$L, General!$B:$B, $A6, General!$D:$D, "Out Ports") -> 0 | D6: =ROUND((B6+C6),2) -> 0.13
A7: Cocoa Nuts | B7: =SUMIFS(Antigua!$L:$L, Antigua!$B:$B, $A7, Antigua!$D:$D, "London") + SUMIFS(Barbados!$L:$L, Barbados!$B:$B, $A7, Barbados!$D:$D, "London") + SUMIFS(Bermuda!$L:$L, Bermuda!$B:$B, $A7, Bermuda!$D:$D, "London") + SUMIFS(Jamaica!$L:$L, Jamaica!$B:$B, $A7, Jamaica!$D:$D, "London") + SUMIFS(Mountserat!$L:$L, Mountserat!$B:$B, $A7, Mountserat!$D:$D, "London") + SUMIFS(Nevis!$L:$L, Nevis!$B:$B, $A7, Nevis!$D:$D, "London") + SUMIFS('St Kitts'!$L:$L, 'St Kitts'!$B:$B, $A7, 'St Kitts'!$D:$D, "London")+ SUMIFS(General!$L:$L, General!$B:$B, $A7, General!$D:$D, "London") -> 3.8084821 | C7: =SUMIFS(Antigua!$L:$L, Antigua!$B:$B, $A7, Antigua!$D:$D, "Out Ports") + SUMIFS(Barbados!$L:$L, Barbados!$B:$B, $A7, Barbados!$D:$D, "Out Ports") + SUMIFS(Bermuda!$L:$L, Bermuda!$B:$B, $A7, Bermuda!$D:$D, "Out Ports") + SUMIFS(Jamaica!$L:$L, Jamaica!$B:$B, $A7, Jamaica!$D:$D, "Out Ports") + SUMIFS(Mountserat!$L:$L, Mountserat!$B:$B, $A7, Mountserat!$D:$D, "Out Ports") + SUMIFS(Nevis!$L:$L, Nevis!$B:$B, $A7, Nevis!$D:$D, "Out Ports") + SUMIFS('St Kitts'!$L:$L, 'St Kitts'!$B:$B, $A7, 'St Kitts'!$D:$D, "Out Ports") + SUMIFS(General!$L:$L, General!$B:$B, $A7, General!$D:$D, "Out Ports") -> 0.54285714 | D7: =ROUND((B7+C7),2) -> 4.35
A8: Cotton | B8: =SUMIFS(Antigua!$L:$L, Antigua!$B:$B, $A8, Antigua!$D:$D, "London") + SUMIFS(Barbados!$L:$L, Barbados!$B:$B, $A8, Barbados!$D:$D, "London") + SUMIFS(Bermuda!$L:$L, Bermuda!$B:$B, $A8, Bermuda!$D:$D, "London") + SUMIFS(Jamaica!$L:$L, Jamaica!$B:$B, $A8, Jamaica!$D:$D, "London") + SUMIFS(Mountserat!$L:$L, Mountserat!$B:$B, $A8, Mountserat!$D:$D, "London") + SUMIFS(Nevis!$L:$L, Nevis!$B:$B, $A8, Nevis!$D:$D, "London") + SUMIFS('St Kitts'!$L:$L, 'St Kitts'!$B:$B, $A8, 'St Kitts'!$D:$D, "London")+ SUMIFS(General!$L:$L, General!$B:$B, $A8, General!$D:$D, "London") -> 273.64286 | C8: =SUMIFS(Antigua!$L:$L, Antigua!$B:$B, $A8, Antigua!$D:$D, "Out Ports") + SUMIFS(Barbados!$L:$L, Barbados!$B:$B, $A8, Barbados!$D:$D, "Out Ports") + SUMIFS(Bermuda!$L:$L, Bermuda!$B:$B, $A8, Bermuda!$D:$D, "Out Ports") + SUMIFS(Jamaica!$L:$L, Jamaica!$B:$B, $A8, Jamaica!$D:$D, "Out Ports") + SUMIFS(Mountserat!$L:$L, Mountserat!$B:$B, $A8, Mountserat!$D:$D, "Out Ports") + SUMIFS(Nevis!$L:$L, Nevis!$B:$B, $A8, Nevis!$D:$D, "Out Ports") + SUMIFS('St Kitts'!$L:$L, 'St Kitts'!$B:$B, $A8, 'St Kitts'!$D:$D, "Out Ports") + SUMIFS(General!$L:$L, General!$B:$B, $A8, General!$D:$D, "Out Ports") -> 301.96071 | D8: =ROUND((B8+C8),2) -> 575.6
A9: Dry Ginger | B9: =SUMIFS(Antigua!$L:$L, Antigua!$B:$B, $A9, Antigua!$D:$D, "London") + SUMIFS(Barbados!$L:$L, Barbados!$B:$B, $A9, Barbados!$D:$D, "London") + SUMIFS(Bermuda!$L:$L, Bermuda!$B:$B, $A9, Bermuda!$D:$D, "London") + SUMIFS(Jamaica!$L:$L, Jamaica!$B:$B, $A9, Jamaica!$D:$D, "London") + SUMIFS(Mountserat!$L:$L, Mountserat!$B:$B, $A9, Mountserat!$D:$D, "London") + SUMIFS(Nevis!$L:$L, Nevis!$B:$B, $A9, Nevis!$D:$D, "London") + SUMIFS('St Kitts'!$L:$L, 'St Kitts'!$B:$B, $A9, 'St Kitts'!$D:$D, "London")+ SUMIFS(General!$L:$L, General!$B:$B, $A9, General!$D:$D, "London") -> 861.73482 | C9: =SUMIFS(Antigua!$L:$L, Antigua!$B:$B, $A9, Antigua!$D:$D, "Out Ports") + SUMIFS(Barbados!$L:$L, Barbados!$B:$B, $A9, Barbados!$D:$D, "Out Ports") + SUMIFS(Bermuda!$L:$L, Bermuda!$B:$B, $A9, Bermuda!$D:$D, "Out Ports") + SUMIFS(Jamaica!$L:$L, Jamaica!$B:$B, $A9, Jamaica!$D:$D, "Out Ports") + SUMIFS(Mountserat!$L:$L, Mountserat!$B:$B, $A9, Mountserat!$D:$D, "Out Ports") + SUMIFS(Nevis!$L:$L, Nevis!$B:$B, $A9, Nevis!$D:$D, "Out Ports") + SUMIFS('St Kitts'!$L:$L, 'St Kitts'!$B:$B, $A9, 'St Kitts'!$D:$D, "Out Ports") + SUMIFS(General!$L:$L, General!$B:$B, $A9, General!$D:$D, "Out Ports") -> 436.4317 | D9: =ROUND((B9+C9),2) -> 1298.17
A10: Elephant Teeth | B10: =SUMIFS(Antigua!$L:$L, Antigua!$B:$B, $A10, Antigua!$D:$D, "London") + SUMIFS(Barbados!$L:$L, Barbados!$B:$B, $A10, Barbados!$D:$D, "London") + SUMIFS(Bermuda!$L:$L, Bermuda!$B:$B, $A10, Bermuda!$D:$D, "London") + SUMIFS(Jamaica!$L:$L, Jamaica!$B:$B, $A10, Jamaica!$D:$D, "London") + SUMIFS(Mountserat!$L:$L, Mountserat!$B:$B, $A10, Mountserat!$D:$D, "London") + SUMIFS(Nevis!$L:$L, Nevis!$B:$B, $A10, Nevis!$D:$D, "London") + SUMIFS('St Kitts'!$L:$L, 'St Kitts'!$B:$B, $A10, 'St Kitts'!$D:$D, "London")+ SUMIFS(General!$L:$L, General!$B:$B, $A10, General!$D:$D, "London") -> 22.16875 | C10: =SUMIFS(Antigua!$L:$L, Antigua!$B:$B, $A10, Antigua!$D:$D, "Out Ports") + SUMIFS(Barbados!$L:$L, Barbados!$B:$B, $A10, Barbados!$D:$D, "Out Ports") + SUMIFS(Bermuda!$L:$L, Bermuda!$B:$B, $A10, Bermuda!$D:$D, "Out Ports") + SUMIFS(Jamaica!$L:$L, Jamaica!$B:$B, $A10, Jamaica!$D:$D, "Out Ports") + SUMIFS(Mountserat!$L:$L, Mountserat!$B:$B, $A10, Mountserat!$D:$D, "Out Ports") + SUMIFS(Nevis!$L:$L, Nevis!$B:$B, $A10, Nevis!$D:$D, "Out Ports") + SUMIFS('St Kitts'!$L:$L, 'St Kitts'!$B:$B, $A10, 'St Kitts'!$D:$D, "Out Ports") + SUMIFS(General!$L:$L, General!$B:$B, $A10, General!$D:$D, "Out Ports") -> 16.225 | D10: =ROUND((B10+C10),2) -> 38.39
A11: Indigo | B11: =SUMIFS(Antigua!$L:$L, Antigua!$B:$B, $A11, Antigua!$D:$D, "London") + SUMIFS(Barbados!$L:$L, Barbados!$B:$B, $A11, Barbados!$D:$D, "London") + SUMIFS(Bermuda!$L:$L, Bermuda!$B:$B, $A11, Bermuda!$D:$D, "London") + SUMIFS(Jamaica!$L:$L, Jamaica!$B:$B, $A11, Jamaica!$D:$D, "London") + SUMIFS(Mountserat!$L:$L, Mountserat!$B:$B, $A11, Mountserat!$D:$D, "London") + SUMIFS(Nevis!$L:$L, Nevis!$B:$B, $A11, Nevis!$D:$D, "London") + SUMIFS('St Kitts'!$L:$L, 'St Kitts'!$B:$B, $A11, 'St Kitts'!$D:$D, "London")+ SUMIFS(General!$L:$L, General!$B:$B, $A11, General!$D:$D, "London") -> 125.08482 | C11: =SUMIFS(Antigua!$L:$L, Antigua!$B:$B, $A11, Antigua!$D:$D, "Out Ports") + SUMIFS(Barbados!$L:$L, Barbados!$B:$B, $A11, Barbados!$D:$D, "Out Ports") + SUMIFS(Bermuda!$L:$L, Bermuda!$B:$B, $A11, Bermuda!$D:$D, "Out Ports") + SUMIFS(Jamaica!$L:$L, Jamaica!$B:$B, $A11, Jamaica!$D:$D, "Out Ports") + SUMIFS(Mountserat!$L:$L, Mountserat!$B:$B, $A11, Mountserat!$D:$D, "Out Ports") + SUMIFS(Nevis!$L:$L, Nevis!$B:$B, $A11, Nevis!$D:$D, "Out Ports") + SUMIFS('St Kitts'!$L:$L, 'St Kitts'!$B:$B, $A11, 'St Kitts'!$D:$D, "Out Ports") + SUMIFS(General!$L:$L, General!$B:$B, $A11, General!$D:$D, "Out Ports") -> 60.832143 | D11: =ROUND((B11+C11),2) -> 185.92
A12: Lignum Vitae | B12: =SUMIFS(Antigua!$L:$L, Antigua!$B:$B, $A12, Antigua!$D:$D, "London") + SUMIFS(Barbados!$L:$L, Barbados!$B:$B, $A12, Barbados!$D:$D, "London") + SUMIFS(Bermuda!$L:$L, Bermuda!$B:$B, $A12, Bermuda!$D:$D, "London") + SUMIFS(Jamaica!$L:$L, Jamaica!$B:$B, $A12, Jamaica!$D:$D, "London") + SUMIFS(Mountserat!$L:$L, Mountserat!$B:$B, $A12, Mountserat!$D:$D, "London") + SUMIFS(Nevis!$L:$L, Nevis!$B:$B, $A12, Nevis!$D:$D, "London") + SUMIFS('St Kitts'!$L:$L, 'St Kitts'!$B:$B, $A12, 'St Kitts'!$D:$D, "London")+ SUMIFS(General!$L:$L, General!$B:$B, $A12, General!$D:$D, "London") -> 20.391071 | C12: =SUMIFS(Antigua!$L:$L, Antigua!$B:$B, $A12, Antigua!$D:$D, "Out Ports") + SUMIFS(Barbados!$L:$L, Barbados!$B:$B, $A12, Barbados!$D:$D, "Out Ports") + SUMIFS(Bermuda!$L:$L, Bermuda!$B:$B, $A12, Bermuda!$D:$D, "Out Ports") + SUMIFS(Jamaica!$L:$L, Jamaica!$B:$B, $A12, Jamaica!$D:$D, "Out Ports") + SUMIFS(Mountserat!$L:$L, Mountserat!$B:$B, $A12, Mountserat!$D:$D, "Out Ports") + SUMIFS(Nevis!$L:$L, Nevis!$B:$B, $A12, Nevis!$D:$D, "Out Ports") + SUMIFS('St Kitts'!$L:$L, 'St Kitts'!$B:$B, $A12, 'St Kitts'!$D:$D, "Out Ports") + SUMIFS(General!$L:$L, General!$B:$B, $A12, General!$D:$D, "Out Ports") -> 13.264732 | D12: =ROUND((B12+C12),2) -> 33.66
A13: Lime Juice | B13: =SUMIFS(Antigua!$L:$L, Antigua!$B:$B, $A13, Antigua!$D:$D, "London") + SUMIFS(Barbados!$L:$L, Barbados!$B:$B, $A13, Barbados!$D:$D, "London") + SUMIFS(Bermuda!$L:$L, Bermuda!$B:$B, $A13, Bermuda!$D:$D, "London") + SUMIFS(Jamaica!$L:$L, Jamaica!$B:$B, $A13, Jamaica!$D:$D, "London") + SUMIFS(Mountserat!$L:$L, Mountserat!$B:$B, $A13, Mountserat!$D:$D, "London") + SUMIFS(Nevis!$L:$L, Nevis!$B:$B, $A13, Nevis!$D:$D, "London") + SUMIFS('St Kitts'!$L:$L, 'St Kitts'!$B:$B, $A13, 'St Kitts'!$D:$D, "London")+ SUMIFS(General!$L:$L, General!$B:$B, $A13, General!$D:$D, "London") -> 25.803571 | C13: =SUMIFS(Antigua!$L:$L, Antigua!$B:$B, $A13, Antigua!$D:$D, "Out Ports") + SUMIFS(Barbados!$L:$L, Barbados!$B:$B, $A13, Barbados!$D:$D, "Out Ports") + SUMIFS(Bermuda!$L:$L, Bermuda!$B:$B, $A13, Bermuda!$D:$D, "Out Ports") + SUMIFS(Jamaica!$L:$L, Jamaica!$B:$B, $A13, Jamaica!$D:$D, "Out Ports") + SUMIFS(Mountserat!$L:$L, Mountserat!$B:$B, $A13, Mountserat!$D:$D, "Out Ports") + SUMIFS(Nevis!$L:$L, Nevis!$B:$B, $A13, Nevis!$D:$D, "Out Ports") + SUMIFS('St Kitts'!$L:$L, 'St Kitts'!$B:$B, $A13, 'St Kitts'!$D:$D, "Out Ports") + SUMIFS(General!$L:$L, General!$B:$B, $A13, General!$D:$D, "Out Ports") -> 9.8388393 | D13: =ROUND((B13+C13),2) -> 35.64
... A32: Wood, Sweetwood | B32: =SUMIFS(Antigua!$L:$L, Antigua!$B:$B, $A32, Antigua!$D:$D, "London") + SUMIFS(Barbados!$L:$L, Barbados!$B:$B, $A32, Barbados!$D:$D, "London") + SUMIFS(Bermuda!$L:$L, Bermuda!$B:$B, $A32, Bermuda!$D:$D, "London") + SUMIFS(Jamaica!$L:$L, Jamaica!$B:$B, $A32, Jamaica!$D:$D, "London") + SUMIFS(Mountserat!$L:$L, Mountserat!$B:$B, $A32, Mountserat!$D:$D, "London") + SUMIFS(Nevis!$L:$L, Nevis!$B:$B, $A32, Nevis!$D:$D, "London") + SUMIFS('St Kitts'!$L:$L, 'St Kitts'!$B:$B, $A32, 'St Kitts'!$D:$D, "London")+ SUMIFS(General!$L:$L, General!$B:$B, $A32, General!$D:$D, "London") -> 2.55 | C32: =SUMIFS(Antigua!$L:$L, Antigua!$B:$B, $A32, Antigua!$D:$D, "Out Ports") + SUMIFS(Barbados!$L:$L, Barbados!$B:$B, $A32, Barbados!$D:$D, "Out Ports") + SUMIFS(Bermuda!$L:$L, Bermuda!$B:$B, $A32, Bermuda!$D:$D, "Out Ports") + SUMIFS(Jamaica!$L:$L, Jamaica!$B:$B, $A32, Jamaica!$D:$D, "Out Ports") + SUMIFS(Mountserat!$L:$L, Mountserat!$B:$B, $A32, Mountserat!$D:$D, "Out Ports") + SUMIFS(Nevis!$L:$L, Nevis!$B:$B, $A32, Nevis!$D:$D, "Out Ports") + SUMIFS('St Kitts'!$L:$L, 'St Kitts'!$B:$B, $A32, 'St Kitts'!$D:$D, "Out Ports") + SUMIFS(General!$L:$L, General!$B:$B, $A32, General!$D:$D, "Out Ports") -> 0 | D32: =ROUND((B32+C32),2) -> 2.55

Sheet Africa
A1: Items | B1: Import Location | C1: 1700 Ton | D1: 1700 hh | E1: 1700 quarter | F1: 1700 Stone/lb | G1: Total Pounds | I1: Total Tons

Sheet Canaries
A1: Items | B1: Import Location | C1: 1700 Ton | D1: 1700 hh | E1: 1700 quarter | F1: 1700 lb | G1: Total Pounds | I1: Total Tons

Sheet Antigua
A1: YEAR | B1: COMMODITY_NAME | C1: FROM_LOCATION | D1: TO_LOCATION | E1: ton | F1: hh | G1: quarter | H1: lb | J1: Total Pounds | L1: WEIGHT
A2: 1721 | B2: Annatto | C2: Antigua | D2: London | H2: 4000 | J2: =(E2*2240)+(F2*112)+(G2*28)+H2 -> 4000 | L2: =J2/2240 -> 1.7857143
A3: 1721 | B3: Brown Sugar | C3: Antigua | D3: London | F3: 28359 | G3: 2 | H3: 10 | J3: =(E3*2240)+(F3*112)+(G3*28)+H3 -> 3176274 | L3: =J3/2240 -> 1417.9795
A4: 1721 | B4: Chocolate | C4: Antigua | D4: London | J4: =(E4*2240)+(F4*112)+(G4*28)+H4 -> 0 | L4: =J4/2240 -> 0
A5: 1721 | B5: Cocoa Nuts | C5: Antigua | D5: London | F5: 7 | G5: 2 | H5: 24 | J5: =(E5*2240)+(F5*112)+(G5*28)+H5 -> 864 | L5: =J5/2240 -> 0.38571429
A6: 1721 | B6: Cotton | C6: Antigua | D6: London | H6: =895*200 -> 179000 | I6: 895bags | J6: =(E6*2240)+(F6*112)+(G6*28)+H6 -> 179000 | L6: =J6/2240 -> 79.910714
A7: 1721 | B7: Dry Ginger | C7: Antigua | D7: London | F7: 1219 | G7: 3 | H7: 17 | J7: =(E7*2240)+(F7*112)+(G7*28)+H7 -> 136629 | L7: =J7/2240 -> 60.995089
A8: 1721 | B8: Elephant Teeth | C8: Antigua | D8: London | F8: 26 | J8: =(E8*2240)+(F8*112)+(G8*28)+H8 -> 2912 | L8: =J8/2240 -> 1.3
A9: 1721 | B9: Green Ginger | C9: Antigua | D9: London | H9: 18 | J9: =(E9*2240)+(F9*112)+(G9*28)+H9 -> 18 | L9: =J9/2240 -> 0.0080357143
A10: 1721 | B10: Indigo | C10: Antigua | D10: London | H10: 349 | J10: =(E10*2240)+(F10*112)+(G10*28)+H10 -> 349 | L10: =J10/2240 -> 0.15580357
A11: 1721 | B11: Lemon Water | C11: Antigua | D11: London | J11: =(E11*2240)+(F11*112)+(G11*28)+H11 -> 0 | L11: =J11/2240 -> 0
A12: 1721 | B12: Lignum Vitae | C12: Antigua | D12: London | E12: 2 | F12: 15 | G12: 3 | J12: =(E12*2240)+(F12*112)+(G12*28)+H12 -> 6244 | L12: =J12/2240 -> 2.7875
A13: 1721 | B13: Lime Juice | C13: Antigua | D13: London | J13: =(E13*2240)+(F13*112)+(G13*28)+H13 -> 0 | L13: =J13/2240 -> 0
A14: 1721 | B14: Madera Wine | C14: Antigua | D14: London | H14: 5743 | I14: 2t 1h 2g | J14: =(E14*2240)+(F14*112)+(G14*28)+H14 -> 5743 | L14: =J14/2240 -> 2.5638393
A15: 1721 | B15: Molasses | C15: Antigua | D15: London | J15: =(E15*2240)+(F15*112)+(G15*28)+H15 -> 0 | L15: =J15/2240 -> 0
A16: 1721 | B16: Pickles | C16: Antigua | D16: London | F16: 5 | G16: 2 | H16: 6 | J16: =(E16*2240)+(F16*112)+(G16*28)+H16 -> 622 | L16: =J16/2240 -> 0.27767857
A17: 1721 | B17: Rum | C17: Antigua | D17: London | H17: 40976 | I17: 4060g | J17: =(E17*2240)+(F17*112)+(G17*28)+H17 -> 40976 | L17: =J17/2240 -> 18.292857
A18: 1721 | B18: Shruff | C18: Antigua | D18: London | F18: 22 | H18: 21 | J18: =(E18*2240)+(F18*112)+(G18*28)+H18 -> 2485 | L18: =J18/2240 -> 1.109375
A19: 1721 | B19: Succads | C19: Antigua | D19: London | H19: 437 | J19: =(E19*2240)+(F19*112)+(G19*28)+H19 -> 437 | L19: =J19/2240 -> 0.19508929
A20: 1721 | B20: Tobacco | C20: Antigua | D20: London | J20: =(E20*2240)+(F20*112)+(G20*28)+H20 -> 0 | L20: =J20/2240 -> 0
A21: 1721 | B21: Tortoise Shell | C21: Antigua | D21: London | J21: =(E21*2240)+(F21*112)+(G21*28)+H21 -> 0 | L21: =J21/2240 -> 0
A22: 1721 | B22: White Sugar | C22: Antigua | D22: London | J22: =(E22*2240)+(F22*112)+(G22*28)+H22 -> 0 | L22: =J22/2240 -> 0
A23: 1721 | B23: Brown Sugar | C23: Antigua | D23: Out Ports | F23: 14590 | G23: 1 | H23: 17 | J23: =(E23*2240)+(F23*112)+(G23*28)+H23 -> 1634125 | L23: =J23/2240 -> 729.52009
A24: 1721 | B24: Cocoa | C24: Antigua | D24: Out Ports | J24: =(E24*2240)+(F24*112)+(G24*28)+H24 -> 0 | L24: =J24/2240 -> 0
A25: 1721 | B25: Cocoa Nuts | C25: Antigua | D25: Out Ports | J25: =(E25*2240)+(F25*112)+(G25*28)+H25 -> 0 | L25: =J25/2240 -> 0
A26: 1721 | B26: Cotton | C26: Antigua | D26: Out Ports | H26: 131128 | J26: =(E26*2240)+(F26*112)+(G26*28)+H26 -> 131128 | L26: =J26/2240 -> 58.539286
A27: 1721 | B27: Dry Ginger | C27: Antigua | D27: Out Ports | F27: 837 | G27: 3 | H27: 18 | J27: =(E27*2240)+(F27*112)+(G27*28)+H27 -> 93846 | L27: =J27/2240 -> 41.895536
A28: 1721 | B28: Fustic | C28: Antigua | D28: Out Ports | J28: =(E28*2240)+(F28*112)+(G28*28)+H28 -> 0 | L28: =J28/2240 -> 0
A29: 1721 | B29: Indigo | C29: Antigua | D29: Out Ports | H29: 1497 | J29: =(E29*2240)+(F29*112)+(G29*28)+H29 -> 1497 | L29: =J29/2240 -> 0.66830357
A30: 1721 | B30: Lignum Vitae | C30: Antigua | D30: Out Ports | F30: 144 | H30: 8 | J30: =(E30*2240)+(F30*112)+(G30*28)+H30 -> 16136 | L30: =J30/2240 -> 7.2035714
A31: 1721 | B31: Lime Juice | C31: Antigua | D31: Out Ports | H31: 1352 | I31: 130g | J31: =(E31*2240)+(F31*112)+(G31*28)+H31 -> 1352 | L31: =J31/2240 -> 0.60357143
A32: 1721 | B32: Madera Wine | C32: Antigua | D32: Out Ports | H32: 104 | I32: 10g | J32: =(E32*2240)+(F32*112)+(G32*28)+H32 -> 104 | L32: =J32/2240 -> 0.046428571
A33: 1721 | B33: Molasses | C33: Antigua | D33: Out Ports | J33: =(E33*2240)+(F33*112)+(G33*28)+H33 -> 0 | L33: =J33/2240 -> 0
A34: 1721 | B34: Rice | C34: Antigua | D34: Out Ports | J34: =(E34*2240)+(F34*112)+(G34*28)+H34 -> 0 | L34: =J34/2240 -> 0
A35: 1721 | B35: Rum | C35: Antigua | D35: Out Ports | H35: 2320 | I35: 223g | J35: =(E35*2240)+(F35*112)+(G35*28)+H35 -> 2320 | L35: =J35/2240 -> 1.0357143
A36: 1721 | B36: Shruff | C36: Antigua | D36: Out Ports | F36: 10 | G36: 3 | H36: 4 | J36: =(E36*2240)+(F36*112)+(G36*28)+H36 -> 1208 | L36: =J36/2240 -> 0.53928571
A37: 1721 | B37: Succads | C37: Antigua | D37: Out Ports | H37: 60 | J37: =(E37*2240)+(F37*112)+(G37*28)+H37 -> 60 | L37: =J37/2240 -> 0.026785714
A38: 1721 | B38: Tobacco | C38: Antigua | D38: Out Ports | H38: 1120 | J38: =(E38*2240)+(F38*112)+(G38*28)+H38 -> 1120 | L38: =J38/2240 -> 0.5
A39: 1721 | B39: Tortoise Shell | C39: Antigua | D39: Out Ports | H39: 15 | J39: =(E39*2240)+(F39*112)+(G39*28)+H39 -> 15 | L39: =J39/2240 -> 0.0066964286
A40: 1721 | B40: White Sugar | C40: Antigua | D40: Out Ports | J40: =(E40*2240)+(F40*112)+(G40*28)+H40 -> 0 | L40: =J40/2240 -> 0

Sheet Barbados
A1: YEAR | B1: COMMODITY_NAME | C1: FROM_LOCATION | D1: TO_LOCATION | E1: ton | F1: hh | G1: quarter | H1: lb | J1: Total Pounds | L1: WEIGHT
A2: 1721 | B2: Almonds, Bitter | C2: Barbados | D2: London | F2: 113 | J2: =(E2*2240)+(F2*112)+(G2*28)+H2 -> 12656 | L2: =J2/2240 -> 5.65
A3: 1721 | B3: Almonds, Sweet | C3: Barbados | D3: London | F3: 140 | J3: =(E3*2240)+(F3*112)+(G3*28)+H3 -> 15680 | L3: =J3/2240 -> 7
A4: 1721 | B4: Aloes Epatica | C4: Barbados | D4: London | H4: 21382 | J4: =(E4*2240)+(F4*112)+(G4*28)+H4 -> 21382 | L4: =J4/2240 -> 9.5455357
A5: 1721 | B5: Annatto | C5: Barbados | D5: London | H5: 1367 | J5: =(E5*2240)+(F5*112)+(G5*28)+H5 -> 1367 | L5: =J5/2240 -> 0.61026786
A6: 1721 | B6: Anniseeds | C6: Barbados | D6: London | F6: 25 | J6: =(E6*2240)+(F6*112)+(G6*28)+H6 -> 2800 | L6: =J6/2240 -> 1.25
A7: 1721 | B7: Barrel Staves | C7: Barbados | D7: London | J7: =(E7*2240)+(F7*112)+(G7*28)+H7 -> 0 | L7: =J7/2240 -> 0
A8: 1721 | B8: Bees Wax | C8: Barbados | D8: London | F8: 13 | G8: 2 | H8: 20 | J8: =(E8*2240)+(F8*112)+(G8*28)+H8 -> 1532 | L8: =J8/2240 -> 0.68392857
A9: 1721 | B9: Brimstone | C9: Barbados | D9: London | F9: 4 | G9: 1 | H9: 21 | J9: =(E9*2240)+(F9*112)+(G9*28)+H9 -> 497 | L9: =J9/2240 -> 0.221875
A10: 1721 | B10: Brown Sugar | C10: Barbados | D10: London | F10: 60168 | H10: 3 | J10: =(E10*2240)+(F10*112)+(G10*28)+H10 -> 6738819 | L10: =J10/2240 -> 3008.4013
A11: 1721 | B11: Cassia Fistula | C11: Barbados | D11: London | H11: 6260 | J11: =(E11*2240)+(F11*112)+(G11*28)+H11 -> 6260 | L11: =J11/2240 -> 2.7946429
A12: 1721 | B12: Chocolate Paste | C12: Barbados | D12: London | J12: =(E12*2240)+(F12*112)+(G12*28)+H12 -> 0 | L12: =J12/2240 -> 0
A13: 1721 | B13: Cocheneal | C13: Barbados | D13: London | J13: =(E13*2240)+(F13*112)+(G13*28)+H13 -> 0 | L13: =J13/2240 -> 0
A14: 1721 | B14: Cocoa Nuts | C14: Barbados | D14: London | F14: 39 | G14: 3 | H14: 23 | J14: =(E14*2240)+(F14*112)+(G14*28)+H14 -> 4475 | L14: =J14/2240 -> 1.9977679
A15: 1721 | B15: Cocoa Paste | C15: Barbados | D15: London | J15: =(E15*2240)+(F15*112)+(G15*28)+H15 -> 0 | L15: =J15/2240 -> 0
A16: 1721 | B16: Cotton | C16: Barbados | D16: London | H16: =376*200 -> 75200 | I16: 376bags | J16: =(E16*2240)+(F16*112)+(G16*28)+H16 -> 75200 | L16: =J16/2240 -> 33.571429
A17: 1721 | B17: Dry Ginger | C17: Barbados | D17: London | F17: 2948 | G17: 3 | H17: 133 | J17: =(E17*2240)+(F17*112)+(G17*28)+H17 -> 330393 | L17: =J17/2240 -> 147.49687
A18: 1721 | B18: Elephant Teeth | C18: Barbados | D18: London | F18: 236 | H18: 22 | J18: =(E18*2240)+(F18*112)+(G18*28)+H18 -> 26454 | L18: =J18/2240 -> 11.809821
A19: 1721 | B19: Green Ginger | C19: Barbados | D19: London | J19: =(E19*2240)+(F19*112)+(G19*28)+H19 -> 0 | L19: =J19/2240 -> 0
A20: 1721 | B20: Hemp | C20: Barbados | D20: London | J20: =(E20*2240)+(F20*112)+(G20*28)+H20 -> 0 | L20: =J20/2240 -> 0
A21: 1721 | B21: Indigo | C21: Barbados | D21: London | H21: 25454 | J21: =(E21*2240)+(F21*112)+(G21*28)+H21 -> 25454 | L21: =J21/2240 -> 11.363393
A22: 1721 | B22: Lemon Water | C22: Barbados | D22: London | J22: =(E22*2240)+(F22*112)+(G22*28)+H22 -> 0 | L22: =J22/2240 -> 0
A23: 1721 | B23: Lignum Vitae | C23: Barbados | D23: London | J23: =(E23*2240)+(F23*112)+(G23*28)+H23 -> 0 | L23: =J23/2240 -> 0
A24: 1721 | B24: Lime Juice | C24: Barbados | D24: London | H24: 3745 | I24: 360g | J24: =(E24*2240)+(F24*112)+(G24*28)+H24 -> 3745 | L24: =J24/2240 -> 1.671875
A25: 1721 | B25: Loaf Sugar | C25: Barbados | D25: London | J25: =(E25*2240)+(F25*112)+(G25*28)+H25 -> 0 | L25: =J25/2240 -> 0
A26: 1721 | B26: Madera Wine | C26: Barbados | D26: London | H26: 49415 | I26: 18t 3h 25g | J26: =(E26*2240)+(F26*112)+(G26*28)+H26 -> 49415 | L26: =J26/2240 -> 22.060268
A27: 1721 | B27: Molasses | C27: Barbados | D27: London | J27: =(E27*2240)+(F27*112)+(G27*28)+H27 -> 0 | L27: =J27/2240 -> 0
A28: 1721 | B28: Oranges | C28: Barbados | D28: London | J28: =(E28*2240)+(F28*112)+(G28*28)+H28 -> 0 | L28: =J28/2240 -> 0
A29: 1721 | B29: Pickles | C29: Barbados | D29: London | H29: 22 | J29: =(E29*2240)+(F29*112)+(G29*28)+H29 -> 22 | L29: =J29/2240 -> 0.0098214286
A30: 1721 | B30: Pimento | C30: Barbados | D30: London | J30: =(E30*2240)+(F30*112)+(G30*28)+H30 -> 0 | L30: =J30/2240 -> 0
A31: 1721 | B31: Rice | C31: Barbados | D31: London | F31: 3 | J31: =(E31*2240)+(F31*112)+(G31*28)+H31 -> 336 | L31: =J31/2240 -> 0.15
A32: 1721 | B32: Rum | C32: Barbados | D32: London | H32: 106040 | I32: 10193g | J32: =(E32*2240)+(F32*112)+(G32*28)+H32 -> 106040 | L32: =J32/2240 -> 47.339286
A33: 1721 | B33: Shruff | C33: Barbados | D33: London | F33: 123 | G33: 3 | H33: 17 | J33: =(E33*2240)+(F33*112)+(G33*28)+H33 -> 13877 | L33: =J33/2240 -> 6.1950893
A34: 1721 | B34: Snuff | C34: Barbados | D34: London | H34: 65 | J34: =(E34*2240)+(F34*112)+(G34*28)+H34 -> 65 | L34: =J34/2240 -> 0.029017857
A35: 1721 | B35: Succads | C35: Barbados | D35: London | H35: 1176 | J35: =(E35*2240)+(F35*112)+(G35*28)+H35 -> 1176 | L35: =J35/2240 -> 0.525
A36: 1721 | B36: Tobacco | C36: Barbados | D36: London | J36: =(E36*2240)+(F36*112)+(G36*28)+H36 -> 0 | L36: =J36/2240 -> 0
A37: 1721 | B37: Tortoise Shell | C37: Barbados | D37: London | H37: 337 | J37: =(E37*2240)+(F37*112)+(G37*28)+H37 -> 337 | L37: =J37/2240 -> 0.15044643
A38: 1721 | B38: White Sugar | C38: Barbados | D38: London | G38: 1 | H38: 7 | J38: =(E38*2240)+(F38*112)+(G38*28)+H38 -> 35 | L38: =J38/2240 -> 0.015625
A39: 1721 | B39: Wood, Braziletto | C39: Barbados | D39: London | E39: 5 | F39: 19 | J39: =(E39*2240)+(F39*112)+(G39*28)+H39 -> 13328 | L39: =J39/2240 -> 5.95
A40: 1721 | B40: Wood, Fustick | C40: Barbados | D40: London | E40: 73 | G40: 1 | J40: =(E40*2240)+(F40*112)+(G40*28)+H40 -> 163548 | L40: =J40/2240 -> 73.0125
A41: 1721 | B41: Wood, Logwood | C41: Barbados | D41: London | E41: 40 | F41: 8 | G41: 1 | H41: 14 | J41: =(E41*2240)+(F41*112)+(G41*28)+H41 -> 90538 | L41: =J41/2240 -> 40.41875
A42: 1721 | B42: Wood, Redwood | C42: Barbados | D42: London | E42: 5 | F42: 6 | G42: 1 | H42: 19 | J42: =(E42*2240)+(F42*112)+(G42*28)+H42 -> 11919 | L42: =J42/2240 -> 5.3209821
A43: 1721 | B43: Wood, Sweetwood | C43: Barbados | D43: London | E43: 2 | F43: 11 | J43: =(E43*2240)+(F43*112)+(G43*28)+H43 -> 5712 | L43: =J43/2240 -> 2.55
A44: 1721 | B44: Aloes Epatica | C44: Barbados | D44: Out Ports | H44: 1079 | J44: =(E44*2240)+(F44*112)+(G44*28)+H44 -> 1079 | L44: =J44/2240 -> 0.48169643
A45: 1721 | B45: Brown Sugar | C45: Barbados | D45: Out Ports | F45: 13497 | G45: 3 | H45: 6 | J45: =(E45*2240)+(F45*112)+(G45*28)+H45 -> 1511754 | L45: =J45/2240 -> 674.89018
A46: 1721 | B46: Chocolate | C46: Barbados | D46: Out Ports | J46: =(E46*2240)+(F46*112)+(G46*28)+H46 -> 0 | L46: =J46/2240 -> 0
A47: 1721 | B47: Cocoa Nuts | C47: Barbados | D47: Out Ports | G47: 2 | H47: 21 | J47: =(E47*2240)+(F47*112)+(G47*28)+H47 -> 77 | L47: =J47/2240 -> 0.034375
A48: 1721 | B48: Cotton | C48: Barbados | D48: Out Ports | H48: 95340 | J48: =(E48*2240)+(F48*112)+(G48*28)+H48 -> 95340 | L48: =J48/2240 -> 42.5625
A49: 1721 | B49: Dry Ginger | C49: Barbados | D49: Out Ports | F49: 694 | G49: 1 | H49: 21 | J49: =(E49*2240)+(F49*112)+(G49*28)+H49 -> 77777 | L49: =J49/2240 -> 34.721875
A50: 1721 | B50: Elephant Teeth | C50: Barbados | D50: Out Ports | F50: 141 | G50: 2 | J50: =(E50*2240)+(F50*112)+(G50*28)+H50 -> 15848 | L50: =J50/2240 -> 7.075
A51: 1721 | B51: Indigo | C51: Barbados | D51: Out Ports | H51: 7010 | J51: =(E51*2240)+(F51*112)+(G51*28)+H51 -> 7010 | L51: =J51/2240 -> 3.1294643
A52: 1721 | B52: Lignum Vitae | C52: Barbados | D52: Out Ports | F52: 19 | G52: 1 | H52: 2 | J52: =(E52*2240)+(F52*112)+(G52*28)+H52 -> 2158 | L52: =J52/2240 -> 0.96339286
A53: 1721 | B53: Lime Juice | C53: Barbados | D53: Out Ports | J53: =(E53*2240)+(F53*112)+(G53*28)+H53 -> 0 | L53: =J53/2240 -> 0
A54: 1721 | B54: Madera Wine | C54: Barbados | D54: Out Ports | H54: 2424 | I54: 3h 44g | J54: =(E54*2240)+(F54*112)+(G54*28)+H54 -> 2424 | L54: =J54/2240 -> 1.0821429
A55: 1721 | B55: Molasses | C55: Barbados | D55: Out Ports | J55: =(E55*2240)+(F55*112)+(G55*28)+H55 -> 0 | L55: =J55/2240 -> 0
A56: 1721 | B56: Rice | C56: Barbados | D56: Out Ports | F56: 27 | J56: =(E56*2240)+(F56*112)+(G56*28)+H56 -> 3024 | L56: =J56/2240 -> 1.35
A57: 1721 | B57: Rum | C57: Barbados | D57: Out Ports | H57: 16999 | I57: 1634g | J57: =(E57*2240)+(F57*112)+(G57*28)+H57 -> 16999 | L57: =J57/2240 -> 7.5888393
A58: 1721 | B58: Shruff | C58: Barbados | D58: Out Ports | F58: 27 | G58: 2 | H58: 9 | J58: =(E58*2240)+(F58*112)+(G58*28)+H58 -> 3089 | L58: =J58/2240 -> 1.3790179
A59: 1721 | B59: Succads | C59: Barbados | D59: Out Ports | H59: 4 | J59: =(E59*2240)+(F59*112)+(G59*28)+H59 -> 4 | L59: =J59/2240 -> 0.0017857143
A60: 1721 | B60: Tortoise Shell | C60: Barbados | D60: Out Ports | J60: =(E60*2240)+(F60*112)+(G60*28)+H60 -> 0 | L60: =J60/2240 -> 0
A61: 1721 | B61: White Sugar | C61: Barbados | D61: Out Ports | F61: 70 | J61: =(E61*2240)+(F61*112)+(G61*28)+H61 -> 7840 | L61: =J61/2240 -> 3.5
A62: 1721 | B62: Wood, Fustick | C62: Barbados | D62: Out Ports | E62: 70 | F62: 17 | H62: 27 | J62: =(E62*2240)+(F62*112)+(G62*28)+H62 -> 158731 | L62: =J62/2240 -> 70.862054
A63: 1721 | B63: Wood, Logwood | C63: Barbados | D63: Out Ports | E63: 2 | F63: 2 | G63: 3 | H63: 24 | J63: =(E63*2240)+(F63*112)+(G63*28)+H63 -> 4812 | L63: =J63/2240 -> 2.1482143
A64: 1721 | B64: Wood, Redwood | C64: Barbados | D64: Out Ports | E64: 35 | F64: 2 | G64: 3 | H64: 26 | J64: =(E64*2240)+(F64*112)+(G64*28)+H64 -> 78734 | L64: =J64/2240 -> 35.149107

Sheet Bermuda
A1: YEAR | B1: COMMODITY_NAME | C1: FROM_LOCATION | D1: TO_LOCATION | E1: ton | F1: hh | G1: quarter | H1: lb | J1: Total Pounds | L1: WEIGHT
A2: 1721 | B2: Bermudos Plat | C2: Bermuda | D2: London | F2: 1651 | J2: =(E2*2240)+(F2*112)+(G2*28)+H2 -> 184912 | L2: =J2/2240 -> 82.55
A3: 1721 | B3: Cocoa Nuts | C3: Bermuda | D3: London | F3: 1 | G3: 1 | H3: 6 | J3: =(E3*2240)+(F3*112)+(G3*28)+H3 -> 146 | L3: =J3/2240 -> 0.065178571
A4: 1721 | B4: Cotton | C4: Bermuda | D4: London | H4: 60 | J4: =(E4*2240)+(F4*112)+(G4*28)+H4 -> 60 | L4: =J4/2240 -> 0.026785714
A5: 1721 | B5: Wood, Braziletto | C5: Bermuda | D5: London | E5: 5 | F5: 10 | G5: 1 | J5: =(E5*2240)+(F5*112)+(G5*28)+H5 -> 12348 | L5: =J5/2240 -> 5.5125
A6: 1721 | B6: Wood, Logwood | C6: Bermuda | D6: London | E6: 27 | F6: 19 | G6: 3 | J6: =(E6*2240)+(F6*112)+(G6*28)+H6 -> 62692 | L6: =J6/2240 -> 27.9875
A7: 1721 | B7: Indigo | C7: Bermuda | D7: Out Ports | J7: =(E7*2240)+(F7*112)+(G7*28)+H7 -> 0 | L7: =J7/2240 -> 0
A8: 1721 | B8: Logwood | C8: Bermuda | D8: Out Ports | J8: =(E8*2240)+(F8*112)+(G8*28)+H8 -> 0 | L8: =J8/2240 -> 0
A9: 1721 | B9: Shruff | C9: Bermuda | D9: Out Ports | J9: =(E9*2240)+(F9*112)+(G9*28)+H9 -> 0 | L9: =J9/2240 -> 0
A10: 1721 | B10: Succads | C10: Bermuda | D10: Out Ports | J10: =(E10*2240)+(F10*112)+(G10*28)+H10 -> 0 | L10: =J10/2240 -> 0
A11: 1721 | B11: Cotton | C11: Bermuda | D11: Out Ports | J11: =(E11*2240)+(F11*112)+(G11*28)+H11 -> 0 | L11: =J11/2240 -> 0
A12: 1721 | B12: Cocoa Nuts | C12: Bermuda | D12: Out Ports | J12: =(E12*2240)+(F12*112)+(G12*28)+H12 -> 0 | L12: =J12/2240 -> 0
A13: 1721 | B13: Wood, Braziletto | C13: Bermuda | D13: Out Ports | E13: 13 | F13: 9 | G13: 1 | H13: 25 | J13: =(E13*2240)+(F13*112)+(G13*28)+H13 -> 30181 | L13: =J13/2240 -> 13.473661
A14: 1721 | B14: Wood, Logwood | C14: Bermuda | D14: Out Ports | E14: 2 | F14: 18 | G14: 3 | H14: 15 | J14: =(E14*2240)+(F14*112)+(G14*28)+H14 -> 6595 | L14: =J14/2240 -> 2.9441964

Sheet Carolina
A1: YEAR | B1: COMMODITY_NAME | C1: FROM_LOCATION | D1: TO_LOCATION | E1: ton | F1: hh | G1: quarter | H1: lb | J1: Total Pounds | L1: WEIGHT
A2: 1721 | B2: Almonds, Bitter | C2: Carolina | D2: London | J2: =(E2*2240)+(F2*112)+(G2*28)+H2 -> 0 | L2: =J2/2240 -> 0
A3: 1721 | B3: Almonds, Sweet | C3: Carolina | D3: London | J3: =(E3*2240)+(F3*112)+(G3*28)+H3 -> 0 | L3: =J3/2240 -> 0
A4: 1721 | B4: Aloes Epatica | C4: Carolina | D4: London | J4: =(E4*2240)+(F4*112)+(G4*28)+H4 -> 0 | L4: =J4/2240 -> 0
A5: 1721 | B5: Annatto | C5: Carolina | D5: London | J5: =(E5*2240)+(F5*112)+(G5*28)+H5 -> 0 | L5: =J5/2240 -> 0
A6: 1721 | B6: Anniseeds | C6: Carolina | D6: London | J6: =(E6*2240)+(F6*112)+(G6*28)+H6 -> 0 | L6: =J6/2240 -> 0
A7: 1721 | B7: Barrel Staves | C7: Carolina | D7: London | J7: =(E7*2240)+(F7*112)+(G7*28)+H7 -> 0 | L7: =J7/2240 -> 0
A8: 1721 | B8: Bees Wax | C8: Carolina | D8: London | J8: =(E8*2240)+(F8*112)+(G8*28)+H8 -> 0 | L8: =J8/2240 -> 0
A9: 1721 | B9: Brimstone | C9: Carolina | D9: London | J9: =(E9*2240)+(F9*112)+(G9*28)+H9 -> 0 | L9: =J9/2240 -> 0
A10: 1721 | B10: Brown Sugar | C10: Carolina | D10: London | J10: =(E10*2240)+(F10*112)+(G10*28)+H10 -> 0 | L10: =J10/2240 -> 0
A11: 1721 | B11: Cassia Fistula | C11: Carolina | D11: London | J11: =(E11*2240)+(F11*112)+(G11*28)+H11 -> 0 | L11: =J11/2240 -> 0
A12: 1721 | B12: Chocolate Paste | C12: Carolina | D12: London | J12: =(E12*2240)+(F12*112)+(G12*28)+H12 -> 0 | L12: =J12/2240 -> 0
A13: 1721 | B13: Cocheneal | C13: Carolina | D13: London | J13: =(E13*2240)+(F13*112)+(G13*28)+H13 -> 0 | L13: =J13/2240 -> 0
... A17: 1721 | B17: Dry Ginger | C17: Carolina | D17: London | J17: =(E17*2240)+(F17*112)+(G17*28)+H17 -> 0 | L17: =J17/2240 -> 0
A18: 1721 | B18: Elephant Teeth | C18: Carolina | D18: London | F18: 10 | J18: =(E18*2240)+(F18*112)+(G18*28)+H18 -> 1120 | L18: =J18/2240 -> 0.5
A19: 1721 | B19: Green Ginger | C19: Carolina | D19: London | J19: =(E19*2240)+(F19*112)+(G19*28)+H19 -> 0 | L19: =J19/2240 -> 0
A20: 1721 | B20: Hemp | C20: Carolina | D20: London | J20: =(E20*2240)+(F20*112)+(G20*28)+H20 -> 0 | L20: =J20/2240 -> 0
A21: 1721 | B21: Indigo | C21: Carolina | D21: London | H21: 60 | J21: =(E21*2240)+(F21*112)+(G21*28)+H21 -> 60 | L21: =J21/2240 -> 0.026785714
A22: 1721 | B22: Lemon Water | C22: Carolina | D22: London | J22: =(E22*2240)+(F22*112)+(G22*28)+H22 -> 0 | L22: =J22/2240 -> 0
A23: 1721 | B23: Lignum Vitae | C23: Carolina | D23: London | J23: =(E23*2240)+(F23*112)+(G23*28)+H23 -> 0 | L23: =J23/2240 -> 0
A24: 1721 | B24: Lime Juice | C24: Carolina | D24: London | J24: =(E24*2240)+(F24*112)+(G24*28)+H24 -> 0 | L24: =J24/2240 -> 0
A25: 1721 | B25: Loaf Sugar | C25: Carolina | D25: London | J25: =(E25*2240)+(F25*112)+(G25*28)+H25 -> 0 | L25: =J25/2240 -> 0
A26: 1721 | B26: Madera Wine | C26: Carolina | D26: London | J26: =(E26*2240)+(F26*112)+(G26*28)+H26 -> 0 | L26: =J26/2240 -> 0
A27: 1721 | B27: Molasses | C27: Carolina | D27: London | J27: =(E27*2240)+(F27*112)+(G27*28)+H27 -> 0 | L27: =J27/2240 -> 0
A28: 1721 | B28: Oranges | C28: Carolina | D28: London | J28: =(E28*2240)+(F28*112)+(G28*28)+H28 -> 0 | L28: =J28/2240 -> 0
A29: 1721 | B29: Pickles | C29: Carolina | D29: London | J29: =(E29*2240)+(F29*112)+(G29*28)+H29 -> 0 | L29: =J29/2240 -> 0
A30: 1721 | B30: Pimento | C30: Carolina | D30: London | J30: =(E30*2240)+(F30*112)+(G30*28)+H30 -> 0 | L30: =J30/2240 -> 0
A31: 1721 | B31: Rice | C31: Carolina | D31: London | F31: 31441 | G31: 2 | H31: 20 | J31: =(E31*2240)+(F31*112)+(G31*28)+H31 -> 3521468 | L31: =J31/2240 -> 1572.0839
A32: 1721 | B32: Rum | C32: Carolina | D32: London | H32: 3454 | I32: 332g | J32: =(E32*2240)+(F32*112)+(G32*28)+H32 -> 3454 | L32: =J32/2240 -> 1.5419643
A33: 1721 | B33: Sassafras | C33: Carolina | D33: London | F33: 155 | G33: 1 | H33: 16 | J33: =(E33*2240)+(F33*112)+(G33*28)+H33 -> 17404 | L33: =J33/2240 -> 7.7696429
A34: 1721 | B34: Shruff | C34: Carolina | D34: London | J34: =(E34*2240)+(F34*112)+(G34*28)+H34 -> 0 | L34: =J34/2240 -> 0
A35: 1721 | B35: Snuff | C35: Carolina | D35: London | J35: =(E35*2240)+(F35*112)+(G35*28)+H35 -> 0 | L35: =J35/2240 -> 0
A36: 1721 | B36: Succads | C36: Carolina | D36: London | J36: =(E36*2240)+(F36*112)+(G36*28)+H36 -> 0 | L36: =J36/2240 -> 0
A37: 1721 | B37: Tobacco | C37: Carolina | D37: London | H37: 44597 | J37: =(E37*2240)+(F37*112)+(G37*28)+H37 -> 44597 | L37: =J37/2240 -> 19.909375
A38: 1721 | B38: Tortoise Shell | C38: Carolina | D38: London | J38: =(E38*2240)+(F38*112)+(G38*28)+H38 -> 0 | L38: =J38/2240 -> 0
A39: 1721 | B39: White Sugar | C39: Carolina | D39: London | J39: =(E39*2240)+(F39*112)+(G39*28)+H39 -> 0 | L39: =J39/2240 -> 0
A40: 1721 | B40: Wood, Braziletto | C40: Carolina | D40: London | E40: 10 | F40: 4 | G40: 3 | H40: 21 | J40: =(E40*2240)+(F40*112)+(G40*28)+H40 -> 22953 | L40: =J40/2240 -> 10.246875
A41: 1721 | B41: Wood, Fustick | C41: Carolina | D41: London | J41: =(E41*2240)+(F41*112)+(G41*28)+H41 -> 0 | L41: =J41/2240 -> 0
A42: 1721 | B42: Wood, Logwood | C42: Carolina | D42: London | J42: =(E42*2240)+(F42*112)+(G42*28)+H42 -> 0 | L42: =J42/2240 -> 0
A43: 1721 | B43: Wood, Redwood | C43: Carolina | D43: London | F43: 6 | J43: =(E43*2240)+(F43*112)+(G43*28)+H43 -> 672 | L43: =J43/2240 -> 0.3
A44: 1721 | B44: Wood, Sweetwood | C44: Carolina | D44: London | F44: 5 | J44: =(E44*2240)+(F44*112)+(G44*28)+H44 -> 560 | L44: =J44/2240 -> 0.25
A45: 1721 | B45: Brown Sugar | C45: Carolina | D45: Out Ports | F45: 59 | G45: 3 | H45: 7 | J45: =(E45*2240)+(F45*112)+(G45*28)+H45 -> 6699 | L45: =J45/2240 -> 2.990625
A46: 1721 | B46: Chocolate | C46: Carolina | D46: Out Ports | J46: =(E46*2240)+(F46*112)+(G46*28)+H46 -> 0 | L46: =J46/2240 -> 0
A47: 1721 | B47: Cocoa Nuts | C47: Carolina | D47: Out Ports | J47: =(E47*2240)+(F47*112)+(G47*28)+H47 -> 0 | L47: =J47/2240 -> 0
A48: 1721 | B48: Cotton | C48: Carolina | D48: Out Ports | H48: 5280 | J48: =(E48*2240)+(F48*112)+(G48*28)+H48 -> 5280 | L48: =J48/2240 -> 2.3571429
A49: 1721 | B49: Dry Ginger | C49: Carolina | D49: Out Ports | J49: =(E49*2240)+(F49*112)+(G49*28)+H49 -> 0 | L49: =J49/2240 -> 0
A50: 1721 | B50: Elephant Teeth | C50: Carolina | D50: Out Ports | F50: 6 | G50: 3 | H50: 24 | J50: =(E50*2240)+(F50*112)+(G50*28)+H50 -> 780 | L50: =J50/2240 -> 0.34821429
A51: 1721 | B51: Indigo | C51: Carolina | D51: Out Ports | H51: 28 | J51: =(E51*2240)+(F51*112)+(G51*28)+H51 -> 28 | L51: =J51/2240 -> 0.0125
A52: 1721 | B52: Lignum Vitae | C52: Carolina | D52: Out Ports | J52: =(E52*2240)+(F52*112)+(G52*28)+H52 -> 0 | L52: =J52/2240 -> 0
A53: 1721 | B53: Lime Juice | C53: Carolina | D53: Out Ports | H53: 3121 | I53: 300g | J53: =(E53*2240)+(F53*112)+(G53*28)+H53 -> 3121 | L53: =J53/2240 -> 1.3933036
A54: 1721 | B54: Madera Wine | C54: Carolina | D54: Out Ports | J54: =(E54*2240)+(F54*112)+(G54*28)+H54 -> 0 | L54: =J54/2240 -> 0
A55: 1721 | B55: Molasses | C55: Carolina | D55: Out Ports | J55: =(E55*2240)+(F55*112)+(G55*28)+H55 -> 0 | L55: =J55/2240 -> 0
A56: 1721 | B56: Rice | C56: Carolina | D56: Out Ports | F56: 23431 | G56: 2 | H56: 20 | J56: =(E56*2240)+(F56*112)+(G56*28)+H56 -> 2624348 | L56: =J56/2240 -> 1171.5839
A57: 1721 | B57: Rum | C57: Carolina | D57: Out Ports | H57: 4239 | I57: 420g | J57: =(E57*2240)+(F57*112)+(G57*28)+H57 -> 4239 | L57: =J57/2240 -> 1.8924107
A58: 1721 | B58: Sassafras | C58: Carolina | D58: Out Ports | F58: 375 | G58: 3 | H58: 24 | J58: =(E58*2240)+(F58*112)+(G58*28)+H58 -> 42108 | L58: =J58/2240 -> 18.798214
A59: 1721 | B59: Shruff | C59: Carolina | D59: Out Ports | J59: =(E59*2240)+(F59*112)+(G59*28)+H59 -> 0 | L59: =J59/2240 -> 0
A60: 1721 | B60: Succads | C60: Carolina | D60: Out Ports | J60: =(E60*2240)+(F60*112)+(G60*28)+H60 -> 0 | L60: =J60/2240 -> 0
A61: 1721 | B61: Tobacco | C61: Carolina | D61: Out Ports | H61: 2300 | J61: =(E61*2240)+(F61*112)+(G61*28)+H61 -> 2300 | L61: =J61/2240 -> 1.0267857
A62: 1721 | B62: Tortoise Shell | C62: Carolina | D62: Out Ports | J62: =(E62*2240)+(F62*112)+(G62*28)+H62 -> 0 | L62: =J62/2240 -> 0
A63: 1721 | B63: White Sugar | C63: Carolina | D63: Out Ports | H63: 67 | J63: =(E63*2240)+(F63*112)+(G63*28)+H63 -> 67 | L63: =J63/2240 -> 0.029910714
A64: 1721 | B64: Wood, Logwood | C64: Carolina | D64: Out Ports | F64: 10 | G64: 1 | H64: 7 | J64: =(E64*2240)+(F64*112)+(G64*28)+H64 -> 1155 | L64: =J64/2240 -> 0.515625
A65: 1721 | B65: Wood, Redwood | C65: Carolina | D65: Out Ports | E65: 2 | F65: 2 | G65: 3 | H65: 27 | J65: =(E65*2240)+(F65*112)+(G65*28)+H65 -> 4815 | L65: =J65/2240 -> 2.1495536

Sheet Jamaica
A1: YEAR | B1: COMMODITY_NAME | C1: FROM_LOCATION | D1: TO_LOCATION | E1: ton | F1: hh | G1: quarter | H1: lb | J1: Total Pounds | L1: WEIGHT
A2: 1721 | B2: Almonds, Bitter | C2: Jamaica | D2: London | J2: =(E2*2240)+(F2*112)+(G2*28)+H2 -> 0 | L2: =J2/2240 -> 0
A3: 1721 | B3: Almonds, Sweet | C3: Jamaica | D3: London | J3: =(E3*2240)+(F3*112)+(G3*28)+H3 -> 0 | L3: =J3/2240 -> 0
A4: 1721 | B4: Aloes Epatica | C4: Jamaica | D4: London | J4: =(E4*2240)+(F4*112)+(G4*28)+H4 -> 0 | L4: =J4/2240 -> 0
A5: 1721 | B5: Annatto | C5: Jamaica | D5: London | H5: 221 | J5: =(E5*2240)+(F5*112)+(G5*28)+H5 -> 221 | L5: =J5/2240 -> 0.098660714
A6: 1721 | B6: Anniseeds | C6: Jamaica | D6: London | J6: =(E6*2240)+(F6*112)+(G6*28)+H6 -> 0 | L6: =J6/2240 -> 0
A7: 1721 | B7: Bacon | C7: Jamaica | D7: London | F7: 3 | H7: 20 | J7: =(E7*2240)+(F7*112)+(G7*28)+H7 -> 356 | L7: =J7/2240 -> 0.15892857
A8: 1721 | B8: Barrel Staves | C8: Jamaica | D8: London | J8: =(E8*2240)+(F8*112)+(G8*28)+H8 -> 0 | L8: =J8/2240 -> 0
A9: 1721 | B9: Bees Wax | C9: Jamaica | D9: London | J9: =(E9*2240)+(F9*112)+(G9*28)+H9 -> 0 | L9: =J9/2240 -> 0
A10: 1721 | B10: Brimstone | C10: Jamaica | D10: London | J10: =(E10*2240)+(F10*112)+(G10*28)+H10 -> 0 | L10: =J10/2240 -> 0
A11: 1721 | B11: Brown Sugar | C11: Jamaica | D11: London | F11: 164048 | G11: 1 | H11: 12 | J11: =(E11*2240)+(F11*112)+(G11*28)+H11 -> 18373416 | L11: =J11/2240 -> 8202.4179
A12: 1721 | B12: Cassia Fistula | C12: Jamaica | D12: London | H12: 80 | J12: =(E12*2240)+(F12*112)+(G12*28)+H12 -> 80 | L12: =J12/2240 -> 0.035714286
A13: 1721 | B13: Chocolate Paste | C13: Jamaica | D13: London | J13: =(E13*2240)+(F13*112)+(G13*28)+H13 -> 0 | L13: =J13/2240 -> 0
A14: 1721 | B14: Cocheneal | C14: Jamaica | D14: London | H14: 296 | J14: =(E14*2240)+(F14*112)+(G14*28)+H14 -> 296 | L14: =J14/2240 -> 0.13214286
A15: 1721 | B15: Cocoa Nuts | C15: Jamaica | D15: London | F15: 27 | H15: 2 | J15: =(E15*2240)+(F15*112)+(G15*28)+H15 -> 3026 | L15: =J15/2240 -> 1.3508929
A16: 1721 | B16: Cocoa Paste | C16: Jamaica | D16: London | J16: =(E16*2240)+(F16*112)+(G16*28)+H16 -> 0 | L16: =J16/2240 -> 0
A17: 1721 | B17: Cortex Winteranus | C17: Jamaica | D17: London | H17: 455 | J17: =(E17*2240)+(F17*112)+(G17*28)+H17 -> 455 | L17: =J17/2240 -> 0.203125
A18: 1721 | B18: Cotton | C18: Jamaica | D18: London | H18: =1499.5*200 -> 299900 | I18: 1499.5 bags | J18: =(E18*2240)+(F18*112)+(G18*28)+H18 -> 299900 | L18: =J18/2240 -> 133.88393
A19: 1721 | B19: Dry Ginger | C19: Jamaica | D19: London | F19: 12839 | G19: 1 | H19: 5 | J19: =(E19*2240)+(F19*112)+(G19*28)+H19 -> 1438001 | L19: =J19/2240 -> 641.96473
A20: 1721 | B20: Elephant Teeth | C20: Jamaica | D20: London | F20: 167 | G20: 2 | H20: 2 | J20: =(E20*2240)+(F20*112)+(G20*28)+H20 -> 18762 | L20: =J20/2240 -> 8.3758929
A21: 1721 | B21: Green Ginger | C21: Jamaica | D21: London | J21: =(E21*2240)+(F21*112)+(G21*28)+H21 -> 0 | L21: =J21/2240 -> 0
A22: 1721 | B22: Hemp | C22: Jamaica | D22: London | J22: =(E22*2240)+(F22*112)+(G22*28)+H22 -> 0 | L22: =J22/2240 -> 0
A23: 1721 | B23: Indigo | C23: Jamaica | D23: London | H23: =110105+135238 -> 245343 | J23: =(E23*2240)+(F23*112)+(G23*28)+H23 -> 245343 | L23: =J23/2240 -> 109.52813
A24: 1721 | B24: Lemon Water | C24: Jamaica | D24: London | J24: =(E24*2240)+(F24*112)+(G24*28)+H24 -> 0 | L24: =J24/2240 -> 0
A25: 1721 | B25: Lignum Vitae | C25: Jamaica | D25: London | E25: 7 | F25: 18 | G25: 3 | J25: =(E25*2240)+(F25*112)+(G25*28)+H25 -> 17780 | L25: =J25/2240 -> 7.9375
A26: 1721 | B26: Lime Juice | C26: Jamaica | D26: London | H26: 54055 | I26: 5196g | J26: =(E26*2240)+(F26*112)+(G26*28)+H26 -> 54055 | L26: =J26/2240 -> 24.131696
A27: 1721 | B27: Loaf Sugar | C27: Jamaica | D27: London | J27: =(E27*2240)+(F27*112)+(G27*28)+H27 -> 0 | L27: =J27/2240 -> 0
A28: 1721 | B28: Madera Wine | C28: Jamaica | D28: London | H28: 17712 | I28: 6t 3h 54g | J28: =(E28*2240)+(F28*112)+(G28*28)+H28 -> 17712 | L28: =J28/2240 -> 7.9071429
A29: 1721 | B29: Molasses | C29: Jamaica | D29: London | J29: =(E29*2240)+(F29*112)+(G29*28)+H29 -> 0 | L29: =J29/2240 -> 0
A30: 1721 | B30: Oranges | C30: Jamaica | D30: London | J30: =(E30*2240)+(F30*112)+(G30*28)+H30 -> 0 | L30: =J30/2240 -> 0
A31: 1721 | B31: Pickles | C31: Jamaica | D31: London | J31: =(E31*2240)+(F31*112)+(G31*28)+H31 -> 0 | L31: =J31/2240 -> 0
A32: 1721 | B32: Pimento | C32: Jamaica | D32: London | H32: 187812 | J32: =(E32*2240)+(F32*112)+(G32*28)+H32 -> 187812 | L32: =J32/2240 -> 83.844643
A33: 1721 | B33: Rice | C33: Jamaica | D33: London | F33: 17 | J33: =(E33*2240)+(F33*112)+(G33*28)+H33 -> 1904 | L33: =J33/2240 -> 0.85
A34: 1721 | B34: Rum | C34: Jamaica | D34: London | H34: 299487 | I34: 29674g | J34: =(E34*2240)+(F34*112)+(G34*28)+H34 -> 299487 | L34: =J34/2240 -> 133.69955
A35: 1721 | B35: Sarsparila | C35: Jamaica | D35: London | H35: 1879 | J35: =(E35*2240)+(F35*112)+(G35*28)+H35 -> 1879 | L35: =J35/2240 -> 0.83883929
A36: 1721 | B36: Shruff | C36: Jamaica | D36: London | F36: 45 | H36: 9 | J36: =(E36*2240)+(F36*112)+(G36*28)+H36 -> 5049 | L36: =J36/2240 -> 2.2540179
A37: 1721 | B37: Snuff | C37: Jamaica | D37: London | H37: 6830 | J37: =(E37*2240)+(F37*112)+(G37*28)+H37 -> 6830 | L37: =J37/2240 -> 3.0491071
A38: 1721 | B38: Succads | C38: Jamaica | D38: London | H38: 684 | J38: =(E38*2240)+(F38*112)+(G38*28)+H38 -> 684 | L38: =J38/2240 -> 0.30535714
A39: 1721 | B39: Tobacco | C39: Jamaica | D39: London | J39: =(E39*2240)+(F39*112)+(G39*28)+H39 -> 0 | L39: =J39/2240 -> 0
A40: 1721 | B40: Tortoise Shell | C40: Jamaica | D40: London | H40: 3496 | J40: =(E40*2240)+(F40*112)+(G40*28)+H40 -> 3496 | L40: =J40/2240 -> 1.5607143
A41: 1721 | B41: White Sugar | C41: Jamaica | D41: London | J41: =(E41*2240)+(F41*112)+(G41*28)+H41 -> 0 | L41: =J41/2240 -> 0
A42: 1721 | B42: Wood, Braziletto | C42: Jamaica | D42: London | E42: 17 | F42: 9 | J42: =(E42*2240)+(F42*112)+(G42*28)+H42 -> 39088 | L42: =J42/2240 -> 17.45
A43: 1721 | B43: Wood, Fustick | C43: Jamaica | D43: London | E43: 132 | F43: 15 | H43: 10 | J43: =(E43*2240)+(F43*112)+(G43*28)+H43 -> 297370 | L43: =J43/2240 -> 132.75446
A44: 1721 | B44: Wood, Logwood | C44: Jamaica | D44: London | E44: 766 | F44: 15 | G44: 3 | H44: 6 | J44: =(E44*2240)+(F44*112)+(G44*28)+H44 -> 1717610 | L44: =J44/2240 -> 766.79018
A45: 1721 | B45: Wood, Nicaragua | C45: Jamaica | D45: London | E45: 12 | F45: 19 | G45: 1 | H45: 21 | J45: =(E45*2240)+(F45*112)+(G45*28)+H45 -> 29057 | L45: =J45/2240 -> 12.971875
A46: 1721 | B46: Wood, Redwood | C46: Jamaica | D46: London | E46: 33 | F46: 6 | G46: 2 | H46: 23 | J46: =(E46*2240)+(F46*112)+(G46*28)+H46 -> 74671 | L46: =J46/2240 -> 33.335268
A47: 1721 | B47: Wood, Sweetwood | C47: Jamaica | D47: London | J47: =(E47*2240)+(F47*112)+(G47*28)+H47 -> 0 | L47: =J47/2240 -> 0
A48: 1721 | B48: Annatto | C48: Jamaica | D48: Out Ports | H48: 166 | J48: =(E48*2240)+(F48*112)+(G48*28)+H48 -> 166 | L48: =J48/2240 -> 0.074107143
A49: 1721 | B49: Brown Sugar | C49: Jamaica | D49: Out Ports | F49: 81156 | G49: 2 | H49: 26 | J49: =(E49*2240)+(F49*112)+(G49*28)+H49 -> 9089554 | L49: =J49/2240 -> 4057.8366
A50: 1721 | B50: Cassia Fistula | C50: Jamaica | D50: Out Ports | H50: 98 | J50: =(E50*2240)+(F50*112)+(G50*28)+H50 -> 98 | L50: =J50/2240 -> 0.04375
A51: 1721 | B51: Chocolate | C51: Jamaica | D51: Out Ports | J51: =(E51*2240)+(F51*112)+(G51*28)+H51 -> 0 | L51: =J51/2240 -> 0
A52: 1721 | B52: Cocoa Nuts | C52: Jamaica | D52: Out Ports | F52: 6 | H52: 19 | J52: =(E52*2240)+(F52*112)+(G52*28)+H52 -> 691 | L52: =J52/2240 -> 0.30848214
A53: 1721 | B53: Cotton | C53: Jamaica | D53: Out Ports | H53: 302945 | J53: =(E53*2240)+(F53*112)+(G53*28)+H53 -> 302945 | L53: =J53/2240 -> 135.2433
A54: 1721 | B54: Dry Ginger | C54: Jamaica | D54: Out Ports | F54: 7192 | G54: 1 | H54: 8 | J54: =(E54*2240)+(F54*112)+(G54*28)+H54 -> 805540 | L54: =J54/2240 -> 359.61607
A55: 1721 | B55: Elephant Teeth | C55: Jamaica | D55: Out Ports | F55: 165 | G55: 1 | H55: 21 | J55: =(E55*2240)+(F55*112)+(G55*28)+H55 -> 18529 | L55: =J55/2240 -> 8.271875
A56: 1721 | B56: Indigo | C56: Jamaica | D56: Out Ports | H56: =7053+119702 -> 126755 | J56: =(E56*2240)+(F56*112)+(G56*28)+H56 -> 126755 | L56: =J56/2240 -> 56.587054
A57: 1721 | B57: Lignum Vitae | C57: Jamaica | D57: Out Ports | E57: 1 | J57: =(E57*2240)+(F57*112)+(G57*28)+H57 -> 2240 | L57: =J57/2240 -> 1
A58: 1721 | B58: Lime Juice | C58: Jamaica | D58: Out Ports | H58: 20536 | I58: 1974g | J58: =(E58*2240)+(F58*112)+(G58*28)+H58 -> 20536 | L58: =J58/2240 -> 9.1678571
A59: 1721 | B59: Madera Wine | C59: Jamaica | D59: Out Ports | H59: 5066 | I59: 1t 3h 61g | J59: =(E59*2240)+(F59*112)+(G59*28)+H59 -> 5066 | L59: =J59/2240 -> 2.2616071
A60: 1721 | B60: Molasses | C60: Jamaica | D60: Out Ports | J60: =(E60*2240)+(F60*112)+(G60*28)+H60 -> 0 | L60: =J60/2240 -> 0
A61: 1721 | B61: Pimento | C61: Jamaica | D61: Out Ports | H61: 92444 | J61: =(E61*2240)+(F61*112)+(G61*28)+H61 -> 92444 | L61: =J61/2240 -> 41.269643
A62: 1721 | B62: Rice | C62: Jamaica | D62: Out Ports | J62: =(E62*2240)+(F62*112)+(G62*28)+H62 -> 0 | L62: =J62/2240 -> 0
A63: 1721 | B63: Rum | C63: Jamaica | D63: Out Ports | H63: 24929 | I63: 2470g | J63: =(E63*2240)+(F63*112)+(G63*28)+H63 -> 24929 | L63: =J63/2240 -> 11.129018
A64: 1721 | B64: Shruff | C64: Jamaica | D64: Out Ports | F64: 22 | G64: 1 | H64: 8 | J64: =(E64*2240)+(F64*112)+(G64*28)+H64 -> 2500 | L64: =J64/2240 -> 1.1160714
A65: 1721 | B65: Snuff | C65: Jamaica | D65: Out Ports | H65: 48 | J65: =(E65*2240)+(F65*112)+(G65*28)+H65 -> 48 | L65: =J65/2240 -> 0.021428571
A66: 1721 | B66: Succads | C66: Jamaica | D66: Out Ports | J66: =(E66*2240)+(F66*112)+(G66*28)+H66 -> 0 | L66: =J66/2240 -> 0
A67: 1721 | B67: Tallow | C67: Jamaica | D67: Out Ports | F67: 300 | J67: =(E67*2240)+(F67*112)+(G67*28)+H67 -> 33600 | L67: =J67/2240 -> 15
A68: 1721 | B68: Tortoise Shell | C68: Jamaica | D68: Out Ports | H68: 1815 | J68: =(E68*2240)+(F68*112)+(G68*28)+H68 -> 1815 | L68: =J68/2240 -> 0.81026786
A69: 1721 | B69: White Sugar | C69: Jamaica | D69: Out Ports | J69: =(E69*2240)+(F69*112)+(G69*28)+H69 -> 0 | L69: =J69/2240 -> 0
A70: 1721 | B70: Wood, Braziletto | C70: Jamaica | D70: Out Ports | E70: 10 | F70: 12 | G70: 3 | H70: 27 | J70: =(E70*2240)+(F70*112)+(G70*28)+H70 -> 23855 | L70: =J70/2240 -> 10.649554
A71: 1721 | B71: Wood, Fustick | C71: Jamaica | D71: Out Ports | E71: 228 | F71: 4 | G71: 2 | H71: 1 | J71: =(E71*2240)+(F71*112)+(G71*28)+H71 -> 511225 | L71: =J71/2240 -> 228.22545
A72: 1721 | B72: Wood, Logwood | C72: Jamaica | D72: Out Ports | E72: 315 | F72: 2 | G72: 3 | H72: 18 | J72: =(E72*2240)+(F72*112)+(G72*28)+H72 -> 705926 | L72: =J72/2240 -> 315.14554
A73: 1721 | B73: Wood, Nicaragua | C73: Jamaica | D73: Out Ports | E73: 10 | F73: 8 | G73: 1 | H73: 2 | J73: =(E73*2240)+(F73*112)+(G73*28)+H73 -> 23326 | L73: =J73/2240 -> 10.413393
A74: 1721 | B74: Wood, Redwood | C74: Jamaica | D74: Out Ports | E74: 18 | F74: 14 | H74: 8 | J74: =(E74*2240)+(F74*112)+(G74*28)+H74 -> 41896 | L74: =J74/2240 -> 18.703571

Sheet Mountserat
A1: YEAR | B1: COMMODITY_NAME | C1: FROM_LOCATION | D1: TO_LOCATION | E1: ton | F1: hh | G1: quarter | H1: lb | J1: Total Pounds | L1: WEIGHT
A2: 1721 | B2: Almonds, Bitter | C2: Mountserat | D2: London | J2: =(E2*2240)+(F2*112)+(G2*28)+H2 -> 0 | L2: =J2/2240 -> 0
A3: 1721 | B3: Almonds, Sweet | C3: Mountserat | D3: London | J3: =(E3*2240)+(F3*112)+(G3*28)+H3 -> 0 | L3: =J3/2240 -> 0
A4: 1721 | B4: Aloes Epatica | C4: Mountserat | D4: London | J4: =(E4*2240)+(F4*112)+(G4*28)+H4 -> 0 | L4: =J4/2240 -> 0
A5: 1721 | B5: Annatto | C5: Mountserat | D5: London | J5: =(E5*2240)+(F5*112)+(G5*28)+H5 -> 0 | L5: =J5/2240 -> 0
A6: 1721 | B6: Anniseeds | C6: Mountserat | D6: London | J6: =(E6*2240)+(F6*112)+(G6*28)+H6 -> 0 | L6: =J6/2240 -> 0
A7: 1721 | B7: Bacon | C7: Mountserat | D7: London | J7: =(E7*2240)+(F7*112)+(G7*28)+H7 -> 0 | L7: =J7/2240 -> 0
A8: 1721 | B8: Barrel Staves | C8: Mountserat | D8: London | J8: =(E8*2240)+(F8*112)+(G8*28)+H8 -> 0 | L8: =J8/2240 -> 0
A9: 1721 | B9: Bees Wax | C9: Mountserat | D9: London | J9: =(E9*2240)+(F9*112)+(G9*28)+H9 -> 0 | L9: =J9/2240 -> 0
A10: 1721 | B10: Brimstone | C10: Mountserat | D10: London | J10: =(E10*2240)+(F10*112)+(G10*28)+H10 -> 0 | L10: =J10/2240 -> 0
A11: 1721 | B11: Brown Sugar | C11: Mountserat | D11: London | F11: 14306 | G11: 3 | H11: 16 | J11: =(E11*2240)+(F11*112)+(G11*28)+H11 -> 1602372 | L11: =J11/2240 -> 715.34464
A12: 1721 | B12: Cassia Fistula | C12: Mountserat | D12: London | J12: =(E12*2240)+(F12*112)+(G12*28)+H12 -> 0 | L12: =J12/2240 -> 0
A13: 1721 | B13: Chocolate Paste | C13: Mountserat | D13: London | J13: =(E13*2240)+(F13*112)+(G13*28)+H13 -> 0 | L13: =J13/2240 -> 0
A14: 1721 | B14: Cocheneal | C14: Mountserat | D14: London | J14: =(E14*2240)+(F14*112)+(G14*28)+H14 -> 0 | L14: =J14/2240 -> 0
A15: 1721 | B15: Cocoa Nuts | C15: Mountserat | D15: London | J15: =(E15*2240)+(F15*112)+(G15*28)+H15 -> 0 | L15: =J15/2240 -> 0
A16: 1721 | B16: Cocoa Paste | C16: Mountserat | D16: London | J16: =(E16*2240)+(F16*112)+(G16*28)+H16 -> 0 | L16: =J16/2240 -> 0
A17: 1721 | B17: Cortex Winteranus | C17: Mountserat | D17: London | J17: =(E17*2240)+(F17*112)+(G17*28)+H17 -> 0 | L17: =J17/2240 -> 0
A18: 1721 | B18: Cotton | C18: Mountserat | D18: London | H18: =99*200 -> 19800 | I18: 99bags | J18: =(E18*2240)+(F18*112)+(G18*28)+H18 -> 19800 | L18: =J18/2240 -> 8.8392857
A19: 1721 | B19: Dry Ginger | C19: Mountserat | D19: London | F19: 102 | J19: =(E19*2240)+(F19*112)+(G19*28)+H19 -> 11424 | L19: =J19/2240 -> 5.1
A20: 1721 | B20: Elephant Teeth | C20: Mountserat | D20: London | F20: 13 | H20: 11 | J20: =(E20*2240)+(F20*112)+(G20*28)+H20 -> 1467 | L20: =J20/2240 -> 0.65491071
A21: 1721 | B21: Green Ginger | C21: Mountserat | D21: London | J21: =(E21*2240)+(F21*112)+(G21*28)+H21 -> 0 | L21: =J21/2240 -> 0
A22: 1721 | B22: Hemp | C22: Mountserat | D22: London | J22: =(E22*2240)+(F22*112)+(G22*28)+H22 -> 0 | L22: =J22/2240 -> 0
A23: 1721 | B23: Indigo | C23: Mountserat | D23: London | H23: 8781 | J23: =(E23*2240)+(F23*112)+(G23*28)+H23 -> 8781 | L23: =J23/2240 -> 3.9200893
A24: 1721 | B24: Lemon Water | C24: Mountserat | D24: London | J24: =(E24*2240)+(F24*112)+(G24*28)+H24 -> 0 | L24: =J24/2240 -> 0
A25: 1721 | B25: Lignum Vitae | C25: Mountserat | D25: London | J25: =(E25*2240)+(F25*112)+(G25*28)+H25 -> 0 | L25: =J25/2240 -> 0
A26: 1721 | B26: Lime Juice | C26: Mountserat | D26: London | J26: =(E26*2240)+(F26*112)+(G26*28)+H26 -> 0 | L26: =J26/2240 -> 0
A27: 1721 | B27: Loaf Sugar | C27: Mountserat | D27: London | J27: =(E27*2240)+(F27*112)+(G27*28)+H27 -> 0 | L27: =J27/2240 -> 0
A28: 1721 | B28: Madera Wine | C28: Mountserat | D28: London | H28: 787 | I28: 78g | J28: =(E28*2240)+(F28*112)+(G28*28)+H28 -> 787 | L28: =J28/2240 -> 0.35133929
A29: 1721 | B29: Molasses | C29: Mountserat | D29: London | J29: =(E29*2240)+(F29*112)+(G29*28)+H29 -> 0 | L29: =J29/2240 -> 0
A30: 1721 | B30: Oranges | C30: Mountserat | D30: London | J30: =(E30*2240)+(F30*112)+(G30*28)+H30 -> 0 | L30: =J30/2240 -> 0
A31: 1721 | B31: Pickles | C31: Mountserat | D31: London | J31: =(E31*2240)+(F31*112)+(G31*28)+H31 -> 0 | L31: =J31/2240 -> 0
A32: 1721 | B32: Pimento | C32: Mountserat | D32: London | J32: =(E32*2240)+(F32*112)+(G32*28)+H32 -> 0 | L32: =J32/2240 -> 0
A33: 1721 | B33: Rice | C33: Mountserat | D33: London | J33: =(E33*2240)+(F33*112)+(G33*28)+H33 -> 0 | L33: =J33/2240 -> 0
A34: 1721 | B34: Rum | C34: Mountserat | D34: London | H34: 6146 | I34: 609g | J34: =(E34*2240)+(F34*112)+(G34*28)+H34 -> 6146 | L34: =J34/2240 -> 2.74375
A35: 1721 | B35: Sarsparila | C35: Mountserat | D35: London | J35: =(E35*2240)+(F35*112)+(G35*28)+H35 -> 0 | L35: =J35/2240 -> 0
A36: 1721 | B36: Shruff | C36: Mountserat | D36: London | F36: 17 | H36: 21 | J36: =(E36*2240)+(F36*112)+(G36*28)+H36 -> 1925 | L36: =J36/2240 -> 0.859375
A37: 1721 | B37: Snuff | C37: Mountserat | D37: London | J37: =(E37*2240)+(F37*112)+(G37*28)+H37 -> 0 | L37: =J37/2240 -> 0
A38: 1721 | B38: Succads | C38: Mountserat | D38: London | H38: 20 | J38: =(E38*2240)+(F38*112)+(G38*28)+H38 -> 20 | L38: =J38/2240 -> 0.0089285714
A39: 1721 | B39: Tobacco | C39: Mountserat | D39: London | J39: =(E39*2240)+(F39*112)+(G39*28)+H39 -> 0 | L39: =J39/2240 -> 0
A40: 1721 | B40: Tortoise Shell | C40: Mountserat | D40: London | J40: =(E40*2240)+(F40*112)+(G40*28)+H40 -> 0 | L40: =J40/2240 -> 0
A41: 1721 | B41: White Sugar | C41: Mountserat | D41: London | J41: =(E41*2240)+(F41*112)+(G41*28)+H41 -> 0 | L41: =J41/2240 -> 0
A42: 1721 | B42: Wood, Braziletto | C42: Mountserat | D42: London | J42: =(E42*2240)+(F42*112)+(G42*28)+H42 -> 0 | L42: =J42/2240 -> 0
A43: 1721 | B43: Wood, Fustick | C43: Mountserat | D43: London | J43: =(E43*2240)+(F43*112)+(G43*28)+H43 -> 0 | L43: =J43/2240 -> 0
A44: 1721 | B44: Wood, Logwood | C44: Mountserat | D44: London | J44: =(E44*2240)+(F44*112)+(G44*28)+H44 -> 0 | L44: =J44/2240 -> 0
A45: 1721 | B45: Wood, Nicaragua | C45: Mountserat | D45: London | J45: =(E45*2240)+(F45*112)+(G45*28)+H45 -> 0 | L45: =J45/2240 -> 0
A46: 1721 | B46: Wood, Redwood | C46: Mountserat | D46: London | J46: =(E46*2240)+(F46*112)+(G46*28)+H46 -> 0 | L46: =J46/2240 -> 0
A47: 1721 | B47: Wood, Sweetwood | C47: Mountserat | D47: London | J47: =(E47*2240)+(F47*112)+(G47*28)+H47 -> 0 | L47: =J47/2240 -> 0
A48: 1721 | B48: Brown Sugar | C48: Mountserat | D48: Out Ports | F48: 7824 | H48: 14 | J48: =(E48*2240)+(F48*112)+(G48*28)+H48 -> 876302 | L48: =J48/2240 -> 391.20625
A49: 1721 | B49: Chocolate | C49: Mountserat | D49: Out Ports | J49: =(E49*2240)+(F49*112)+(G49*28)+H49 -> 0 | L49: =J49/2240 -> 0
A50: 1721 | B50: Cocoa Nuts | C50: Mountserat | D50: Out Ports | J50: =(E50*2240)+(F50*112)+(G50*28)+H50 -> 0 | L50: =J50/2240 -> 0
A51: 1721 | B51: Cotton | C51: Mountserat | D51: Out Ports | H51: 21224 | J51: =(E51*2240)+(F51*112)+(G51*28)+H51 -> 21224 | L51: =J51/2240 -> 9.475
A52: 1721 | B52: Dry Ginger | C52: Mountserat | D52: Out Ports | F52: 3 | G52: 3 | H52: 24 | J52: =(E52*2240)+(F52*112)+(G52*28)+H52 -> 444 | L52: =J52/2240 -> 0.19821429
A53: 1721 | B53: Elephant Teeth | C53: Mountserat | D53: Out Ports | F53: 17 | G53: 1 | H53: 4 | J53: =(E53*2240)+(F53*112)+(G53*28)+H53 -> 1936 | L53: =J53/2240 -> 0.86428571
A54: 1721 | B54: Indigo | C54: Mountserat | D54: Out Ports | H54: 532 | J54: =(E54*2240)+(F54*112)+(G54*28)+H54 -> 532 | L54: =J54/2240 -> 0.2375
A55: 1721 | B55: Lignum Vitae | C55: Mountserat | D55: Out Ports | J55: =(E55*2240)+(F55*112)+(G55*28)+H55 -> 0 | L55: =J55/2240 -> 0
A56: 1721 | B56: Lime Juice | C56: Mountserat | D56: Out Ports | H56: 151 | I56: 15g | J56: =(E56*2240)+(F56*112)+(G56*28)+H56 -> 151 | L56: =J56/2240 -> 0.067410714
A57: 1721 | B57: Madera Wine | C57: Mountserat | D57: Out Ports | J57: =(E57*2240)+(F57*112)+(G57*28)+H57 -> 0 | L57: =J57/2240 -> 0
A58: 1721 | B58: Molasses | C58: Mountserat | D58: Out Ports | J58: =(E58*2240)+(F58*112)+(G58*28)+H58 -> 0 | L58: =J58/2240 -> 0
A59: 1721 | B59: Rice | C59: Mountserat | D59: Out Ports | J59: =(E59*2240)+(F59*112)+(G59*28)+H59 -> 0 | L59: =J59/2240 -> 0
A60: 1721 | B60: Rum | C60: Mountserat | D60: Out Ports | H60: 6934 | I60: 687g | J60: =(E60*2240)+(F60*112)+(G60*28)+H60 -> 6934 | L60: =J60/2240 -> 3.0955357
A61: 1721 | B61: Shruff | C61: Mountserat | D61: Out Ports | F61: 4 | G61: 1 | H61: 12 | J61: =(E61*2240)+(F61*112)+(G61*28)+H61 -> 488 | L61: =J61/2240 -> 0.21785714
A62: 1721 | B62: Succads | C62: Mountserat | D62: Out Ports | H62: 103 | J62: =(E62*2240)+(F62*112)+(G62*28)+H62 -> 103 | L62: =J62/2240 -> 0.045982143
A63: 1721 | B63: Tortoise Shell | C63: Mountserat | D63: Out Ports | J63: =(E63*2240)+(F63*112)+(G63*28)+H63 -> 0 | L63: =J63/2240 -> 0
A64: 1721 | B64: White Sugar | C64: Mountserat | D64: Out Ports | J64: =(E64*2240)+(F64*112)+(G64*28)+H64 -> 0 | L64: =J64/2240 -> 0
J65: =(E65*2240)+(F65*112)+(G65*28)+H65 -> 0 | L65: =J65/2240 -> 0
J66: =(E66*2240)+(F66*112)+(G66*28)+H66 -> 0 | L66: =J66/2240 -> 0

Sheet Nevis
A1: YEAR | B1: COMMODITY_NAME | C1: FROM_LOCATION | D1: TO_LOCATION | E1: ton | F1: hh | G1: quarter | H1: lb | J1: Total Pounds | L1: WEIGHT
A2: 1721 | B2: Almonds, Bitter | C2: Nevis | D2: London | J2: =(E2*2240)+(F2*112)+(G2*28)+H2 -> 0 | L2: =J2/2240 -> 0
A3: 1721 | B3: Almonds, Sweet | C3: Nevis | D3: London | J3: =(E3*2240)+(F3*112)+(G3*28)+H3 -> 0 | L3: =J3/2240 -> 0
A4: 1721 | B4: Aloes Epatica | C4: Nevis | D4: London | J4: =(E4*2240)+(F4*112)+(G4*28)+H4 -> 0 | L4: =J4/2240 -> 0
A5: 1721 | B5: Annatto | C5: Nevis | D5: London | J5: =(E5*2240)+(F5*112)+(G5*28)+H5 -> 0 | L5: =J5/2240 -> 0
A6: 1721 | B6: Anniseeds | C6: Nevis | D6: London | J6: =(E6*2240)+(F6*112)+(G6*28)+H6 -> 0 | L6: =J6/2240 -> 0
A7: 1721 | B7: Bacon | C7: Nevis | D7: London | J7: =(E7*2240)+(F7*112)+(G7*28)+H7 -> 0 | L7: =J7/2240 -> 0
A8: 1721 | B8: Barrel Staves | C8: Nevis | D8: London | J8: =(E8*2240)+(F8*112)+(G8*28)+H8 -> 0 | L8: =J8/2240 -> 0
A9: 1721 | B9: Bees Wax | C9: Nevis | D9: London | J9: =(E9*2240)+(F9*112)+(G9*28)+H9 -> 0 | L9: =J9/2240 -> 0
A10: 1721 | B10: Brimstone | C10: Nevis | D10: London | J10: =(E10*2240)+(F10*112)+(G10*28)+H10 -> 0 | L10: =J10/2240 -> 0
A11: 1721 | B11: Brown Sugar | C11: Nevis | D11: London | F11: 30870 | G11: 2 | H11: 17 | J11: =(E11*2240)+(F11*112)+(G11*28)+H11 -> 3457513 | L11: =J11/2240 -> 1543.5326
A12: 1721 | B12: Cassia Fistula | C12: Nevis | D12: London | J12: =(E12*2240)+(F12*112)+(G12*28)+H12 -> 0 | L12: =J12/2240 -> 0
A13: 1721 | B13: Chocolate Paste | C13: Nevis | D13: London | J13: =(E13*2240)+(F13*112)+(G13*28)+H13 -> 0 | L13: =J13/2240 -> 0
A14: 1721 | B14: Cocheneal | C14: Nevis | D14: London | J14: =(E14*2240)+(F14*112)+(G14*28)+H14 -> 0 | L14: =J14/2240 -> 0
A15: 1721 | B15: Cocoa Nuts | C15: Nevis | D15: London | J15: =(E15*2240)+(F15*112)+(G15*28)+H15 -> 0 | L15: =J15/2240 -> 0
A16: 1721 | B16: Cocoa Paste | C16: Nevis | D16: London | J16: =(E16*2240)+(F16*112)+(G16*28)+H16 -> 0 | L16: =J16/2240 -> 0
A17: 1721 | B17: Cortex Winteranus | C17: Nevis | D17: London | J17: =(E17*2240)+(F17*112)+(G17*28)+H17 -> 0 | L17: =J17/2240 -> 0
A18: 1721 | B18: Cotton | C18: Nevis | D18: London | H18: =39*200 -> 7800 | I18: 39bags | J18: =(E18*2240)+(F18*112)+(G18*28)+H18 -> 7800 | L18: =J18/2240 -> 3.4821429
A19: 1721 | B19: Dry Ginger | C19: Nevis | D19: London | F19: 10 | G19: 1 | H19: 21 | J19: =(E19*2240)+(F19*112)+(G19*28)+H19 -> 1169 | L19: =J19/2240 -> 0.521875
A20: 1721 | B20: Elephant Teeth | C20: Nevis | D20: London | J20: =(E20*2240)+(F20*112)+(G20*28)+H20 -> 0 | L20: =J20/2240 -> 0
A21: 1721 | B21: Green Ginger | C21: Nevis | D21: London | J21: =(E21*2240)+(F21*112)+(G21*28)+H21 -> 0 | L21: =J21/2240 -> 0
A22: 1721 | B22: Hemp | C22: Nevis | D22: London | J22: =(E22*2240)+(F22*112)+(G22*28)+H22 -> 0 | L22: =J22/2240 -> 0
A23: 1721 | B23: Indigo | C23: Nevis | D23: London | H23: 21 | J23: =(E23*2240)+(F23*112)+(G23*28)+H23 -> 21 | L23: =J23/2240 -> 0.009375
A24: 1721 | B24: Lemon Water | C24: Nevis | D24: London | J24: =(E24*2240)+(F24*112)+(G24*28)+H24 -> 0 | L24: =J24/2240 -> 0
A25: 1721 | B25: Lignum Vitae | C25: Nevis | D25: London | E25: 1 | J25: =(E25*2240)+(F25*112)+(G25*28)+H25 -> 2240 | L25: =J25/2240 -> 1
A26: 1721 | B26: Lime Juice | C26: Nevis | D26: London | J26: =(E26*2240)+(F26*112)+(G26*28)+H26 -> 0 | L26: =J26/2240 -> 0
A27: 1721 | B27: Loaf Sugar | C27: Nevis | D27: London | J27: =(E27*2240)+(F27*112)+(G27*28)+H27 -> 0 | L27: =J27/2240 -> 0
A28: 1721 | B28: Madera Wine | C28: Nevis | D28: London | H28: 1827 | I28: 2h 55g | J28: =(E28*2240)+(F28*112)+(G28*28)+H28 -> 1827 | L28: =J28/2240 -> 0.815625
A29: 1721 | B29: Molasses | C29: Nevis | D29: London | F29: 2 | G29: 2 | H29: 9 | J29: =(E29*2240)+(F29*112)+(G29*28)+H29 -> 289 | L29: =J29/2240 -> 0.12901786
A30: 1721 | B30: Oranges | C30: Nevis | D30: London | J30: =(E30*2240)+(F30*112)+(G30*28)+H30 -> 0 | L30: =J30/2240 -> 0
A31: 1721 | B31: Pickles | C31: Nevis | D31: London | J31: =(E31*2240)+(F31*112)+(G31*28)+H31 -> 0 | L31: =J31/2240 -> 0
A32: 1721 | B32: Pimento | C32: Nevis | D32: London | J32: =(E32*2240)+(F32*112)+(G32*28)+H32 -> 0 | L32: =J32/2240 -> 0
A33: 1721 | B33: Rice | C33: Nevis | D33: London | J33: =(E33*2240)+(F33*112)+(G33*28)+H33 -> 0 | L33: =J33/2240 -> 0
A34: 1721 | B34: Rum | C34: Nevis | D34: London | H34: 3230 | I34: 320g | J34: =(E34*2240)+(F34*112)+(G34*28)+H34 -> 3230 | L34: =J34/2240 -> 1.4419643
A35: 1721 | B35: Sarsparila | C35: Nevis | D35: London | J35: =(E35*2240)+(F35*112)+(G35*28)+H35 -> 0 | L35: =J35/2240 -> 0
A36: 1721 | B36: Shruff | C36: Nevis | D36: London | F36: 13 | G36: 2 | H36: 25 | J36: =(E36*2240)+(F36*112)+(G36*28)+H36 -> 1537 | L36: =J36/2240 -> 0.68616071
A37: 1721 | B37: Snuff | C37: Nevis | D37: London | J37: =(E37*2240)+(F37*112)+(G37*28)+H37 -> 0 | L37: =J37/2240 -> 0
A38: 1721 | B38: Succads | C38: Nevis | D38: London | H38: 18 | J38: =(E38*2240)+(F38*112)+(G38*28)+H38 -> 18 | L38: =J38/2240 -> 0.0080357143
A39: 1721 | B39: Tobacco | C39: Nevis | D39: London | J39: =(E39*2240)+(F39*112)+(G39*28)+H39 -> 0 | L39: =J39/2240 -> 0
A40: 1721 | B40: Tortoise Shell | C40: Nevis | D40: London | H40: 44 | J40: =(E40*2240)+(F40*112)+(G40*28)+H40 -> 44 | L40: =J40/2240 -> 0.019642857
A41: 1721 | B41: White Sugar | C41: Nevis | D41: London | J41: =(E41*2240)+(F41*112)+(G41*28)+H41 -> 0 | L41: =J41/2240 -> 0
A42: 1721 | B42: Wood, Braziletto | C42: Nevis | D42: London | J42: =(E42*2240)+(F42*112)+(G42*28)+H42 -> 0 | L42: =J42/2240 -> 0
A43: 1721 | B43: Wood, Fustick | C43: Nevis | D43: London | E43: 10 | F43: 13 | G43: 2 | J43: =(E43*2240)+(F43*112)+(G43*28)+H43 -> 23912 | L43: =J43/2240 -> 10.675
A44: 1721 | B44: Wood, Logwood | C44: Nevis | D44: London | J44: =(E44*2240)+(F44*112)+(G44*28)+H44 -> 0 | L44: =J44/2240 -> 0
A45: 1721 | B45: Wood, Nicaragua | C45: Nevis | D45: London | J45: =(E45*2240)+(F45*112)+(G45*28)+H45 -> 0 | L45: =J45/2240 -> 0
A46: 1721 | B46: Wood, Redwood | C46: Nevis | D46: London | J46: =(E46*2240)+(F46*112)+(G46*28)+H46 -> 0 | L46: =J46/2240 -> 0
A47: 1721 | B47: Wood, Sweetwood | C47: Nevis | D47: London | J47: =(E47*2240)+(F47*112)+(G47*28)+H47 -> 0 | L47: =J47/2240 -> 0
A48: 1721 | B48: Brown Sugar | C48: Nevis | D48: Out Ports | F48: 5648 | H48: 20 | J48: =(E48*2240)+(F48*112)+(G48*28)+H48 -> 632596 | L48: =J48/2240 -> 282.40893
A49: 1721 | B49: Chocolate | C49: Nevis | D49: Out Ports | J49: =(E49*2240)+(F49*112)+(G49*28)+H49 -> 0 | L49: =J49/2240 -> 0
A50: 1721 | B50: Cocoa Nuts | C50: Nevis | D50: Out Ports | F50: 4 | J50: =(E50*2240)+(F50*112)+(G50*28)+H50 -> 448 | L50: =J50/2240 -> 0.2
A51: 1721 | B51: Cotton | C51: Nevis | D51: Out Ports | H51: 10891 | J51: =(E51*2240)+(F51*112)+(G51*28)+H51 -> 10891 | L51: =J51/2240 -> 4.8620536
A52: 1721 | B52: Dry Ginger | C52: Nevis | D52: Out Ports | J52: =(E52*2240)+(F52*112)+(G52*28)+H52 -> 0 | L52: =J52/2240 -> 0
A53: 1721 | B53: Indigo | C53: Nevis | D53: Out Ports | H53: 150 | J53: =(E53*2240)+(F53*112)+(G53*28)+H53 -> 150 | L53: =J53/2240 -> 0.066964286
A54: 1721 | B54: Lignum Vitae | C54: Nevis | D54: Out Ports | J54: =(E54*2240)+(F54*112)+(G54*28)+H54 -> 0 | L54: =J54/2240 -> 0
A55: 1721 | B55: Lime Juice | C55: Nevis | D55: Out Ports | J55: =(E55*2240)+(F55*112)+(G55*28)+H55 -> 0 | L55: =J55/2240 -> 0
A56: 1721 | B56: Madera Wine | C56: Nevis | D56: Out Ports | H56: 606 | I56: 60g | J56: =(E56*2240)+(F56*112)+(G56*28)+H56 -> 606 | L56: =J56/2240 -> 0.27053571
A57: 1721 | B57: Molasses | C57: Nevis | D57: Out Ports | J57: =(E57*2240)+(F57*112)+(G57*28)+H57 -> 0 | L57: =J57/2240 -> 0
A58: 1721 | B58: Rice | C58: Nevis | D58: Out Ports | J58: =(E58*2240)+(F58*112)+(G58*28)+H58 -> 0 | L58: =J58/2240 -> 0
A59: 1721 | B59: Rum | C59: Nevis | D59: Out Ports | H59: 1332 | I59: 132g | J59: =(E59*2240)+(F59*112)+(G59*28)+H59 -> 1332 | L59: =J59/2240 -> 0.59464286
A60: 1721 | B60: Shruff | C60: Nevis | D60: Out Ports | F60: 1 | H60: 7 | J60: =(E60*2240)+(F60*112)+(G60*28)+H60 -> 119 | L60: =J60/2240 -> 0.053125
A61: 1721 | B61: Succads | C61: Nevis | D61: Out Ports | J61: =(E61*2240)+(F61*112)+(G61*28)+H61 -> 0 | L61: =J61/2240 -> 0
A62: 1721 | B62: Tortoise Shell | C62: Nevis | D62: Out Ports | J62: =(E62*2240)+(F62*112)+(G62*28)+H62 -> 0 | L62: =J62/2240 -> 0
A63: 1721 | B63: White Sugar | C63: Nevis | D63: Out Ports | J63: =(E63*2240)+(F63*112)+(G63*28)+H63 -> 0 | L63: =J63/2240 -> 0
J64: =(E64*2240)+(F64*112)+(G64*28)+H64 -> 0 | L64: =J64/2240 -> 0
J65: =(E65*2240)+(F65*112)+(G65*28)+H65 -> 0 | L65: =J65/2240 -> 0

Sheet St Kitts
A1: YEAR | B1: COMMODITY_NAME | C1: FROM_LOCATION | D1: TO_LOCATION | E1: ton | F1: hh | G1: quarter | H1: lb | J1: Total Pounds | L1: WEIGHT
A2: 1721 | B2: Almonds, Bitter | C2: StKitts | D2: London | J2: =(E2*2240)+(F2*112)+(G2*28)+H2 -> 0 | L2: =J2/2240 -> 0
A3: 1721 | B3: Almonds, Sweet | C3: StKitts | D3: London | J3: =(E3*2240)+(F3*112)+(G3*28)+H3 -> 0 | L3: =J3/2240 -> 0
A4: 1721 | B4: Aloes Epatica | C4: StKitts | D4: London | J4: =(E4*2240)+(F4*112)+(G4*28)+H4 -> 0 | L4: =J4/2240 -> 0
A5: 1721 | B5: Annatto | C5: StKitts | D5: London | J5: =(E5*2240)+(F5*112)+(G5*28)+H5 -> 0 | L5: =J5/2240 -> 0
A6: 1721 | B6: Anniseeds | C6: StKitts | D6: London | J6: =(E6*2240)+(F6*112)+(G6*28)+H6 -> 0 | L6: =J6/2240 -> 0
A7: 1721 | B7: Bacon | C7: StKitts | D7: London | J7: =(E7*2240)+(F7*112)+(G7*28)+H7 -> 0 | L7: =J7/2240 -> 0
A8: 1721 | B8: Barrel Staves | C8: StKitts | D8: London | J8: =(E8*2240)+(F8*112)+(G8*28)+H8 -> 0 | L8: =J8/2240 -> 0
A9: 1721 | B9: Bees Wax | C9: StKitts | D9: London | J9: =(E9*2240)+(F9*112)+(G9*28)+H9 -> 0 | L9: =J9/2240 -> 0
A10: 1721 | B10: Brimstone | C10: StKitts | D10: London | J10: =(E10*2240)+(F10*112)+(G10*28)+H10 -> 0 | L10: =J10/2240 -> 0
A11: 1721 | B11: Brown Sugar | C11: StKitts | D11: London | F11: 54208 | G11: 1 | H11: 14 | J11: =(E11*2240)+(F11*112)+(G11*28)+H11 -> 6071338 | L11: =J11/2240 -> 2710.4187
A12: 1721 | B12: Cassia Fistula | C12: StKitts | D12: London | J12: =(E12*2240)+(F12*112)+(G12*28)+H12 -> 0 | L12: =J12/2240 -> 0
A13: 1721 | B13: Chocolate Paste | C13: StKitts | D13: London | J13: =(E13*2240)+(F13*112)+(G13*28)+H13 -> 0 | L13: =J13/2240 -> 0
A14: 1721 | B14: Cocheneal | C14: StKitts | D14: London | J14: =(E14*2240)+(F14*112)+(G14*28)+H14 -> 0 | L14: =J14/2240 -> 0
A15: 1721 | B15: Cocoa Nuts | C15: StKitts | D15: London | H15: 20 | J15: =(E15*2240)+(F15*112)+(G15*28)+H15 -> 20 | L15: =J15/2240 -> 0.0089285714
A16: 1721 | B16: Cocoa Paste | C16: StKitts | D16: London | J16: =(E16*2240)+(F16*112)+(G16*28)+H16 -> 0 | L16: =J16/2240 -> 0
A17: 1721 | B17: Cortex Winteranus | C17: StKitts | D17: London | J17: =(E17*2240)+(F17*112)+(G17*28)+H17 -> 0 | L17: =J17/2240 -> 0
A18: 1721 | B18: Cotton | C18: StKitts | D18: London | H18: =147*200 -> 29400 | I18: 147bags | J18: =(E18*2240)+(F18*112)+(G18*28)+H18 -> 29400 | L18: =J18/2240 -> 13.125
A19: 1721 | B19: Dry Ginger | C19: StKitts | D19: London | F19: 43 | H19: 14 | J19: =(E19*2240)+(F19*112)+(G19*28)+H19 -> 4830 | L19: =J19/2240 -> 2.15625
A20: 1721 | B20: Elephant Teeth | C20: StKitts | D20: London | G20: 2 | H20: 7 | J20: =(E20*2240)+(F20*112)+(G20*28)+H20 -> 63 | L20: =J20/2240 -> 0.028125
A21: 1721 | B21: Green Ginger | C21: StKitts | D21: London | J21: =(E21*2240)+(F21*112)+(G21*28)+H21 -> 0 | L21: =J21/2240 -> 0
A22: 1721 | B22: Hemp | C22: StKitts | D22: London | J22: =(E22*2240)+(F22*112)+(G22*28)+H22 -> 0 | L22: =J22/2240 -> 0
A23: 1721 | B23: Indigo | C23: StKitts | D23: London | H23: 162 | J23: =(E23*2240)+(F23*112)+(G23*28)+H23 -> 162 | L23: =J23/2240 -> 0.072321429
A24: 1721 | B24: Lemon Water | C24: StKitts | D24: London | J24: =(E24*2240)+(F24*112)+(G24*28)+H24 -> 0 | L24: =J24/2240 -> 0
A25: 1721 | B25: Lignum Vitae | C25: StKitts | D25: London | E25: 8 | F25: 13 | G25: 1 | H25: 8 | J25: =(E25*2240)+(F25*112)+(G25*28)+H25 -> 19412 | L25: =J25/2240 -> 8.6660714
A26: 1721 | B26: Lime Juice | C26: StKitts | D26: London | J26: =(E26*2240)+(F26*112)+(G26*28)+H26 -> 0 | L26: =J26/2240 -> 0
A27: 1721 | B27: Loaf Sugar | C27: StKitts | D27: London | J27: =(E27*2240)+(F27*112)+(G27*28)+H27 -> 0 | L27: =J27/2240 -> 0
A28: 1721 | B28: Madera Wine | C28: StKitts | D28: London | H28: 7135 | I28: 2t 3h 14g | J28: =(E28*2240)+(F28*112)+(G28*28)+H28 -> 7135 | L28: =J28/2240 -> 3.1852679
A29: 1721 | B29: Molasses | C29: StKitts | D29: London | F29: 8 | G29: 1 | J29: =(E29*2240)+(F29*112)+(G29*28)+H29 -> 924 | L29: =J29/2240 -> 0.4125
A30: 1721 | B30: Oranges | C30: StKitts | D30: London | J30: =(E30*2240)+(F30*112)+(G30*28)+H30 -> 0 | L30: =J30/2240 -> 0
A31: 1721 | B31: Pickles | C31: StKitts | D31: London | J31: =(E31*2240)+(F31*112)+(G31*28)+H31 -> 0 | L31: =J31/2240 -> 0
A32: 1721 | B32: Pimento | C32: StKitts | D32: London | J32: =(E32*2240)+(F32*112)+(G32*28)+H32 -> 0 | L32: =J32/2240 -> 0
A33: 1721 | B33: Rice | C33: StKitts | D33: London | J33: =(E33*2240)+(F33*112)+(G33*28)+H33 -> 0 | L33: =J33/2240 -> 0
A34: 1721 | B34: Rum | C34: StKitts | D34: London | H34: 15472 | I34: 1533g | J34: =(E34*2240)+(F34*112)+(G34*28)+H34 -> 15472 | L34: =J34/2240 -> 6.9071429
A35: 1721 | B35: Sarsparila | C35: StKitts | D35: London | J35: =(E35*2240)+(F35*112)+(G35*28)+H35 -> 0 | L35: =J35/2240 -> 0
A36: 1721 | B36: Shruff | C36: StKitts | D36: London | F36: 31 | G36: 3 | H36: 27 | J36: =(E36*2240)+(F36*112)+(G36*28)+H36 -> 3583 | L36: =J36/2240 -> 1.5995536
A37: 1721 | B37: Snuff | C37: StKitts | D37: London | J37: =(E37*2240)+(F37*112)+(G37*28)+H37 -> 0 | L37: =J37/2240 -> 0
A38: 1721 | B38: Succads | C38: StKitts | D38: London | H38: 250 | J38: =(E38*2240)+(F38*112)+(G38*28)+H38 -> 250 | L38: =J38/2240 -> 0.11160714
A39: 1721 | B39: Tobacco | C39: StKitts | D39: London | J39: =(E39*2240)+(F39*112)+(G39*28)+H39 -> 0 | L39: =J39/2240 -> 0
A40: 1721 | B40: Tortoise Shell | C40: StKitts | D40: London | J40: =(E40*2240)+(F40*112)+(G40*28)+H40 -> 0 | L40: =J40/2240 -> 0
A41: 1721 | B41: White Sugar | C41: StKitts | D41: London | J41: =(E41*2240)+(F41*112)+(G41*28)+H41 -> 0 | L41: =J41/2240 -> 0
A42: 1721 | B42: Wood, Braziletto | C42: StKitts | D42: London | J42: =(E42*2240)+(F42*112)+(G42*28)+H42 -> 0 | L42: =J42/2240 -> 0
A43: 1721 | B43: Wood, Fustick | C43: StKitts | D43: London | E43: 45 | F43: 8 | J43: =(E43*2240)+(F43*112)+(G43*28)+H43 -> 101696 | L43: =J43/2240 -> 45.4
A44: 1721 | B44: Wood, Logwood | C44: StKitts | D44: London | J44: =(E44*2240)+(F44*112)+(G44*28)+H44 -> 0 | L44: =J44/2240 -> 0
A45: 1721 | B45: Wood, Nicaragua | C45: StKitts | D45: London | J45: =(E45*2240)+(F45*112)+(G45*28)+H45 -> 0 | L45: =J45/2240 -> 0
A46: 1721 | B46: Wood, Redwood | C46: StKitts | D46: London | J46: =(E46*2240)+(F46*112)+(G46*28)+H46 -> 0 | L46: =J46/2240 -> 0
A47: 1721 | B47: Wood, Sweetwood | C47: StKitts | D47: London | J47: =(E47*2240)+(F47*112)+(G47*28)+H47 -> 0 | L47: =J47/2240 -> 0
A48: 1721 | B48: Brown Sugar | C48: StKitts | D48: Out Ports | F48: 18861 | G48: 1 | H48: 11 | J48: =(E48*2240)+(F48*112)+(G48*28)+H48 -> 2112471 | L48: =J48/2240 -> 943.06741
A49: 1721 | B49: Chocolate | C49: StKitts | D49: Out Ports | J49: =(E49*2240)+(F49*112)+(G49*28)+H49 -> 0 | L49: =J49/2240 -> 0
A50: 1721 | B50: Cocoa Nuts | C50: StKitts | D50: Out Ports | J50: =(E50*2240)+(F50*112)+(G50*28)+H50 -> 0 | L50: =J50/2240 -> 0
A51: 1721 | B51: Cotton | C51: StKitts | D51: Out Ports | H51: 114864 | J51: =(E51*2240)+(F51*112)+(G51*28)+H51 -> 114864 | L51: =J51/2240 -> 51.278571
A52: 1721 | B52: Dry Ginger | C52: StKitts | D52: Out Ports | J52: =(E52*2240)+(F52*112)+(G52*28)+H52 -> 0 | L52: =J52/2240 -> 0
A53: 1721 | B53: Elephant Teeth | C53: StKitts | D53: Out Ports | G53: 1 | H53: 3 | J53: =(E53*2240)+(F53*112)+(G53*28)+H53 -> 31 | L53: =J53/2240 -> 0.013839286
A54: 1721 | B54: Indigo | C54: StKitts | D54: Out Ports | H54: 320 | J54: =(E54*2240)+(F54*112)+(G54*28)+H54 -> 320 | L54: =J54/2240 -> 0.14285714
A55: 1721 | B55: Lignum Vitae | C55: StKitts | D55: Out Ports | E55: 4 | F55: 1 | G55: 3 | H55: 23 | J55: =(E55*2240)+(F55*112)+(G55*28)+H55 -> 9179 | L55: =J55/2240 -> 4.0977679
A56: 1721 | B56: Lime Juice | C56: StKitts | D56: Out Ports | J56: =(E56*2240)+(F56*112)+(G56*28)+H56 -> 0 | L56: =J56/2240 -> 0
A57: 1721 | B57: Madera Wine | C57: StKitts | D57: Out Ports | J57: =(E57*2240)+(F57*112)+(G57*28)+H57 -> 0 | L57: =J57/2240 -> 0
A58: 1721 | B58: Molasses | C58: StKitts | D58: Out Ports | J58: =(E58*2240)+(F58*112)+(G58*28)+H58 -> 0 | L58: =J58/2240 -> 0
A59: 1721 | B59: Rice | C59: StKitts | D59: Out Ports | J59: =(E59*2240)+(F59*112)+(G59*28)+H59 -> 0 | L59: =J59/2240 -> 0
A60: 1721 | B60: Rum | C60: StKitts | D60: Out Ports | H60: 2321 | I60: 230g | J60: =(E60*2240)+(F60*112)+(G60*28)+H60 -> 2321 | L60: =J60/2240 -> 1.0361607
A61: 1721 | B61: Shruff | C61: StKitts | D61: Out Ports | F61: 4 | J61: =(E61*2240)+(F61*112)+(G61*28)+H61 -> 448 | L61: =J61/2240 -> 0.2
A62: 1721 | B62: Succads | C62: StKitts | D62: Out Ports | J62: =(E62*2240)+(F62*112)+(G62*28)+H62 -> 0 | L62: =J62/2240 -> 0
A63: 1721 | B63: Tortoise Shell | C63: StKitts | D63: Out Ports | J63: =(E63*2240)+(F63*112)+(G63*28)+H63 -> 0 | L63: =J63/2240 -> 0
A64: 1721 | B64: White Sugar | C64: StKitts | D64: Out Ports | J64: =(E64*2240)+(F64*112)+(G64*28)+H64 -> 0 | L64: =J64/2240 -> 0
A65: 1721 | B65: Wood, Fustick | C65: StKitts | D65: Out Ports | F65: 158 | G65: 3 | H65: 22 | J65: =(E65*2240)+(F65*112)+(G65*28)+H65 -> 17802 | L65: =J65/2240 -> 7.9473214
J66: =(E66*2240)+(F66*112)+(G66*28)+H66 -> 0 | L66: =J66/2240 -> 0

Sheet NewEngland
A1: YEAR | B1: COMMODITY_NAME | C1: FROM_LOCATION | D1: TO_LOCATION | E1: ton | F1: hh | G1: quarter | H1: lb | J1: Total Pounds | L1: WEIGHT
A2: 1721 | B2: Almonds, Bitter | C2: NewEngland | D2: London | J2: =(E2*2240)+(F2*112)+(G2*28)+H2 -> 0 | L2: =J2/2240 -> 0
A3: 1721 | B3: Almonds, Sweet | C3: NewEngland | D3: London | J3: =(E3*2240)+(F3*112)+(G3*28)+H3 -> 0 | L3: =J3/2240 -> 0
A4: 1721 | B4: Aloes Epatica | C4: NewEngland | D4: London | J4: =(E4*2240)+(F4*112)+(G4*28)+H4 -> 0 | L4: =J4/2240 -> 0
A5: 1721 | B5: Annatto | C5: NewEngland | D5: London | H5: 451 | J5: =(E5*2240)+(F5*112)+(G5*28)+H5 -> 451 | L5: =J5/2240 -> 0.20133929
A6: 1721 | B6: Anniseeds | C6: NewEngland | D6: London | J6: =(E6*2240)+(F6*112)+(G6*28)+H6 -> 0 | L6: =J6/2240 -> 0
A7: 1721 | B7: Bacon | C7: NewEngland | D7: London | J7: =(E7*2240)+(F7*112)+(G7*28)+H7 -> 0 | L7: =J7/2240 -> 0
A8: 1721 | B8: Barrel Staves | C8: NewEngland | D8: London | J8: =(E8*2240)+(F8*112)+(G8*28)+H8 -> 0 | L8: =J8/2240 -> 0
A9: 1721 | B9: Bees Wax | C9: NewEngland | D9: London | H9: 12 | J9: =(E9*2240)+(F9*112)+(G9*28)+H9 -> 12 | L9: =J9/2240 -> 0.0053571429
A10: 1721 | B10: Brimstone | C10: NewEngland | D10: London | J10: =(E10*2240)+(F10*112)+(G10*28)+H10 -> 0 | L10: =J10/2240 -> 0
A11: 1721 | B11: Brown Sugar | C11: NewEngland | D11: London | F11: 805 | G11: 2 | H11: 23 | J11: =(E11*2240)+(F11*112)+(G11*28)+H11 -> 90239 | L11: =J11/2240 -> 40.285268
A12: 1721 | B12: Cassia Fistula | C12: NewEngland | D12: London | J12: =(E12*2240)+(F12*112)+(G12*28)+H12 -> 0 | L12: =J12/2240 -> 0
A13: 1721 | B13: Chocolate Paste | C13: NewEngland | D13: London | J13: =(E13*2240)+(F13*112)+(G13*28)+H13 -> 0 | L13: =J13/2240 -> 0
A14: 1721 | B14: Cocheneal | C14: NewEngland | D14: London | J14: =(E14*2240)+(F14*112)+(G14*28)+H14 -> 0 | L14: =J14/2240 -> 0
A15: 1721 | B15: Cocoa Nuts | C15: NewEngland | D15: London | F15: 8 | G15: 3 | H15: 17 | J15: =(E15*2240)+(F15*112)+(G15*28)+H15 -> 997 | L15: =J15/2240 -> 0.44508929
A16: 1721 | B16: Cocoa Paste | C16: NewEngland | D16: London | J16: =(E16*2240)+(F16*112)+(G16*28)+H16 -> 0 | L16: =J16/2240 -> 0
A17: 1721 | B17: Cortex Winteranus | C17: NewEngland | D17: London | J17: =(E17*2240)+(F17*112)+(G17*28)+H17 -> 0 | L17: =J17/2240 -> 0
A18: 1721 | B18: Cotton | C18: NewEngland | D18: London | H18: 200 | I18: 1 bag | J18: =(E18*2240)+(F18*112)+(G18*28)+H18 -> 200 | L18: =J18/2240 -> 0.089285714
A19: 1721 | B19: Dry Ginger | C19: NewEngland | D19: London | J19: =(E19*2240)+(F19*112)+(G19*28)+H19 -> 0 | L19: =J19/2240 -> 0
A20: 1721 | B20: Elephant Teeth | C20: NewEngland | D20: London | J20: =(E20*2240)+(F20*112)+(G20*28)+H20 -> 0 | L20: =J20/2240 -> 0
A21: 1721 | B21: Green Ginger | C21: NewEngland | D21: London | J21: =(E21*2240)+(F21*112)+(G21*28)+H21 -> 0 | L21: =J21/2240 -> 0
A22: 1721 | B22: Hemp | C22: NewEngland | D22: London | J22: =(E22*2240)+(F22*112)+(G22*28)+H22 -> 0 | L22: =J22/2240 -> 0
A23: 1721 | B23: Indigo | C23: NewEngland | D23: London | H23: 6413 | J23: =(E23*2240)+(F23*112)+(G23*28)+H23 -> 6413 | L23: =J23/2240 -> 2.8629464
A24: 1721 | B24: Lemon Water | C24: NewEngland | D24: London | J24: =(E24*2240)+(F24*112)+(G24*28)+H24 -> 0 | L24: =J24/2240 -> 0
A25: 1721 | B25: Lignum Vitae | C25: NewEngland | D25: London | E25: 1 | H25: 21 | J25: =(E25*2240)+(F25*112)+(G25*28)+H25 -> 2261 | L25: =J25/2240 -> 1.009375
A26: 1721 | B26: Lime Juice | C26: NewEngland | D26: London | J26: =(E26*2240)+(F26*112)+(G26*28)+H26 -> 0 | L26: =J26/2240 -> 0
A27: 1721 | B27: Loaf Sugar | C27: NewEngland | D27: London | J27: =(E27*2240)+(F27*112)+(G27*28)+H27 -> 0 | L27: =J27/2240 -> 0
A28: 1721 | B28: Madera Wine | C28: NewEngland | D28: London | H28: 868 | I28: 1h 23g | J28: =(E28*2240)+(F28*112)+(G28*28)+H28 -> 868 | L28: =J28/2240 -> 0.3875
A29: 1721 | B29: Molasses | C29: NewEngland | D29: London | J29: =(E29*2240)+(F29*112)+(G29*28)+H29 -> 0 | L29: =J29/2240 -> 0
A30: 1721 | B30: Oranges | C30: NewEngland | D30: London | J30: =(E30*2240)+(F30*112)+(G30*28)+H30 -> 0 | L30: =J30/2240 -> 0
A31: 1721 | B31: Pickles | C31: NewEngland | D31: London | J31: =(E31*2240)+(F31*112)+(G31*28)+H31 -> 0 | L31: =J31/2240 -> 0
A32: 1721 | B32: Pimento | C32: NewEngland | D32: London | J32: =(E32*2240)+(F32*112)+(G32*28)+H32 -> 0 | L32: =J32/2240 -> 0
A33: 1721 | B33: Rice | C33: NewEngland | D33: London | F33: 2282 | H33: 4 | J33: =(E33*2240)+(F33*112)+(G33*28)+H33 -> 255588 | L33: =J33/2240 -> 114.10179
A34: 1721 | B34: Rum | C34: NewEngland | D34: London | H34: 36666 | I34: 3633g | J34: =(E34*2240)+(F34*112)+(G34*28)+H34 -> 36666 | L34: =J34/2240 -> 16.36875
A35: 1721 | B35: Sarsparila | C35: NewEngland | D35: London | J35: =(E35*2240)+(F35*112)+(G35*28)+H35 -> 0 | L35: =J35/2240 -> 0
A36: 1721 | B36: Shruff | C36: NewEngland | D36: London | F36: 16 | G36: 1 | H36: 6 | J36: =(E36*2240)+(F36*112)+(G36*28)+H36 -> 1826 | L36: =J36/2240 -> 0.81517857
A37: 1721 | B37: Snuff | C37: NewEngland | D37: London | H37: 3820 | J37: =(E37*2240)+(F37*112)+(G37*28)+H37 -> 3820 | L37: =J37/2240 -> 1.7053571
A38: 1721 | B38: Succads | C38: NewEngland | D38: London | J38: =(E38*2240)+(F38*112)+(G38*28)+H38 -> 0 | L38: =J38/2240 -> 0
A39: 1721 | B39: Tobacco | C39: NewEngland | D39: London | H39: 897 | J39: =(E39*2240)+(F39*112)+(G39*28)+H39 -> 897 | L39: =J39/2240 -> 0.40044643
A40: 1721 | B40: Tortoise Shell | C40: NewEngland | D40: London | J40: =(E40*2240)+(F40*112)+(G40*28)+H40 -> 0 | L40: =J40/2240 -> 0
A41: 1721 | B41: White Sugar | C41: NewEngland | D41: London | J41: =(E41*2240)+(F41*112)+(G41*28)+H41 -> 0 | L41: =J41/2240 -> 0
A42: 1721 | B42: Wood, Braziletto | C42: NewEngland | D42: London | E42: 19 | F42: 17 | G42: 1 | H42: 20 | J42: =(E42*2240)+(F42*112)+(G42*28)+H42 -> 44512 | L42: =J42/2240 -> 19.871429
A43: 1721 | B43: Wood, Fustick | C43: NewEngland | D43: London | E43: 14 | F43: 15 | H43: 8 | J43: =(E43*2240)+(F43*112)+(G43*28)+H43 -> 33048 | L43: =J43/2240 -> 14.753571
A44: 1721 | B44: Wood, Logwood | C44: NewEngland | D44: London | E44: 434 | F44: 10 | H44: 8 | J44: =(E44*2240)+(F44*112)+(G44*28)+H44 -> 973288 | L44: =J44/2240 -> 434.50357
A45: 1721 | B45: Wood, Nicaragua | C45: NewEngland | D45: London | J45: =(E45*2240)+(F45*112)+(G45*28)+H45 -> 0 | L45: =J45/2240 -> 0
A46: 1721 | B46: Wood, Redwood | C46: NewEngland | D46: London | J46: =(E46*2240)+(F46*112)+(G46*28)+H46 -> 0 | L46: =J46/2240 -> 0
A47: 1721 | B47: Wood, Sweetwood | C47: NewEngland | D47: London | J47: =(E47*2240)+(F47*112)+(G47*28)+H47 -> 0 | L47: =J47/2240 -> 0
A48: 1721 | B48: Brown Sugar | C48: NewEngland | D48: Out Ports | F48: 178 | G48: 3 | H48: 19 | J48: =(E48*2240)+(F48*112)+(G48*28)+H48 -> 20039 | L48: =J48/2240 -> 8.9459821
A49: 1721 | B49: Chocolate | C49: NewEngland | D49: Out Ports | J49: =(E49*2240)+(F49*112)+(G49*28)+H49 -> 0 | L49: =J49/2240 -> 0
A50: 1721 | B50: Cocoa Nuts | C50: NewEngland | D50: Out Ports | J50: =(E50*2240)+(F50*112)+(G50*28)+H50 -> 0 | L50: =J50/2240 -> 0
A51: 1721 | B51: Cotton | C51: NewEngland | D51: Out Ports | H51: 7000 | J51: =(E51*2240)+(F51*112)+(G51*28)+H51 -> 7000 | L51: =J51/2240 -> 3.125
A52: 1721 | B52: Dry Ginger | C52: NewEngland | D52: Out Ports | F52: 19 | G52: 1 | H52: 25 | J52: =(E52*2240)+(F52*112)+(G52*28)+H52 -> 2181 | L52: =J52/2240 -> 0.97366071
A53: 1721 | B53: Indigo | C53: NewEngland | D53: Out Ports | H53: 699 | J53: =(E53*2240)+(F53*112)+(G53*28)+H53 -> 699 | L53: =J53/2240 -> 0.31205357
A54: 1721 | B54: Lignum Vitae | C54: NewEngland | D54: Out Ports | J54: =(E54*2240)+(F54*112)+(G54*28)+H54 -> 0 | L54: =J54/2240 -> 0
A55: 1721 | B55: Lime Juice | C55: NewEngland | D55: Out Ports | J55: =(E55*2240)+(F55*112)+(G55*28)+H55 -> 0 | L55: =J55/2240 -> 0
A56: 1721 | B56: Madera Wine | C56: NewEngland | D56: Out Ports | J56: =(E56*2240)+(F56*112)+(G56*28)+H56 -> 0 | L56: =J56/2240 -> 0
A57: 1721 | B57: Molasses | C57: NewEngland | D57: Out Ports | J57: =(E57*2240)+(F57*112)+(G57*28)+H57 -> 0 | L57: =J57/2240 -> 0
A58: 1721 | B58: Rice | C58: NewEngland | D58: Out Ports | F58: 3292 | H58: 26 | J58: =(E58*2240)+(F58*112)+(G58*28)+H58 -> 368730 | L58: =J58/2240 -> 164.61161
A59: 1721 | B59: Rum | C59: NewEngland | D59: Out Ports | H59: 3633 | I59: 360g | J59: =(E59*2240)+(F59*112)+(G59*28)+H59 -> 3633 | L59: =J59/2240 -> 1.621875
A60: 1721 | B60: Shruff | C60: NewEngland | D60: Out Ports | J60: =(E60*2240)+(F60*112)+(G60*28)+H60 -> 0 | L60: =J60/2240 -> 0
A61: 1721 | B61: Succads | C61: NewEngland | D61: Out Ports | J61: =(E61*2240)+(F61*112)+(G61*28)+H61 -> 0 | L61: =J61/2240 -> 0
A62: 1721 | B62: Tobacco | C62: NewEngland | D62: Out Ports | H62: 39800 | J62: =(E62*2240)+(F62*112)+(G62*28)+H62 -> 39800 | L62: =J62/2240 -> 17.767857
A63: 1721 | B63: Tortoise Shell | C63: NewEngland | D63: Out Ports | J63: =(E63*2240)+(F63*112)+(G63*28)+H63 -> 0 | L63: =J63/2240 -> 0
A64: 1721 | B64: White Sugar | C64: NewEngland | D64: Out Ports | J64: =(E64*2240)+(F64*112)+(G64*28)+H64 -> 0 | L64: =J64/2240 -> 0
A65: 1721 | B65: Wood, Braziletto | C65: NewEngland | D65: Out Ports | E65: 2 | F65: 19 | G65: 30 | H65: 27 | J65: =(E65*2240)+(F65*112)+(G65*28)+H65 -> 7475 | L65: =J65/2240 -> 3.3370536
A66: 1721 | B66: Wood, Logwood | C66: NewEngland | D66: Out Ports | E66: 100 | F66: 6 | H66: 26 | J66: =(E66*2240)+(F66*112)+(G66*28)+H66 -> 224698 | L66: =J66/2240 -> 100.31161

Sheet General
A1: YEAR | B1: COMMODITY_NAME | C1: FROM_LOCATION | D1: TO_LOCATION | E1: ton | F1: hh | G1: quarter | H1: lb | J1: Total Pounds | L1: WEIGHT
A2: 1721 | B2: Almonds, Bitter | C2: General | D2: London | J2: =(E2*2240)+(F2*112)+(G2*28)+H2 -> 0 | L2: =J2/2240 -> 0
A3: 1721 | B3: Almonds, Sweet | C3: General | D3: London | J3: =(E3*2240)+(F3*112)+(G3*28)+H3 -> 0 | L3: =J3/2240 -> 0
A4: 1721 | B4: Aloes Epatica | C4: General | D4: London | J4: =(E4*2240)+(F4*112)+(G4*28)+H4 -> 0 | L4: =J4/2240 -> 0
A5: 1721 | B5: Annatto | C5: General | D5: London | J5: =(E5*2240)+(F5*112)+(G5*28)+H5 -> 0 | L5: =J5/2240 -> 0
A6: 1721 | B6: Anniseeds | C6: General | D6: London | J6: =(E6*2240)+(F6*112)+(G6*28)+H6 -> 0 | L6: =J6/2240 -> 0
A7: 1721 | B7: Bacon | C7: General | D7: London | J7: =(E7*2240)+(F7*112)+(G7*28)+H7 -> 0 | L7: =J7/2240 -> 0
A8: 1721 | B8: Barrel Staves | C8: General | D8: London | J8: =(E8*2240)+(F8*112)+(G8*28)+H8 -> 0 | L8: =J8/2240 -> 0
A9: 1721 | B9: Bees Wax | C9: General | D9: London | J9: =(E9*2240)+(F9*112)+(G9*28)+H9 -> 0 | L9: =J9/2240 -> 0
A10: 1721 | B10: Brimstone | C10: General | D10: London | J10: =(E10*2240)+(F10*112)+(G10*28)+H10 -> 0 | L10: =J10/2240 -> 0
A11: 1721 | B11: Brown Sugar | C11: General | D11: London | F11: 1583 | G11: 3 | J11: =(E11*2240)+(F11*112)+(G11*28)+H11 -> 177380 | L11: =J11/2240 -> 79.1875
A12: 1721 | B12: Cassia Fistula | C12: General | D12: London | J12: =(E12*2240)+(F12*112)+(G12*28)+H12 -> 0 | L12: =J12/2240 -> 0
A13: 1721 | B13: Chocolate Paste | C13: General | D13: London | J13: =(E13*2240)+(F13*112)+(G13*28)+H13 -> 0 | L13: =J13/2240 -> 0
A14: 1721 | B14: Cocheneal | C14: General | D14: London | J14: =(E14*2240)+(F14*112)+(G14*28)+H14 -> 0 | L14: =J14/2240 -> 0
A15: 1721 | B15: Cocoa Nuts | C15: General | D15: London | J15: =(E15*2240)+(F15*112)+(G15*28)+H15 -> 0 | L15: =J15/2240 -> 0
A16: 1721 | B16: Cocoa Paste | C16: General | D16: London | J16: =(E16*2240)+(F16*112)+(G16*28)+H16 -> 0 | L16: =J16/2240 -> 0
A17: 1721 | B17: Cortex Winteranus | C17: General | D17: London | J17: =(E17*2240)+(F17*112)+(G17*28)+H17 -> 0 | L17: =J17/2240 -> 0
A18: 1721 | B18: Cotton | C18: General | D18: London | H18: =9*200 -> 1800 | I18: 9bags | J18: =(E18*2240)+(F18*112)+(G18*28)+H18 -> 1800 | L18: =J18/2240 -> 0.80357143
A19: 1721 | B19: Dry Ginger | C19: General | D19: London | F19: 70 | J19: =(E19*2240)+(F19*112)+(G19*28)+H19 -> 7840 | L19: =J19/2240 -> 3.5
A20: 1721 | B20: Elephant Teeth | C20: General | D20: London | J20: =(E20*2240)+(F20*112)+(G20*28)+H20 -> 0 | L20: =J20/2240 -> 0
A21: 1721 | B21: Green Ginger | C21: General | D21: London | J21: =(E21*2240)+(F21*112)+(G21*28)+H21 -> 0 | L21: =J21/2240 -> 0
A22: 1721 | B22: Hemp | C22: General | D22: London | J22: =(E22*2240)+(F22*112)+(G22*28)+H22 -> 0 | L22: =J22/2240 -> 0
A23: 1721 | B23: Indigo | C23: General | D23: London | H23: 80 | J23: =(E23*2240)+(F23*112)+(G23*28)+H23 -> 80 | L23: =J23/2240 -> 0.035714286
A24: 1721 | B24: Lemon Water | C24: General | D24: London | J24: =(E24*2240)+(F24*112)+(G24*28)+H24 -> 0 | L24: =J24/2240 -> 0
A25: 1721 | B25: Lignum Vitae | C25: General | D25: London | J25: =(E25*2240)+(F25*112)+(G25*28)+H25 -> 0 | L25: =J25/2240 -> 0
A26: 1721 | B26: Lime Juice | C26: General | D26: London | J26: =(E26*2240)+(F26*112)+(G26*28)+H26 -> 0 | L26: =J26/2240 -> 0
A27: 1721 | B27: Loaf Sugar | C27: General | D27: London | J27: =(E27*2240)+(F27*112)+(G27*28)+H27 -> 0 | L27: =J27/2240 -> 0
A28: 1721 | B28: Madera Wine | C28: General | D28: London | J28: =(E28*2240)+(F28*112)+(G28*28)+H28 -> 0 | L28: =J28/2240 -> 0
A29: 1721 | B29: Molasses | C29: General | D29: London | J29: =(E29*2240)+(F29*112)+(G29*28)+H29 -> 0 | L29: =J29/2240 -> 0
A30: 1721 | B30: Oranges | C30: General | D30: London | J30: =(E30*2240)+(F30*112)+(G30*28)+H30 -> 0 | L30: =J30/2240 -> 0
A31: 1721 | B31: Pickles | C31: General | D31: London | J31: =(E31*2240)+(F31*112)+(G31*28)+H31 -> 0 | L31: =J31/2240 -> 0
A32: 1721 | B32: Pimento | C32: General | D32: London | J32: =(E32*2240)+(F32*112)+(G32*28)+H32 -> 0 | L32: =J32/2240 -> 0
A33: 1721 | B33: Rice | C33: General | D33: London | J33: =(E33*2240)+(F33*112)+(G33*28)+H33 -> 0 | L33: =J33/2240 -> 0
A34: 1721 | B34: Rum | C34: General | D34: London | H34: 1413 | I34: 140g | J34: =(E34*2240)+(F34*112)+(G34*28)+H34 -> 1413 | L34: =J34/2240 -> 0.63080357
A35: 1721 | B35: Sarsparila | C35: General | D35: London | J35: =(E35*2240)+(F35*112)+(G35*28)+H35 -> 0 | L35: =J35/2240 -> 0
A36: 1721 | B36: Shruff | C36: General | D36: London | J36: =(E36*2240)+(F36*112)+(G36*28)+H36 -> 0 | L36: =J36/2240 -> 0
A37: 1721 | B37: Snuff | C37: General | D37: London | J37: =(E37*2240)+(F37*112)+(G37*28)+H37 -> 0 | L37: =J37/2240 -> 0
A38: 1721 | B38: Succads | C38: General | D38: London | H38: 36 | J38: =(E38*2240)+(F38*112)+(G38*28)+H38 -> 36 | L38: =J38/2240 -> 0.016071429
A39: 1721 | B39: Tobacco | C39: General | D39: London | J39: =(E39*2240)+(F39*112)+(G39*28)+H39 -> 0 | L39: =J39/2240 -> 0
A40: 1721 | B40: Tortoise Shell | C40: General | D40: London | J40: =(E40*2240)+(F40*112)+(G40*28)+H40 -> 0 | L40: =J40/2240 -> 0
A41: 1721 | B41: White Sugar | C41: General | D41: London | J41: =(E41*2240)+(F41*112)+(G41*28)+H41 -> 0 | L41: =J41/2240 -> 0
A42: 1721 | B42: Wood, Braziletto | C42: General | D42: London | J42: =(E42*2240)+(F42*112)+(G42*28)+H42 -> 0 | L42: =J42/2240 -> 0
A43: 1721 | B43: Wood, Fustick | C43: General | D43: London | J43: =(E43*2240)+(F43*112)+(G43*28)+H43 -> 0 | L43: =J43/2240 -> 0
A44: 1721 | B44: Wood, Logwood | C44: General | D44: London | J44: =(E44*2240)+(F44*112)+(G44*28)+H44 -> 0 | L44: =J44/2240 -> 0
A45: 1721 | B45: Wood, Nicaragua | C45: General | D45: London | J45: =(E45*2240)+(F45*112)+(G45*28)+H45 -> 0 | L45: =J45/2240 -> 0
A46: 1721 | B46: Wood, Redwood | C46: General | D46: London | J46: =(E46*2240)+(F46*112)+(G46*28)+H46 -> 0 | L46: =J46/2240 -> 0
A47: 1721 | B47: Wood, Sweetwood | C47: General | D47: London | J47: =(E47*2240)+(F47*112)+(G47*28)+H47 -> 0 | L47: =J47/2240 -> 0
A48: 1721 | B48: Brown Sugar | C48: General | D48: Out Ports | J48: =(E48*2240)+(F48*112)+(G48*28)+H48 -> 0 | L48: =J48/2240 -> 0
A49: 1721 | B49: Chocolate | C49: General | D49: Out Ports | J49: =(E49*2240)+(F49*112)+(G49*28)+H49 -> 0 | L49: =J49/2240 -> 0
A50: 1721 | B50: Cocoa Nuts | C50: General | D50: Out Ports | J50: =(E50*2240)+(F50*112)+(G50*28)+H50 -> 0 | L50: =J50/2240 -> 0
... A63: 1721 | B63: White Sugar | C63: General | D63: Out Ports | J63: =(E63*2240)+(F63*112)+(G63*28)+H63 -> 0 | L63: =J63/2240 -> 0
J64: =(E64*2240)+(F64*112)+(G64*28)+H64 -> 0 | L64: =J64/2240 -> 0
J65: =(E65*2240)+(F65*112)+(G65*28)+H65 -> 0 | L65: =J65/2240 -> 0
