Workbook

Sheet Master Goods Sheet
A1: Item | B1: Total London | C1: Total Outports | D1: Total
A2: Annatto | B2: =SUMIFS(Antigua!$L:$L, Antigua!$B:$B, $A2, Antigua!$D:$D, "London") + SUMIFS(Barbados!$L:$L, Barbados!$B:$B, $A2, Barbados!$D:$D, "London") + SUMIFS(Bermuda!$L:$L, Bermuda!$B:$B, $A2, Bermuda!$D:$D, "London") + SUMIFS(Jamaica!$L:$L, Jamaica!$B:$B, $A2, Jamaica!$D:$D, "London") + SUMIFS(Mountserat!$L:$L, Mountserat!$B:$B, $A2, Mountserat!$D:$D, "London") + SUMIFS(Nevis!$L:$L, Nevis!$B:$B, $A2, Nevis!$D:$D, "London") + SUMIFS('St Kitts'!$L:$L, 'St Kitts'!$B:$B, $A2, 'St Kitts'!$D:$D, "London") + SUMIFS(WestIndiesGeneral!$L:$L, WestIndiesGeneral!$B:$B, $A2, WestIndiesGeneral!$D:$D, "London") -> 0.055803571 | C2: =SUMIFS(Antigua!$L:$L, Antigua!$B:$B, $A2, Antigua!$D:$D, "Out Ports") + SUMIFS(Barbados!$L:$L, Barbados!$B:$B, $A2, Barbados!$D:$D, "Out Ports") + SUMIFS(Bermuda!$L:$L, Bermuda!$B:$B, $A2, Bermuda!$D:$D, "Out Ports") + SUMIFS(Jamaica!$L:$L, Jamaica!$B:$B, $A2, Jamaica!$D:$D, "Out Ports") + SUMIFS(Mountserat!$L:$L, Mountserat!$B:$B, $A2, Mountserat!$D:$D, "Out Ports") + SUMIFS(Nevis!$L:$L, Nevis!$B:$B, $A2, Nevis!$D:$D, "Out Ports") + SUMIFS('St Kitts'!$L:$L, 'St Kitts'!$B:$B, $A2, 'St Kitts'!$D:$D, "Out Ports") + SUMIFS(WestIndiesGeneral!$L:$L, WestIndiesGeneral!$B:$B, $A2, WestIndiesGeneral!$D:$D, "London") -> 0 | D2: =B2+C2 -> 0.055803571
A3: Bees Wax | B3: =SUMIFS(Antigua!$L:$L, Antigua!$B:$B, $A3, Antigua!$D:$D, "London") + SUMIFS(Barbados!$L:$L, Barbados!$B:$B, $A3, Barbados!$D:$D, "London") + SUMIFS(Bermuda!$L:$L, Bermuda!$B:$B, $A3, Bermuda!$D:$D, "London") + SUMIFS(Jamaica!$L:$L, Jamaica!$B:$B, $A3, Jamaica!$D:$D, "London") + SUMIFS(Mountserat!$L:$L, Mountserat!$B:$B, $A3, Mountserat!$D:$D, "London") + SUMIFS(Nevis!$L:$L, Nevis!$B:$B, $A3, Nevis!$D:$D, "London") + SUMIFS('St Kitts'!$L:$L, 'St Kitts'!$B:$B, $A3, 'St Kitts'!$D:$D, "London") + SUMIFS(WestIndiesGeneral!$L:$L, WestIndiesGeneral!$B:$B, $A3, WestIndiesGeneral!$D:$D, "London") -> 8.8883929 | C3: =SUMIFS(Antigua!$L:$L, Antigua!$B:$B, $A3, Antigua!$D:$D, "Out Ports") + SUMIFS(Barbados!$L:$L, Barbados!$B:$B, $A3, Barbados!$D:$D, "Out Ports") + SUMIFS(Bermuda!$L:$L, Bermuda!$B:$B, $A3, Bermuda!$D:$D, "Out Ports") + SUMIFS(Jamaica!$L:$L, Jamaica!$B:$B, $A3, Jamaica!$D:$D, "Out Ports") + SUMIFS(Mountserat!$L:$L, Mountserat!$B:$B, $A3, Mountserat!$D:$D, "Out Ports") + SUMIFS(Nevis!$L:$L, Nevis!$B:$B, $A3, Nevis!$D:$D, "Out Ports") + SUMIFS('St Kitts'!$L:$L, 'St Kitts'!$B:$B, $A3, 'St Kitts'!$D:$D, "Out Ports") + SUMIFS(WestIndiesGeneral!$L:$L, WestIndiesGeneral!$B:$B, $A3, WestIndiesGeneral!$D:$D, "London") -> 0.25 | D3: =B3+C3 -> 9.1383929
A4: Brown Sugar | B4: =SUMIFS(Antigua!$L:$L, Antigua!$B:$B, $A4, Antigua!$D:$D, "London") + SUMIFS(Barbados!$L:$L, Barbados!$B:$B, $A4, Barbados!$D:$D, "London") + SUMIFS(Bermuda!$L:$L, Bermuda!$B:$B, $A4, Bermuda!$D:$D, "London") + SUMIFS(Jamaica!$L:$L, Jamaica!$B:$B, $A4, Jamaica!$D:$D, "London") + SUMIFS(Mountserat!$L:$L, Mountserat!$B:$B, $A4, Mountserat!$D:$D, "London") + SUMIFS(Nevis!$L:$L, Nevis!$B:$B, $A4, Nevis!$D:$D, "London") + SUMIFS('St Kitts'!$L:$L, 'St Kitts'!$B:$B, $A4, 'St Kitts'!$D:$D, "London") + SUMIFS(WestIndiesGeneral!$L:$L, WestIndiesGeneral!$B:$B, $A4, WestIndiesGeneral!$D:$D, "London") -> 30220.321 | C4: =SUMIFS(Antigua!$L:$L, Antigua!$B:$B, $A4, Antigua!$D:$D, "Out Ports") + SUMIFS(Barbados!$L:$L, Barbados!$B:$B, $A4, Barbados!$D:$D, "Out Ports") + SUMIFS(Bermuda!$L:$L, Bermuda!$B:$B, $A4, Bermuda!$D:$D, "Out Ports") + SUMIFS(Jamaica!$L:$L, Jamaica!$B:$B, $A4, Jamaica!$D:$D, "Out Ports") + SUMIFS(Mountserat!$L:$L, Mountserat!$B:$B, $A4, Mountserat!$D:$D, "Out Ports") + SUMIFS(Nevis!$L:$L, Nevis!$B:$B, $A4, Nevis!$D:$D, "Out Ports") + SUMIFS('St Kitts'!$L:$L, 'St Kitts'!$B:$B, $A4, 'St Kitts'!$D:$D, "Out Ports") + SUMIFS(WestIndiesGeneral!$L:$L, WestIndiesGeneral!$B:$B, $A4, WestIndiesGeneral!$D:$D, "London") -> 10450.29 | D4: =B4+C4 -> 40670.61
A5: Chocolate | B5: =SUMIFS(Antigua!$L:$L, Antigua!$B:$B, $A5, Antigua!$D:$D, "London") + SUMIFS(Barbados!$L:$L, Barbados!$B:$B, $A5, Barbados!$D:$D, "London") + SUMIFS(Bermuda!$L:$L, Bermuda!$B:$B, $A5, Bermuda!$D:$D, "London") + SUMIFS(Jamaica!$L:$L, Jamaica!$B:$B, $A5, Jamaica!$D:$D, "London") + SUMIFS(Mountserat!$L:$L, Mountserat!$B:$B, $A5, Mountserat!$D:$D, "London") + SUMIFS(Nevis!$L:$L, Nevis!$B:$B, $A5, Nevis!$D:$D, "London") + SUMIFS('St Kitts'!$L:$L, 'St Kitts'!$B:$B, $A5, 'St Kitts'!$D:$D, "London") + SUMIFS(WestIndiesGeneral!$L:$L, WestIndiesGeneral!$B:$B, $A5, WestIndiesGeneral!$D:$D, "London") -> 0 | C5: =SUMIFS(Antigua!$L:$L, Antigua!$B:$B, $A5, Antigua!$D:$D, "Out Ports") + SUMIFS(Barbados!$L:$L, Barbados!$B:$B, $A5, Barbados!$D:$D, "Out Ports") + SUMIFS(Bermuda!$L:$L, Bermuda!$B:$B, $A5, Bermuda!$D:$D, "Out Ports") + SUMIFS(Jamaica!$L:$L, Jamaica!$B:$B, $A5, Jamaica!$D:$D, "Out Ports") + SUMIFS(Mountserat!$L:$L, Mountserat!$B:$B, $A5, Mountserat!$D:$D, "Out Ports") + SUMIFS(Nevis!$L:$L, Nevis!$B:$B, $A5, Nevis!$D:$D, "Out Ports") + SUMIFS('St Kitts'!$L:$L, 'St Kitts'!$B:$B, $A5, 'St Kitts'!$D:$D, "Out Ports") + SUMIFS(WestIndiesGeneral!$L:$L, WestIndiesGeneral!$B:$B, $A5, WestIndiesGeneral!$D:$D, "London") -> 0 | D5: =B5+C5 -> 0
A6: Cocoa Nuts | B6: =SUMIFS(Antigua!$L:$L, Antigua!$B:$B, $A6, Antigua!$D:$D, "London") + SUMIFS(Barbados!$L:$L, Barbados!$B:$B, $A6, Barbados!$D:$D, "London") + SUMIFS(Bermuda!$L:$L, Bermuda!$B:$B, $A6, Bermuda!$D:$D, "London") + SUMIFS(Jamaica!$L:$L, Jamaica!$B:$B, $A6, Jamaica!$D:$D, "London") + SUMIFS(Mountserat!$L:$L, Mountserat!$B:$B, $A6, Mountserat!$D:$D, "London") + SUMIFS(Nevis!$L:$L, Nevis!$B:$B, $A6, Nevis!$D:$D, "London") + SUMIFS('St Kitts'!$L:$L, 'St Kitts'!$B:$B, $A6, 'St Kitts'!$D:$D, "London") + SUMIFS(WestIndiesGeneral!$L:$L, WestIndiesGeneral!$B:$B, $A6, WestIndiesGeneral!$D:$D, "London") -> 0.044642857 | C6: =SUMIFS(Antigua!$L:$L, Antigua!$B:$B, $A6, Antigua!$D:$D, "Out Ports") + SUMIFS(Barbados!$L:$L, Barbados!$B:$B, $A6, Barbados!$D:$D, "Out Ports") + SUMIFS(Bermuda!$L:$L, Bermuda!$B:$B, $A6, Bermuda!$D:$D, "Out Ports") + SUMIFS(Jamaica!$L:$L, Jamaica!$B:$B, $A6, Jamaica!$D:$D, "Out Ports") + SUMIFS(Mountserat!$L:$L, Mountserat!$B:$B, $A6, Mountserat!$D:$D, "Out Ports") + SUMIFS(Nevis!$L:$L, Nevis!$B:$B, $A6, Nevis!$D:$D, "Out Ports") + SUMIFS('St Kitts'!$L:$L, 'St Kitts'!$B:$B, $A6, 'St Kitts'!$D:$D, "Out Ports") + SUMIFS(WestIndiesGeneral!$L:$L, WestIndiesGeneral!$B:$B, $A6, WestIndiesGeneral!$D:$D, "London") -> 5.9138393 | D6: =B6+C6 -> 5.9584821
A7: Cotton | B7: =SUMIFS(Antigua!$L:$L, Antigua!$B:$B, $A7, Antigua!$D:$D, "London") + SUMIFS(Barbados!$L:$L, Barbados!$B:$B, $A7, Barbados!$D:$D, "London") + SUMIFS(Bermuda!$L:$L, Bermuda!$B:$B, $A7, Bermuda!$D:$D, "London") + SUMIFS(Jamaica!$L:$L, Jamaica!$B:$B, $A7, Jamaica!$D:$D, "London") + SUMIFS(Mountserat!$L:$L, Mountserat!$B:$B, $A7, Mountserat!$D:$D, "London") + SUMIFS(Nevis!$L:$L, Nevis!$B:$B, $A7, Nevis!$D:$D, "London") + SUMIFS('St Kitts'!$L:$L, 'St Kitts'!$B:$B, $A7, 'St Kitts'!$D:$D, "London") + SUMIFS(WestIndiesGeneral!$L:$L, WestIndiesGeneral!$B:$B, $A7, WestIndiesGeneral!$D:$D, "London") -> 166.74107 | C7: =SUMIFS(Antigua!$L:$L, Antigua!$B:$B, $A7, Antigua!$D:$D, "Out Ports") + SUMIFS(Barbados!$L:$L, Barbados!$B:$B, $A7, Barbados!$D:$D, "Out Ports") + SUMIFS(Bermuda!$L:$L, Bermuda!$B:$B, $A7, Bermuda!$D:$D, "Out Ports") + SUMIFS(Jamaica!$L:$L, Jamaica!$B:$B, $A7, Jamaica!$D:$D, "Out Ports") + SUMIFS(Mountserat!$L:$L, Mountserat!$B:$B, $A7, Mountserat!$D:$D, "Out Ports") + SUMIFS(Nevis!$L:$L, Nevis!$B:$B, $A7, Nevis!$D:$D, "Out Ports") + SUMIFS('St Kitts'!$L:$L, 'St Kitts'!$B:$B, $A7, 'St Kitts'!$D:$D, "Out Ports") + SUMIFS(WestIndiesGeneral!$L:$L, WestIndiesGeneral!$B:$B, $A7, WestIndiesGeneral!$D:$D, "London") -> 309.86607 | D7: =B7+C7 -> 476.60714
A8: Dry Ginger | B8: =SUMIFS(Antigua!$L:$L, Antigua!$B:$B, $A8, Antigua!$D:$D, "London") + SUMIFS(Barbados!$L:$L, Barbados!$B:$B, $A8, Barbados!$D:$D, "London") + SUMIFS(Bermuda!$L:$L, Bermuda!$B:$B, $A8, Bermuda!$D:$D, "London") + SUMIFS(Jamaica!$L:$L, Jamaica!$B:$B, $A8, Jamaica!$D:$D, "London") + SUMIFS(Mountserat!$L:$L, Mountserat!$B:$B, $A8, Mountserat!$D:$D, "London") + SUMIFS(Nevis!$L:$L, Nevis!$B:$B, $A8, Nevis!$D:$D, "London") + SUMIFS('St Kitts'!$L:$L, 'St Kitts'!$B:$B, $A8, 'St Kitts'!$D:$D, "London") + SUMIFS(WestIndiesGeneral!$L:$L, WestIndiesGeneral!$B:$B, $A8, WestIndiesGeneral!$D:$D, "London") -> 289.10491 | C8: =SUMIFS(Antigua!$L:$L, Antigua!$B:$B, $A8, Antigua!$D:$D, "Out Ports") + SUMIFS(Barbados!$L:$L, Barbados!$B:$B, $A8, Barbados!$D:$D, "Out Ports") + SUMIFS(Bermuda!$L:$L, Bermuda!$B:$B, $A8, Bermuda!$D:$D, "Out Ports") + SUMIFS(Jamaica!$L:$L, Jamaica!$B:$B, $A8, Jamaica!$D:$D, "Out Ports") + SUMIFS(Mountserat!$L:$L, Mountserat!$B:$B, $A8, Mountserat!$D:$D, "Out Ports") + SUMIFS(Nevis!$L:$L, Nevis!$B:$B, $A8, Nevis!$D:$D, "Out Ports") + SUMIFS('St Kitts'!$L:$L, 'St Kitts'!$B:$B, $A8, 'St Kitts'!$D:$D, "Out Ports") + SUMIFS(WestIndiesGeneral!$L:$L, WestIndiesGeneral!$B:$B, $A8, WestIndiesGeneral!$D:$D, "London") -> 306.24375 | D8: =B8+C8 -> 595.34866
A9: Elephant Teeth | B9: =SUMIFS(Antigua!$L:$L, Antigua!$B:$B, $A9, Antigua!$D:$D, "London") + SUMIFS(Barbados!$L:$L, Barbados!$B:$B, $A9, Barbados!$D:$D, "London") + SUMIFS(Bermuda!$L:$L, Bermuda!$B:$B, $A9, Bermuda!$D:$D, "London") + SUMIFS(Jamaica!$L:$L, Jamaica!$B:$B, $A9, Jamaica!$D:$D, "London") + SUMIFS(Mountserat!$L:$L, Mountserat!$B:$B, $A9, Mountserat!$D:$D, "London") + SUMIFS(Nevis!$L:$L, Nevis!$B:$B, $A9, Nevis!$D:$D, "London") + SUMIFS('St Kitts'!$L:$L, 'St Kitts'!$B:$B, $A9, 'St Kitts'!$D:$D, "London") + SUMIFS(WestIndiesGeneral!$L:$L, WestIndiesGeneral!$B:$B, $A9, WestIndiesGeneral!$D:$D, "London") -> 30.728571 | C9: =SUMIFS(Antigua!$L:$L, Antigua!$B:$B, $A9, Antigua!$D:$D, "Out Ports") + SUMIFS(Barbados!$L:$L, Barbados!$B:$B, $A9, Barbados!$D:$D, "Out Ports") + SUMIFS(Bermuda!$L:$L, Bermuda!$B:$B, $A9, Bermuda!$D:$D, "Out Ports") + SUMIFS(Jamaica!$L:$L, Jamaica!$B:$B, $A9, Jamaica!$D:$D, "Out Ports") + SUMIFS(Mountserat!$L:$L, Mountserat!$B:$B, $A9, Mountserat!$D:$D, "Out Ports") + SUMIFS(Nevis!$L:$L, Nevis!$B:$B, $A9, Nevis!$D:$D, "Out Ports") + SUMIFS('St Kitts'!$L:$L, 'St Kitts'!$B:$B, $A9, 'St Kitts'!$D:$D, "Out Ports") + SUMIFS(WestIndiesGeneral!$L:$L, WestIndiesGeneral!$B:$B, $A9, WestIndiesGeneral!$D:$D, "London") -> 23.2 | D9: =B9+C9 -> 53.928571
A10: Indigo | B10: =SUMIFS(Antigua!$L:$L, Antigua!$B:$B, $A10, Antigua!$D:$D, "London") + SUMIFS(Barbados!$L:$L, Barbados!$B:$B, $A10, Barbados!$D:$D, "London") + SUMIFS(Bermuda!$L:$L, Bermuda!$B:$B, $A10, Bermuda!$D:$D, "London") + SUMIFS(Jamaica!$L:$L, Jamaica!$B:$B, $A10, Jamaica!$D:$D, "London") + SUMIFS(Mountserat!$L:$L, Mountserat!$B:$B, $A10, Mountserat!$D:$D, "London") + SUMIFS(Nevis!$L:$L, Nevis!$B:$B, $A10, Nevis!$D:$D, "London") + SUMIFS('St Kitts'!$L:$L, 'St Kitts'!$B:$B, $A10, 'St Kitts'!$D:$D, "London") + SUMIFS(WestIndiesGeneral!$L:$L, WestIndiesGeneral!$B:$B, $A10, WestIndiesGeneral!$D:$D, "London") -> 43.639286 | C10: =SUMIFS(Antigua!$L:$L, Antigua!$B:$B, $A10, Antigua!$D:$D, "Out Ports") + SUMIFS(Barbados!$L:$L, Barbados!$B:$B, $A10, Barbados!$D:$D, "Out Ports") + SUMIFS(Bermuda!$L:$L, Bermuda!$B:$B, $A10, Bermuda!$D:$D, "Out Ports") + SUMIFS(Jamaica!$L:$L, Jamaica!$B:$B, $A10, Jamaica!$D:$D, "Out Ports") + SUMIFS(Mountserat!$L:$L, Mountserat!$B:$B, $A10, Mountserat!$D:$D, "Out Ports") + SUMIFS(Nevis!$L:$L, Nevis!$B:$B, $A10, Nevis!$D:$D, "Out Ports") + SUMIFS('St Kitts'!$L:$L, 'St Kitts'!$B:$B, $A10, 'St Kitts'!$D:$D, "Out Ports") + SUMIFS(WestIndiesGeneral!$L:$L, WestIndiesGeneral!$B:$B, $A10, WestIndiesGeneral!$D:$D, "London") -> 54.376786 | D10: =B10+C10 -> 98.016071
A11: Lignum Vitae | B11: =SUMIFS(Antigua!$L:$L, Antigua!$B:$B, $A11, Antigua!$D:$D, "London") + SUMIFS(Barbados!$L:$L, Barbados!$B:$B, $A11, Barbados!$D:$D, "London") + SUMIFS(Bermuda!$L:$L, Bermuda!$B:$B, $A11, Bermuda!$D:$D, "London") + SUMIFS(Jamaica!$L:$L, Jamaica!$B:$B, $A11, Jamaica!$D:$D, "London") + SUMIFS(Mountserat!$L:$L, Mountserat!$B:$B, $A11, Mountserat!$D:$D, "London") + SUMIFS(Nevis!$L:$L, Nevis!$B:$B, $A11, Nevis!$D:$D, "London") + SUMIFS('St Kitts'!$L:$L, 'St Kitts'!$B:$B, $A11, 'St Kitts'!$D:$D, "London") + SUMIFS(WestIndiesGeneral!$L:$L, WestIndiesGeneral!$B:$B, $A11, WestIndiesGeneral!$D:$D, "London") -> 35.325 | C11: =SUMIFS(Antigua!$L:$L, Antigua!$B:$B, $A11, Antigua!$D:$D, "Out Ports") + SUMIFS(Barbados!$L:$L, Barbados!$B:$B, $A11, Barbados!$D:$D, "Out Ports") + SUMIFS(Bermuda!$L:$L, Bermuda!$B:$B, $A11, Bermuda!$D:$D, "Out Ports") + SUMIFS(Jamaica!$L:$L, Jamaica!$B:$B, $A11, Jamaica!$D:$D, "Out Ports") + SUMIFS(Mountserat!$L:$L, Mountserat!$B:$B, $A11, Mountserat!$D:$D, "Out Ports") + SUMIFS(Nevis!$L:$L, Nevis!$B:$B, $A11, Nevis!$D:$D, "Out Ports") + SUMIFS('St Kitts'!$L:$L, 'St Kitts'!$B:$B, $A11, 'St Kitts'!$D:$D, "Out Ports") + SUMIFS(WestIndiesGeneral!$L:$L, WestIndiesGeneral!$B:$B, $A11, WestIndiesGeneral!$D:$D, "London") -> 22.833036 | D11: =B11+C11 -> 58.158036
A12: Lime Juice | B12: =SUMIFS(Antigua!$L:$L, Antigua!$B:$B, $A12, Antigua!$D:$D, "London") + SUMIFS(Barbados!$L:$L, Barbados!$B:$B, $A12, Barbados!$D:$D, "London") + SUMIFS(Bermuda!$L:$L, Bermuda!$B:$B, $A12, Bermuda!$D:$D, "London") + SUMIFS(Jamaica!$L:$L, Jamaica!$B:$B, $A12, Jamaica!$D:$D, "London") + SUMIFS(Mountserat!$L:$L, Mountserat!$B:$B, $A12, Mountserat!$D:$D, "London") + SUMIFS(Nevis!$L:$L, Nevis!$B:$B, $A12, Nevis!$D:$D, "London") + SUMIFS('St Kitts'!$L:$L, 'St Kitts'!$B:$B, $A12, 'St Kitts'!$D:$D, "London") + SUMIFS(WestIndiesGeneral!$L:$L, WestIndiesGeneral!$B:$B, $A12, WestIndiesGeneral!$D:$D, "London") -> 22.836161 | C12: =SUMIFS(Antigua!$L:$L, Antigua!$B:$B, $A12, Antigua!$D:$D, "Out Ports") + SUMIFS(Barbados!$L:$L, Barbados!$B:$B, $A12, Barbados!$D:$D, "Out Ports") + SUMIFS(Bermuda!$L:$L, Bermuda!$B:$B, $A12, Bermuda!$D:$D, "Out Ports") + SUMIFS(Jamaica!$L:$L, Jamaica!$B:$B, $A12, Jamaica!$D:$D, "Out Ports") + SUMIFS(Mountserat!$L:$L, Mountserat!$B:$B, $A12, Mountserat!$D:$D, "Out Ports") + SUMIFS(Nevis!$L:$L, Nevis!$B:$B, $A12, Nevis!$D:$D, "Out Ports") + SUMIFS('St Kitts'!$L:$L, 'St Kitts'!$B:$B, $A12, 'St Kitts'!$D:$D, "Out Ports") + SUMIFS(WestIndiesGeneral!$L:$L, WestIndiesGeneral!$B:$B, $A12, WestIndiesGeneral!$D:$D, "London") -> 16.941741 | D12: =B12+C12 -> 39.777902
A13: Molasses | B13: =SUMIFS(Antigua!$L:$L, Antigua!$B:$B, $A13, Antigua!$D:$D, "London") + SUMIFS(Barbados!$L:$L, Barbados!$B:$B, $A13, Barbados!$D:$D, "London") + SUMIFS(Bermuda!$L:$L, Bermuda!$B:$B, $A13, Bermuda!$D:$D, "London") + SUMIFS(Jamaica!$L:$L, Jamaica!$B:$B, $A13, Jamaica!$D:$D, "London") + SUMIFS(Mountserat!$L:$L, Mountserat!$B:$B, $A13, Mountserat!$D:$D, "London") + SUMIFS(Nevis!$L:$L, Nevis!$B:$B, $A13, Nevis!$D:$D, "London") + SUMIFS('St Kitts'!$L:$L, 'St Kitts'!$B:$B, $A13, 'St Kitts'!$D:$D, "London") + SUMIFS(WestIndiesGeneral!$L:$L, WestIndiesGeneral!$B:$B, $A13, WestIndiesGeneral!$D:$D, "London") -> 2.2602679 | C13: =SUMIFS(Antigua!$L:$L, Antigua!$B:$B, $A13, Antigua!$D:$D, "Out Ports") + SUMIFS(Barbados!$L:$L, Barbados!$B:$B, $A13, Barbados!$D:$D, "Out Ports") + SUMIFS(Bermuda!$L:$L, Bermuda!$B:$B, $A13, Bermuda!$D:$D, "Out Ports") + SUMIFS(Jamaica!$L:$L, Jamaica!$B:$B, $A13, Jamaica!$D:$D, "Out Ports") + SUMIFS(Mountserat!$L:$L, Mountserat!$B:$B, $A13, Mountserat!$D:$D, "Out Ports") + SUMIFS(Nevis!$L:$L, Nevis!$B:$B, $A13, Nevis!$D:$D, "Out Ports") + SUMIFS('St Kitts'!$L:$L, 'St Kitts'!$B:$B, $A13, 'St Kitts'!$D:$D, "Out Ports") + SUMIFS(WestIndiesGeneral!$L:$L, WestIndiesGeneral!$B:$B, $A13, WestIndiesGeneral!$D:$D, "London") -> 0 | D13: =B13+C13 -> 2.2602679
... A31: Wood, Sweetwood | B31: =SUMIFS(Antigua!$L:$L, Antigua!$B:$B, $A31, Antigua!$D:$D, "London") + SUMIFS(Barbados!$L:$L, Barbados!$B:$B, $A31, Barbados!$D:$D, "London") + SUMIFS(Bermuda!$L:$L, Bermuda!$B:$B, $A31, Bermuda!$D:$D, "London") + SUMIFS(Jamaica!$L:$L, Jamaica!$B:$B, $A31, Jamaica!$D:$D, "London") + SUMIFS(Mountserat!$L:$L, Mountserat!$B:$B, $A31, Mountserat!$D:$D, "London") + SUMIFS(Nevis!$L:$L, Nevis!$B:$B, $A31, Nevis!$D:$D, "London") + SUMIFS('St Kitts'!$L:$L, 'St Kitts'!$B:$B, $A31, 'St Kitts'!$D:$D, "London") + SUMIFS(WestIndiesGeneral!$L:$L, WestIndiesGeneral!$B:$B, $A31, WestIndiesGeneral!$D:$D, "London") -> 0 | C31: =SUMIFS(Antigua!$L:$L, Antigua!$B:$B, $A31, Antigua!$D:$D, "Out Ports") + SUMIFS(Barbados!$L:$L, Barbados!$B:$B, $A31, Barbados!$D:$D, "Out Ports") + SUMIFS(Bermuda!$L:$L, Bermuda!$B:$B, $A31, Bermuda!$D:$D, "Out Ports") + SUMIFS(Jamaica!$L:$L, Jamaica!$B:$B, $A31, Jamaica!$D:$D, "Out Ports") + SUMIFS(Mountserat!$L:$L, Mountserat!$B:$B, $A31, Mountserat!$D:$D, "Out Ports") + SUMIFS(Nevis!$L:$L, Nevis!$B:$B, $A31, Nevis!$D:$D, "Out Ports") + SUMIFS('St Kitts'!$L:$L, 'St Kitts'!$B:$B, $A31, 'St Kitts'!$D:$D, "Out Ports") + SUMIFS(WestIndiesGeneral!$L:$L, WestIndiesGeneral!$B:$B, $A31, WestIndiesGeneral!$D:$D, "London") -> 0 | D31: =B31+C31 -> 0

Sheet Anguilla
A1: YEAR | B1: COMMODITY_NAME | C1: FROM_LOCATION | D1: TO_LOCATION | E1: ton | F1: hh | G1: quarter | H1: lb | J1: Total Pounds | L1: WEIGHT
B2: Almonds, Bitter | C2: Anguilla | D2: London
B3: Almonds, Sweet | C3: Anguilla | D3: London
B4: Aloes Epatica | C4: Anguilla | D4: London
B5: Annatto | C5: Anguilla | D5: London
B6: Anniseeds | C6: Anguilla | D6: London
B7: Bacon | C7: Anguilla | D7: London
B8: Barrel Staves | C8: Anguilla | D8: London
B9: Bay Berries | C9: Anguilla | D9: London
B10: Bees Wax | C10: Anguilla | D10: London
B11: Brimstone | C11: Anguilla | D11: London
B12: Brown Sugar | C12: Anguilla | D12: London
B13: Cassia Fistula | C13: Anguilla | D13: London
... B88: Wood, Redwood | C88: Anguilla | D88: Out Ports

Sheet Antigua
A1: YEAR | B1: COMMODITY_NAME | C1: FROM_LOCATION | D1: TO_LOCATION | E1: ton | F1: hh | G1: quarter | H1: lb | J1: Total Pounds | L1: WEIGHT
A2: 1731 | B2: Almonds, Bitter | C2: Antigua | D2: London | J2: =(E2*2240)+(F2*112)+(G2*28)+H2 -> 0 | L2: =J2/2240 -> 0
A3: 1731 | B3: Almonds, Sweet | C3: Antigua | D3: London | J3: =(E3*2240)+(F3*112)+(G3*28)+H3 -> 0 | L3: =J3/2240 -> 0
A4: 1731 | B4: Aloes Epatica | C4: Antigua | D4: London | J4: =(E4*2240)+(F4*112)+(G4*28)+H4 -> 0 | L4: =J4/2240 -> 0
A5: 1731 | B5: Annatto | C5: Antigua | D5: London | J5: =(E5*2240)+(F5*112)+(G5*28)+H5 -> 0 | L5: =J5/2240 -> 0
A6: 1731 | B6: Anniseeds | C6: Antigua | D6: London | J6: =(E6*2240)+(F6*112)+(G6*28)+H6 -> 0 | L6: =J6/2240 -> 0
A7: 1731 | B7: Bacon | C7: Antigua | D7: London | J7: =(E7*2240)+(F7*112)+(G7*28)+H7 -> 0 | L7: =J7/2240 -> 0
A8: 1731 | B8: Balsam Natural | C8: Antigua | D8: London | J8: =(E8*2240)+(F8*112)+(G8*28)+H8 -> 0 | L8: =J8/2240 -> 0
A9: 1731 | B9: Barbados Tarr | C9: Antigua | D9: London | H9: 24 | J9: =(E9*2240)+(F9*112)+(G9*28)+H9 -> 24 | L9: =J9/2240 -> 0.010714286
A10: 1731 | B10: Barrel Staves | C10: Antigua | D10: London | J10: =(E10*2240)+(F10*112)+(G10*28)+H10 -> 0 | L10: =J10/2240 -> 0
A11: 1731 | B11: Bay Berries | C11: Antigua | D11: London | J11: =(E11*2240)+(F11*112)+(G11*28)+H11 -> 0 | L11: =J11/2240 -> 0
A12: 1731 | B12: Bees Wax | C12: Antigua | D12: London | F12: 109 | H12: 18 | J12: =(E12*2240)+(F12*112)+(G12*28)+H12 -> 12226 | L12: =J12/2240 -> 5.4580357
A13: 1731 | B13: Brimstone | C13: Antigua | D13: London | J13: =(E13*2240)+(F13*112)+(G13*28)+H13 -> 0 | L13: =J13/2240 -> 0
A14: 1731 | B14: Brown Sugar | C14: Antigua | D14: London | F14: 99437 | G14: 2 | H14: 17 | J14: =(E14*2240)+(F14*112)+(G14*28)+H14 -> 11137017 | L14: =J14/2240 -> 4971.8826
A15: 1731 | B15: Cascarilla | C15: Antigua | D15: London | J15: =(E15*2240)+(F15*112)+(G15*28)+H15 -> 0 | L15: =J15/2240 -> 0
A16: 1731 | B16: Cassia Fistula | C16: Antigua | D16: London | J16: =(E16*2240)+(F16*112)+(G16*28)+H16 -> 0 | L16: =J16/2240 -> 0
A17: 1731 | B17: Chocolate | C17: Antigua | D17: London | J17: =(E17*2240)+(F17*112)+(G17*28)+H17 -> 0 | L17: =J17/2240 -> 0
A18: 1731 | B18: Cocheneal | C18: Antigua | D18: London | J18: =(E18*2240)+(F18*112)+(G18*28)+H18 -> 0 | L18: =J18/2240 -> 0
A19: 1731 | B19: Cocoa Nuts | C19: Antigua | D19: London | J19: =(E19*2240)+(F19*112)+(G19*28)+H19 -> 0 | L19: =J19/2240 -> 0
A20: 1731 | B20: Cocoa Paste | C20: Antigua | D20: London | J20: =(E20*2240)+(F20*112)+(G20*28)+H20 -> 0 | L20: =J20/2240 -> 0
A21: 1731 | B21: Coffee | C21: Antigua | D21: London | J21: =(E21*2240)+(F21*112)+(G21*28)+H21 -> 0 | L21: =J21/2240 -> 0
A22: 1731 | B22: Cortex Peru | C22: Antigua | D22: London | J22: =(E22*2240)+(F22*112)+(G22*28)+H22 -> 0 | L22: =J22/2240 -> 0
A23: 1731 | B23: Cortex Winteranus | C23: Antigua | D23: London | J23: =(E23*2240)+(F23*112)+(G23*28)+H23 -> 0 | L23: =J23/2240 -> 0
A24: 1731 | B24: Cotton | C24: Antigua | D24: London | H24: =256.5*200 -> 51300 | I24: 256.5bags | J24: =(E24*2240)+(F24*112)+(G24*28)+H24 -> 51300 | L24: =J24/2240 -> 22.901786
A25: 1731 | B25: Dry Ginger | C25: Antigua | D25: London | F25: 87 | H25: 5 | J25: =(E25*2240)+(F25*112)+(G25*28)+H25 -> 9749 | L25: =J25/2240 -> 4.3522321
A26: 1731 | B26: Elephant Teeth | C26: Antigua | D26: London | F26: 417 | H26: 11 | J26: =(E26*2240)+(F26*112)+(G26*28)+H26 -> 46715 | L26: =J26/2240 -> 20.854911
A27: 1731 | B27: Green Ginger | C27: Antigua | D27: London | J27: =(E27*2240)+(F27*112)+(G27*28)+H27 -> 0 | L27: =J27/2240 -> 0
A28: 1731 | B28: Guinea Grains | C28: Antigua | D28: London | H28: 4116 | J28: =(E28*2240)+(F28*112)+(G28*28)+H28 -> 4116 | L28: =J28/2240 -> 1.8375
A29: 1731 | B29: Gum Guiaci | C29: Antigua | D29: London | J29: =(E29*2240)+(F29*112)+(G29*28)+H29 -> 0 | L29: =J29/2240 -> 0
A30: 1731 | B30: Gum Seneca | C30: Antigua | D30: London | J30: =(E30*2240)+(F30*112)+(G30*28)+H30 -> 0 | L30: =J30/2240 -> 0
A31: 1731 | B31: Hemp | C31: Antigua | D31: London | J31: =(E31*2240)+(F31*112)+(G31*28)+H31 -> 0 | L31: =J31/2240 -> 0
A32: 1731 | B32: Hypococania | C32: Antigua | D32: London | J32: =(E32*2240)+(F32*112)+(G32*28)+H32 -> 0 | L32: =J32/2240 -> 0
A33: 1731 | B33: Indigo | C33: Antigua | D33: London | J33: =(E33*2240)+(F33*112)+(G33*28)+H33 -> 0 | L33: =J33/2240 -> 0
A34: 1731 | B34: Jallop? | C34: Antigua | D34: London | J34: =(E34*2240)+(F34*112)+(G34*28)+H34 -> 0 | L34: =J34/2240 -> 0
A35: 1731 | B35: Lemon Water | C35: Antigua | D35: London | J35: =(E35*2240)+(F35*112)+(G35*28)+H35 -> 0 | L35: =J35/2240 -> 0
A36: 1731 | B36: Lignum Vitae | C36: Antigua | D36: London | E36: 6 | J36: =(E36*2240)+(F36*112)+(G36*28)+H36 -> 13440 | L36: =J36/2240 -> 6
A37: 1731 | B37: Lime Juice | C37: Antigua | D37: London | H37: 290 | I37: 29g | J37: =(E37*2240)+(F37*112)+(G37*28)+H37 -> 290 | L37: =J37/2240 -> 0.12946429
A38: 1731 | B38: Loaf Sugar | C38: Antigua | D38: London | J38: =(E38*2240)+(F38*112)+(G38*28)+H38 -> 0 | L38: =J38/2240 -> 0
A39: 1731 | B39: Madera Wine | C39: Antigua | D39: London | H39: 169403.5 | I39: 67t 52g | J39: =(E39*2240)+(F39*112)+(G39*28)+H39 -> 169403.5 | L39: =J39/2240 -> 75.626563
A40: 1731 | B40: Molasses | C40: Antigua | D40: London | F40: 21 | G40: 1 | H40: 6 | J40: =(E40*2240)+(F40*112)+(G40*28)+H40 -> 2386 | L40: =J40/2240 -> 1.0651786
A41: 1731 | B41: Oranges | C41: Antigua | D41: London | J41: =(E41*2240)+(F41*112)+(G41*28)+H41 -> 0 | L41: =J41/2240 -> 0
A42: 1731 | B42: Orchelia | C42: Antigua | D42: London | J42: =(E42*2240)+(F42*112)+(G42*28)+H42 -> 0 | L42: =J42/2240 -> 0
A43: 1731 | B43: Pickles | C43: Antigua | D43: London | H43: 90 | I43: 9g | J43: =(E43*2240)+(F43*112)+(G43*28)+H43 -> 90 | L43: =J43/2240 -> 0.040178571
A44: 1731 | B44: Pimento | C44: Antigua | D44: London | J44: =(E44*2240)+(F44*112)+(G44*28)+H44 -> 0 | L44: =J44/2240 -> 0
A45: 1731 | B45: Rice | C45: Antigua | D45: London | J45: =(E45*2240)+(F45*112)+(G45*28)+H45 -> 0 | L45: =J45/2240 -> 0
A46: 1731 | B46: Rum | C46: Antigua | D46: London | H46: 643940.5 | I46: 64377.5g | J46: =(E46*2240)+(F46*112)+(G46*28)+H46 -> 643940.5 | L46: =J46/2240 -> 287.47344
A47: 1731 | B47: Sasparilla | C47: Antigua | D47: London | J47: =(E47*2240)+(F47*112)+(G47*28)+H47 -> 0 | L47: =J47/2240 -> 0
A48: 1731 | B48: Saunders Yellow | C48: Antigua | D48: London | J48: =(E48*2240)+(F48*112)+(G48*28)+H48 -> 0 | L48: =J48/2240 -> 0
A49: 1731 | B49: Shruff | C49: Antigua | D49: London | F49: 14 | J49: =(E49*2240)+(F49*112)+(G49*28)+H49 -> 1568 | L49: =J49/2240 -> 0.7
A50: 1731 | B50: Snuff | C50: Antigua | D50: London | J50: =(E50*2240)+(F50*112)+(G50*28)+H50 -> 0 | L50: =J50/2240 -> 0
A51: 1731 | B51: Smalts | C51: Antigua | D51: London | J51: =(E51*2240)+(F51*112)+(G51*28)+H51 -> 0 | L51: =J51/2240 -> 0
A52: 1731 | B52: Succads | C52: Antigua | D52: London | H52: 674 | J52: =(E52*2240)+(F52*112)+(G52*28)+H52 -> 674 | L52: =J52/2240 -> 0.30089286
A53: 1731 | B53: Tamarinds | C53: Antigua | D53: London | H53: 27 | J53: =(E53*2240)+(F53*112)+(G53*28)+H53 -> 27 | L53: =J53/2240 -> 0.012053571
A54: 1731 | B54: Tobacco | C54: Antigua | D54: London | H54: 237616 | J54: =(E54*2240)+(F54*112)+(G54*28)+H54 -> 237616 | L54: =J54/2240 -> 106.07857
A55: 1731 | B55: Tortoise Shell | C55: Antigua | D55: London | H55: 29 | J55: =(E55*2240)+(F55*112)+(G55*28)+H55 -> 29 | L55: =J55/2240 -> 0.012946429
A56: 1731 | B56: White Sugar | C56: Antigua | D56: London | J56: =(E56*2240)+(F56*112)+(G56*28)+H56 -> 0 | L56: =J56/2240 -> 0
A57: 1731 | B57: Wood, Braziletto | C57: Antigua | D57: London | J57: =(E57*2240)+(F57*112)+(G57*28)+H57 -> 0 | L57: =J57/2240 -> 0
A58: 1731 | B58: Wood, Cocoa | C58: Antigua | D58: London | J58: =(E58*2240)+(F58*112)+(G58*28)+H58 -> 0 | L58: =J58/2240 -> 0
A59: 1731 | B59: Wood, Ebony | C59: Antigua | D59: London | J59: =(E59*2240)+(F59*112)+(G59*28)+H59 -> 0 | L59: =J59/2240 -> 0
A60: 1731 | B60: Wood, Fustick | C60: Antigua | D60: London | E60: 40 | F60: 3 | G60: 1 | H60: 26 | J60: =(E60*2240)+(F60*112)+(G60*28)+H60 -> 89990 | L60: =J60/2240 -> 40.174107
A61: 1731 | B61: Wood, Iron | C61: Antigua | D61: London | J61: =(E61*2240)+(F61*112)+(G61*28)+H61 -> 0 | L61: =J61/2240 -> 0
A62: 1731 | B62: Wood, Logwood | C62: Antigua | D62: London | J62: =(E62*2240)+(F62*112)+(G62*28)+H62 -> 0 | L62: =J62/2240 -> 0
A63: 1731 | B63: Wood, Mahogany | C63: Antigua | D63: London | E63: 1 | J63: =(E63*2240)+(F63*112)+(G63*28)+H63 -> 2240 | L63: =J63/2240 -> 1
A64: 1731 | B64: Wood, Nicaragua | C64: Antigua | D64: London | J64: =(E64*2240)+(F64*112)+(G64*28)+H64 -> 0 | L64: =J64/2240 -> 0
A65: 1731 | B65: Wood, Redwood | C65: Antigua | D65: London | E65: 3 | F65: 2 | G65: 3 | J65: =(E65*2240)+(F65*112)+(G65*28)+H65 -> 7028 | L65: =J65/2240 -> 3.1375
A66: 1731 | B66: Wood, Sweetwood | C66: Antigua | D66: London | J66: =(E66*2240)+(F66*112)+(G66*28)+H66 -> 0 | L66: =J66/2240 -> 0
A67: 1731 | B67: Almonds, Bitter | C67: Antigua | D67: Out Ports | J67: =(E67*2240)+(F67*112)+(G67*28)+H67 -> 0 | L67: =J67/2240 -> 0
A68: 1731 | B68: Almonds, Sweet | C68: Antigua | D68: Out Ports | J68: =(E68*2240)+(F68*112)+(G68*28)+H68 -> 0 | L68: =J68/2240 -> 0
A69: 1731 | B69: Aloes Epatica | C69: Antigua | D69: Out Ports | J69: =(E69*2240)+(F69*112)+(G69*28)+H69 -> 0 | L69: =J69/2240 -> 0
A70: 1731 | B70: Annatto | C70: Antigua | D70: Out Ports | J70: =(E70*2240)+(F70*112)+(G70*28)+H70 -> 0 | L70: =J70/2240 -> 0
A71: 1731 | B71: Anniseeds | C71: Antigua | D71: Out Ports | J71: =(E71*2240)+(F71*112)+(G71*28)+H71 -> 0 | L71: =J71/2240 -> 0
A72: 1731 | B72: Bacon | C72: Antigua | D72: Out Ports | J72: =(E72*2240)+(F72*112)+(G72*28)+H72 -> 0 | L72: =J72/2240 -> 0
A73: 1731 | B73: Barrel Staves | C73: Antigua | D73: Out Ports | J73: =(E73*2240)+(F73*112)+(G73*28)+H73 -> 0 | L73: =J73/2240 -> 0
A74: 1731 | B74: Bay Berries | C74: Antigua | D74: Out Ports | J74: =(E74*2240)+(F74*112)+(G74*28)+H74 -> 0 | L74: =J74/2240 -> 0
A75: 1731 | B75: Bees Wax | C75: Antigua | D75: Out Ports | F75: 5 | J75: =(E75*2240)+(F75*112)+(G75*28)+H75 -> 560 | L75: =J75/2240 -> 0.25
A76: 1731 | B76: Brimstone | C76: Antigua | D76: Out Ports | J76: =(E76*2240)+(F76*112)+(G76*28)+H76 -> 0 | L76: =J76/2240 -> 0
A77: 1731 | B77: Brown Sugar | C77: Antigua | D77: Out Ports | F77: 24984 | H77: 16 | J77: =(E77*2240)+(F77*112)+(G77*28)+H77 -> 2798224 | L77: =J77/2240 -> 1249.2071
A78: 1731 | B78: Cassia Fistula | C78: Antigua | D78: Out Ports | J78: =(E78*2240)+(F78*112)+(G78*28)+H78 -> 0 | L78: =J78/2240 -> 0
A79: 1731 | B79: Chocolate | C79: Antigua | D79: Out Ports | J79: =(E79*2240)+(F79*112)+(G79*28)+H79 -> 0 | L79: =J79/2240 -> 0
A80: 1731 | B80: Cocheneal | C80: Antigua | D80: Out Ports | J80: =(E80*2240)+(F80*112)+(G80*28)+H80 -> 0 | L80: =J80/2240 -> 0
A81: 1731 | B81: Cocoa Nuts | C81: Antigua | D81: Out Ports | J81: =(E81*2240)+(F81*112)+(G81*28)+H81 -> 0 | L81: =J81/2240 -> 0
A82: 1731 | B82: Cocoa Paste | C82: Antigua | D82: Out Ports | J82: =(E82*2240)+(F82*112)+(G82*28)+H82 -> 0 | L82: =J82/2240 -> 0
A83: 1731 | B83: Coffee | C83: Antigua | D83: Out Ports | J83: =(E83*2240)+(F83*112)+(G83*28)+H83 -> 0 | L83: =J83/2240 -> 0
A84: 1731 | B84: Cortex Peru | C84: Antigua | D84: Out Ports | J84: =(E84*2240)+(F84*112)+(G84*28)+H84 -> 0 | L84: =J84/2240 -> 0
A85: 1731 | B85: Cortex Winteranus | C85: Antigua | D85: Out Ports | J85: =(E85*2240)+(F85*112)+(G85*28)+H85 -> 0 | L85: =J85/2240 -> 0
A86: 1731 | B86: Cotton | C86: Antigua | D86: Out Ports | H86: =1254*200+144 -> 250944 | I86: 1254bags + 144lb | J86: =(E86*2240)+(F86*112)+(G86*28)+H86 -> 250944 | L86: =J86/2240 -> 112.02857
A87: 1731 | B87: Dry Ginger | C87: Antigua | D87: Out Ports | F87: 299 | G87: 2 | H87: 2 | J87: =(E87*2240)+(F87*112)+(G87*28)+H87 -> 33546 | L87: =J87/2240 -> 14.975893
A88: 1731 | B88: Elephant Teeth | C88: Antigua | D88: Out Ports | F88: 23 | G88: 2 | H88: 25 | J88: =(E88*2240)+(F88*112)+(G88*28)+H88 -> 2657 | L88: =J88/2240 -> 1.1861607
A89: 1731 | B89: Green Ginger | C89: Antigua | D89: Out Ports | J89: =(E89*2240)+(F89*112)+(G89*28)+H89 -> 0 | L89: =J89/2240 -> 0
A90: 1731 | B90: Guinea Grains | C90: Antigua | D90: Out Ports | J90: =(E90*2240)+(F90*112)+(G90*28)+H90 -> 0 | L90: =J90/2240 -> 0
A91: 1731 | B91: Gum Guiaci | C91: Antigua | D91: Out Ports | J91: =(E91*2240)+(F91*112)+(G91*28)+H91 -> 0 | L91: =J91/2240 -> 0
A92: 1731 | B92: Hemp | C92: Antigua | D92: Out Ports | J92: =(E92*2240)+(F92*112)+(G92*28)+H92 -> 0 | L92: =J92/2240 -> 0
A93: 1731 | B93: Hypococania | C93: Antigua | D93: Out Ports | J93: =(E93*2240)+(F93*112)+(G93*28)+H93 -> 0 | L93: =J93/2240 -> 0
A94: 1731 | B94: Indigo | C94: Antigua | D94: Out Ports | H94: 2502 | J94: =(E94*2240)+(F94*112)+(G94*28)+H94 -> 2502 | L94: =J94/2240 -> 1.1169643
A95: 1731 | B95: Jallop? | C95: Antigua | D95: Out Ports | J95: =(E95*2240)+(F95*112)+(G95*28)+H95 -> 0 | L95: =J95/2240 -> 0
A96: 1731 | B96: Lemon Water | C96: Antigua | D96: Out Ports | J96: =(E96*2240)+(F96*112)+(G96*28)+H96 -> 0 | L96: =J96/2240 -> 0
A97: 1731 | B97: Lignum Vitae | C97: Antigua | D97: Out Ports | J97: =(E97*2240)+(F97*112)+(G97*28)+H97 -> 0 | L97: =J97/2240 -> 0
A98: 1731 | B98: Lime Juice | C98: Antigua | D98: Out Ports | J98: =(E98*2240)+(F98*112)+(G98*28)+H98 -> 0 | L98: =J98/2240 -> 0
A99: 1731 | B99: Loaf Sugar | C99: Antigua | D99: Out Ports | J99: =(E99*2240)+(F99*112)+(G99*28)+H99 -> 0 | L99: =J99/2240 -> 0
A100: 1731 | B100: Madera Wine | C100: Antigua | D100: Out Ports | H100: 5341.5 | I100: 2t 30g | J100: =(E100*2240)+(F100*112)+(G100*28)+H100 -> 5341.5 | L100: =J100/2240 -> 2.3845982
...

Sheet Barbados
A1: YEAR | B1: COMMODITY_NAME | C1: FROM_LOCATION | D1: TO_LOCATION | E1: ton | F1: hh | G1: quarter | H1: lb | J1: Total Pounds | L1: WEIGHT
A2: 1731 | B2: Almonds, Bitter | C2: Barbados | D2: London | F2: 15 | J2: =(E2*2240)+(F2*112)+(G2*28)+H2 -> 1680 | L2: =J2/2240 -> 0.75
A3: 1731 | B3: Almonds, Sweet | C3: Barbados | D3: London | J3: =(E3*2240)+(F3*112)+(G3*28)+H3 -> 0 | L3: =J3/2240 -> 0
A4: 1731 | B4: Aloes Epatica | C4: Barbados | D4: London | H4: 10452 | J4: =(E4*2240)+(F4*112)+(G4*28)+H4 -> 10452 | L4: =J4/2240 -> 4.6660714
A5: 1731 | B5: Annatto | C5: Barbados | D5: London | J5: =(E5*2240)+(F5*112)+(G5*28)+H5 -> 0 | L5: =J5/2240 -> 0
A6: 1731 | B6: Anniseeds | C6: Barbados | D6: London | J6: =(E6*2240)+(F6*112)+(G6*28)+H6 -> 0 | L6: =J6/2240 -> 0
A7: 1731 | B7: Archelia | C7: Barbados | D7: London | F7: 2 | J7: =(E7*2240)+(F7*112)+(G7*28)+H7 -> 224 | L7: =J7/2240 -> 0.1
A8: 1731 | B8: Balsam Capavia | C8: Barbados | D8: London | H8: 867 | J8: =(E8*2240)+(F8*112)+(G8*28)+H8 -> 867 | L8: =J8/2240 -> 0.38705357
A9: 1731 | B9: Barbados Tarr | C9: Barbados | D9: London | H9: 2571 | J9: =(E9*2240)+(F9*112)+(G9*28)+H9 -> 2571 | L9: =J9/2240 -> 1.1477679
A10: 1731 | B10: Barrel Staves | C10: Barbados | D10: London | J10: =(E10*2240)+(F10*112)+(G10*28)+H10 -> 0 | L10: =J10/2240 -> 0
A11: 1731 | B11: Bees Wax | C11: Barbados | D11: London | F11: 60 | J11: =(E11*2240)+(F11*112)+(G11*28)+H11 -> 6720 | L11: =J11/2240 -> 3
A12: 1731 | B12: Brimstone | C12: Barbados | D12: London | J12: =(E12*2240)+(F12*112)+(G12*28)+H12 -> 0 | L12: =J12/2240 -> 0
A13: 1731 | B13: Brown Sugar | C13: Barbados | D13: London | F13: 111526 | G13: 1 | H13: 21 | J13: =(E13*2240)+(F13*112)+(G13*28)+H13 -> 12490961 | L13: =J13/2240 -> 5576.3219
A14: 1731 | B14: Cassia Fistula | C14: Barbados | D14: London | H14: 5268 | J14: =(E14*2240)+(F14*112)+(G14*28)+H14 -> 5268 | L14: =J14/2240 -> 2.3517857
A15: 1731 | B15: Chocolate | C15: Barbados | D15: London | J15: =(E15*2240)+(F15*112)+(G15*28)+H15 -> 0 | L15: =J15/2240 -> 0
A16: 1731 | B16: Cocheneal | C16: Barbados | D16: London | J16: =(E16*2240)+(F16*112)+(G16*28)+H16 -> 0 | L16: =J16/2240 -> 0
A17: 1731 | B17: Cocoa Nuts | C17: Barbados | D17: London | J17: =(E17*2240)+(F17*112)+(G17*28)+H17 -> 0 | L17: =J17/2240 -> 0
A18: 1731 | B18: Cocoa Paste | C18: Barbados | D18: London | J18: =(E18*2240)+(F18*112)+(G18*28)+H18 -> 0 | L18: =J18/2240 -> 0
A19: 1731 | B19: Cortex Peru | C19: Barbados | D19: London | J19: =(E19*2240)+(F19*112)+(G19*28)+H19 -> 0 | L19: =J19/2240 -> 0
A20: 1731 | B20: Cotton | C20: Barbados | D20: London | H20: =184*200 -> 36800 | I20: 184bags | J20: =(E20*2240)+(F20*112)+(G20*28)+H20 -> 36800 | L20: =J20/2240 -> 16.428571
A21: 1731 | B21: Dry Ginger | C21: Barbados | D21: London | F21: 2019 | H21: 15 | J21: =(E21*2240)+(F21*112)+(G21*28)+H21 -> 226143 | L21: =J21/2240 -> 100.9567
A22: 1731 | B22: Elephant Teeth | C22: Barbados | D22: London | F22: 20 | J22: =(E22*2240)+(F22*112)+(G22*28)+H22 -> 2240 | L22: =J22/2240 -> 1
A23: 1731 | B23: Green Ginger | C23: Barbados | D23: London | H23: 413 | J23: =(E23*2240)+(F23*112)+(G23*28)+H23 -> 413 | L23: =J23/2240 -> 0.184375
A24: 1731 | B24: Guinea Grains | C24: Barbados | D24: London | F24: 2 | G24: 3 | H24: 14 | J24: =(E24*2240)+(F24*112)+(G24*28)+H24 -> 322 | L24: =J24/2240 -> 0.14375
A25: 1731 | B25: Gum Arabick | C25: Barbados | D25: London | F25: 100 | J25: =(E25*2240)+(F25*112)+(G25*28)+H25 -> 11200 | L25: =J25/2240 -> 5
A26: 1731 | B26: Hemp | C26: Barbados | D26: London | J26: =(E26*2240)+(F26*112)+(G26*28)+H26 -> 0 | L26: =J26/2240 -> 0
A27: 1731 | B27: Indigo | C27: Barbados | D27: London | H27: 56 | J27: =(E27*2240)+(F27*112)+(G27*28)+H27 -> 56 | L27: =J27/2240 -> 0.025
A28: 1731 | B28: Lemon Water | C28: Barbados | D28: London | J28: =(E28*2240)+(F28*112)+(G28*28)+H28 -> 0 | L28: =J28/2240 -> 0
A29: 1731 | B29: Lignum Vitae | C29: Barbados | D29: London | J29: =(E29*2240)+(F29*112)+(G29*28)+H29 -> 0 | L29: =J29/2240 -> 0
A30: 1731 | B30: Lime Juice | C30: Barbados | D30: London | H30: 18294.5 | I30: 1829g | J30: =(E30*2240)+(F30*112)+(G30*28)+H30 -> 18294.5 | L30: =J30/2240 -> 8.1671875
A31: 1731 | B31: Loaf Sugar | C31: Barbados | D31: London | J31: =(E31*2240)+(F31*112)+(G31*28)+H31 -> 0 | L31: =J31/2240 -> 0
A32: 1731 | B32: Madera Wine | C32: Barbados | D32: London | H32: 249124 | I32: 98t 3h 21g | J32: =(E32*2240)+(F32*112)+(G32*28)+H32 -> 249124 | L32: =J32/2240 -> 111.21607
A33: 1731 | B33: Molasses | C33: Barbados | D33: London | F33: 15 | J33: =(E33*2240)+(F33*112)+(G33*28)+H33 -> 1680 | L33: =J33/2240 -> 0.75
A34: 1731 | B34: Oranges | C34: Barbados | D34: London | J34: =(E34*2240)+(F34*112)+(G34*28)+H34 -> 0 | L34: =J34/2240 -> 0
A35: 1731 | B35: Pickles | C35: Barbados | D35: London | H35: 785 | I35: 78.5g | J35: =(E35*2240)+(F35*112)+(G35*28)+H35 -> 785 | L35: =J35/2240 -> 0.35044643
A36: 1731 | B36: Pimento | C36: Barbados | D36: London | J36: =(E36*2240)+(F36*112)+(G36*28)+H36 -> 0 | L36: =J36/2240 -> 0
A37: 1731 | B37: Rice | C37: Barbados | D37: London | F37: 282 | G37: 3 | H37: 7 | J37: =(E37*2240)+(F37*112)+(G37*28)+H37 -> 31675 | L37: =J37/2240 -> 14.140625
A38: 1731 | B38: Rum | C38: Barbados | D38: London | H38: 402713.5 | I38: 40261g | J38: =(E38*2240)+(F38*112)+(G38*28)+H38 -> 402713.5 | L38: =J38/2240 -> 179.78281
A39: 1731 | B39: Sasparilla | C39: Barbados | D39: London | J39: =(E39*2240)+(F39*112)+(G39*28)+H39 -> 0 | L39: =J39/2240 -> 0
A40: 1731 | B40: Shruff | C40: Barbados | D40: London | F40: 4 | J40: =(E40*2240)+(F40*112)+(G40*28)+H40 -> 448 | L40: =J40/2240 -> 0.2
A41: 1731 | B41: Snuff | C41: Barbados | D41: London | H41: 9327 | J41: =(E41*2240)+(F41*112)+(G41*28)+H41 -> 9327 | L41: =J41/2240 -> 4.1638393
A42: 1731 | B42: Succads | C42: Barbados | D42: London | H42: 4221 | J42: =(E42*2240)+(F42*112)+(G42*28)+H42 -> 4221 | L42: =J42/2240 -> 1.884375
A43: 1731 | B43: Tamarinds | C43: Barbados | D43: London | H43: 441 | J43: =(E43*2240)+(F43*112)+(G43*28)+H43 -> 441 | L43: =J43/2240 -> 0.196875
A44: 1731 | B44: Tobacco | C44: Barbados | D44: London | H44: 2896 | J44: =(E44*2240)+(F44*112)+(G44*28)+H44 -> 2896 | L44: =J44/2240 -> 1.2928571
A45: 1731 | B45: Tortoise Shell | C45: Barbados | D45: London | H45: 10 | J45: =(E45*2240)+(F45*112)+(G45*28)+H45 -> 10 | L45: =J45/2240 -> 0.0044642857
A46: 1731 | B46: White Sugar | C46: Barbados | D46: London | J46: =(E46*2240)+(F46*112)+(G46*28)+H46 -> 0 | L46: =J46/2240 -> 0
A47: 1731 | B47: Wood, Braziletto | C47: Barbados | D47: London | J47: =(E47*2240)+(F47*112)+(G47*28)+H47 -> 0 | L47: =J47/2240 -> 0
A48: 1731 | B48: Wood, Fustick | C48: Barbados | D48: London | E48: 35 | F48: 10 | J48: =(E48*2240)+(F48*112)+(G48*28)+H48 -> 79520 | L48: =J48/2240 -> 35.5
A49: 1731 | B49: Wood, Logwood | C49: Barbados | D49: London | J49: =(E49*2240)+(F49*112)+(G49*28)+H49 -> 0 | L49: =J49/2240 -> 0
A50: 1731 | B50: Wood, Mahogany | C50: Barbados | D50: London | E50: 30
A51: 1731 | B51: Wood, Nicaragua | C51: Barbados | D51: London | E51: 11 | F51: 6 | G51: 1 | H51: 16 | J51: =(E51*2240)+(F51*112)+(G51*28)+H51 -> 25356 | L51: =J51/2240 -> 11.319643
A52: 1731 | B52: Wood, Redwood | C52: Barbados | D52: London | J52: =(E52*2240)+(F52*112)+(G52*28)+H52 -> 0 | L52: =J52/2240 -> 0
A53: 1731 | B53: Wood, Sweetwood | C53: Barbados | D53: London | J53: =(E53*2240)+(F53*112)+(G53*28)+H53 -> 0 | L53: =J53/2240 -> 0
A54: 1731 | B54: Almonds, Bitter | C54: Barbados | D54: Out Ports | J54: =(E54*2240)+(F54*112)+(G54*28)+H54 -> 0 | L54: =J54/2240 -> 0
A55: 1731 | B55: Almonds, Sweet | C55: Barbados | D55: Out Ports | J55: =(E55*2240)+(F55*112)+(G55*28)+H55 -> 0 | L55: =J55/2240 -> 0
A56: 1731 | B56: Aloes Epatica | C56: Barbados | D56: Out Ports | H56: 960 | J56: =(E56*2240)+(F56*112)+(G56*28)+H56 -> 960 | L56: =J56/2240 -> 0.42857143
A57: 1731 | B57: Annatto | C57: Barbados | D57: Out Ports | J57: =(E57*2240)+(F57*112)+(G57*28)+H57 -> 0 | L57: =J57/2240 -> 0
A58: 1731 | B58: Anniseeds | C58: Barbados | D58: Out Ports | J58: =(E58*2240)+(F58*112)+(G58*28)+H58 -> 0 | L58: =J58/2240 -> 0
A59: 1731 | B59: Barbados Tarr | C59: Barbados | D59: Out Ports | H59: 26 | J59: =(E59*2240)+(F59*112)+(G59*28)+H59 -> 26 | L59: =J59/2240 -> 0.011607143
A60: 1731 | B60: Barrel Staves | C60: Barbados | D60: Out Ports | J60: =(E60*2240)+(F60*112)+(G60*28)+H60 -> 0 | L60: =J60/2240 -> 0
A61: 1731 | B61: Bees Wax | C61: Barbados | D61: Out Ports | J61: =(E61*2240)+(F61*112)+(G61*28)+H61 -> 0 | L61: =J61/2240 -> 0
A62: 1731 | B62: Brimstone | C62: Barbados | D62: Out Ports | J62: =(E62*2240)+(F62*112)+(G62*28)+H62 -> 0 | L62: =J62/2240 -> 0
A63: 1731 | B63: Brown Sugar | C63: Barbados | D63: Out Ports | F63: 31188 | G63: 1 | H63: 1 | J63: =(E63*2240)+(F63*112)+(G63*28)+H63 -> 3493085 | L63: =J63/2240 -> 1559.4129
A64: 1731 | B64: Cassia Fistula | C64: Barbados | D64: Out Ports | J64: =(E64*2240)+(F64*112)+(G64*28)+H64 -> 0 | L64: =J64/2240 -> 0
A65: 1731 | B65: Chocolate Paste | C65: Barbados | D65: Out Ports | J65: =(E65*2240)+(F65*112)+(G65*28)+H65 -> 0 | L65: =J65/2240 -> 0
A66: 1731 | B66: Cocheneal | C66: Barbados | D66: Out Ports | J66: =(E66*2240)+(F66*112)+(G66*28)+H66 -> 0 | L66: =J66/2240 -> 0
A67: 1731 | B67: Cocoa Nuts | C67: Barbados | D67: Out Ports | J67: =(E67*2240)+(F67*112)+(G67*28)+H67 -> 0 | L67: =J67/2240 -> 0
A68: 1731 | B68: Cocoa Paste | C68: Barbados | D68: Out Ports | J68: =(E68*2240)+(F68*112)+(G68*28)+H68 -> 0 | L68: =J68/2240 -> 0
A69: 1731 | B69: Cotton | C69: Barbados | D69: Out Ports | H69: =675*200+180 -> 135180 | I69: 675bags + 180lb | J69: =(E69*2240)+(F69*112)+(G69*28)+H69 -> 135180 | L69: =J69/2240 -> 60.348214
A70: 1731 | B70: Dry Ginger | C70: Barbados | D70: Out Ports | F70: 307 | H70: 10 | J70: =(E70*2240)+(F70*112)+(G70*28)+H70 -> 34394 | L70: =J70/2240 -> 15.354464
A71: 1731 | B71: Elephant Teeth | C71: Barbados | D71: Out Ports | F71: 123 | G71: 3 | H71: 13 | J71: =(E71*2240)+(F71*112)+(G71*28)+H71 -> 13873 | L71: =J71/2240 -> 6.1933036
A72: 1731 | B72: Green Ginger | C72: Barbados | D72: Out Ports | J72: =(E72*2240)+(F72*112)+(G72*28)+H72 -> 0 | L72: =J72/2240 -> 0
A73: 1731 | B73: Guinea Grains | C73: Barbados | D73: Out Ports | H73: 5362 | J73: =(E73*2240)+(F73*112)+(G73*28)+H73 -> 5362 | L73: =J73/2240 -> 2.39375
A74: 1731 | B74: Hemp | C74: Barbados | D74: Out Ports | J74: =(E74*2240)+(F74*112)+(G74*28)+H74 -> 0 | L74: =J74/2240 -> 0
A75: 1731 | B75: Indigo | C75: Barbados | D75: Out Ports | J75: =(E75*2240)+(F75*112)+(G75*28)+H75 -> 0 | L75: =J75/2240 -> 0
A76: 1731 | B76: Lemon Water | C76: Barbados | D76: Out Ports | J76: =(E76*2240)+(F76*112)+(G76*28)+H76 -> 0 | L76: =J76/2240 -> 0
A77: 1731 | B77: Lignum Vitae | C77: Barbados | D77: Out Ports | J77: =(E77*2240)+(F77*112)+(G77*28)+H77 -> 0 | L77: =J77/2240 -> 0
A78: 1731 | B78: Lime Juice | C78: Barbados | D78: Out Ports | J78: =(E78*2240)+(F78*112)+(G78*28)+H78 -> 0 | L78: =J78/2240 -> 0
A79: 1731 | B79: Loaf Sugar | C79: Barbados | D79: Out Ports | J79: =(E79*2240)+(F79*112)+(G79*28)+H79 -> 0 | L79: =J79/2240 -> 0
A80: 1731 | B80: Madera Wine | C80: Barbados | D80: Out Ports | H80: 43591 | I80: 17t 1h 11g | J80: =(E80*2240)+(F80*112)+(G80*28)+H80 -> 43591 | L80: =J80/2240 -> 19.460268
A81: 1731 | B81: Molasses | C81: Barbados | D81: Out Ports | J81: =(E81*2240)+(F81*112)+(G81*28)+H81 -> 0 | L81: =J81/2240 -> 0
A82: 1731 | B82: Old Pewter | C82: Barbados | D82: Out Ports | J82: =(E82*2240)+(F82*112)+(G82*28)+H82 -> 0 | L82: =J82/2240 -> 0
A83: 1731 | B83: Oranges | C83: Barbados | D83: Out Ports | J83: =(E83*2240)+(F83*112)+(G83*28)+H83 -> 0 | L83: =J83/2240 -> 0
A84: 1731 | B84: Pickles | C84: Barbados | D84: Out Ports | H84: 20 | I84: 2g | J84: =(E84*2240)+(F84*112)+(G84*28)+H84 -> 20 | L84: =J84/2240 -> 0.0089285714
A85: 1731 | B85: Pimento | C85: Barbados | D85: Out Ports | J85: =(E85*2240)+(F85*112)+(G85*28)+H85 -> 0 | L85: =J85/2240 -> 0
A86: 1731 | B86: Potatoes | C86: Barbados | D86: Out Ports | J86: =(E86*2240)+(F86*112)+(G86*28)+H86 -> 0 | L86: =J86/2240 -> 0
A87: 1731 | B87: Rice | C87: Barbados | D87: Out Ports | J87: =(E87*2240)+(F87*112)+(G87*28)+H87 -> 0 | L87: =J87/2240 -> 0
A88: 1731 | B88: Rum | C88: Barbados | D88: Out Ports | H88: 64616.5 | I88: 6460g | J88: =(E88*2240)+(F88*112)+(G88*28)+H88 -> 64616.5 | L88: =J88/2240 -> 28.846652
A89: 1731 | B89: Sasparilla | C89: Barbados | D89: Out Ports | J89: =(E89*2240)+(F89*112)+(G89*28)+H89 -> 0 | L89: =J89/2240 -> 0
A90: 1731 | B90: Shruff | C90: Barbados | D90: Out Ports | J90: =(E90*2240)+(F90*112)+(G90*28)+H90 -> 0 | L90: =J90/2240 -> 0
A91: 1731 | B91: Snuff | C91: Barbados | D91: Out Ports | J91: =(E91*2240)+(F91*112)+(G91*28)+H91 -> 0 | L91: =J91/2240 -> 0
A92: 1731 | B92: Succads | C92: Barbados | D92: Out Ports | H92: 133 | J92: =(E92*2240)+(F92*112)+(G92*28)+H92 -> 133 | L92: =J92/2240 -> 0.059375
A93: 1731 | B93: Tamarinds | C93: Barbados | D93: Out Ports | H93: 3 | J93: =(E93*2240)+(F93*112)+(G93*28)+H93 -> 3 | L93: =J93/2240 -> 0.0013392857
A94: 1731 | B94: Tobacco | C94: Barbados | D94: Out Ports | H94: 25 | J94: =(E94*2240)+(F94*112)+(G94*28)+H94 -> 25 | L94: =J94/2240 -> 0.011160714
A95: 1731 | B95: Tortoise Shell | C95: Barbados | D95: Out Ports | H95: 10 | J95: =(E95*2240)+(F95*112)+(G95*28)+H95 -> 10 | L95: =J95/2240 -> 0.0044642857
A96: 1731 | B96: Turpentine | C96: Barbados | D96: Out Ports | F96: 24 | J96: =(E96*2240)+(F96*112)+(G96*28)+H96 -> 2688 | L96: =J96/2240 -> 1.2
A97: 1731 | B97: White Sugar | C97: Barbados | D97: Out Ports | J97: =(E97*2240)+(F97*112)+(G97*28)+H97 -> 0 | L97: =J97/2240 -> 0
A98: 1731 | B98: Wood, Braziletto | C98: Barbados | D98: Out Ports | J98: =(E98*2240)+(F98*112)+(G98*28)+H98 -> 0 | L98: =J98/2240 -> 0
A99: 1731 | B99: Wood, Fustick | C99: Barbados | D99: Out Ports | E99: 10 | J99: =(E99*2240)+(F99*112)+(G99*28)+H99 -> 22400 | L99: =J99/2240 -> 10
A100: 1731 | B100: Wood, Logwood | C100: Barbados | D100: Out Ports | J100: =(E100*2240)+(F100*112)+(G100*28)+H100 -> 0 | L100: =J100/2240 -> 0
...

Sheet Bermuda
A1: YEAR | B1: COMMODITY_NAME | C1: FROM_LOCATION | D1: TO_LOCATION | E1: ton | F1: hh | G1: quarter | H1: lb | J1: Total Pounds | L1: WEIGHT
B2: Bermudos Plat | C2: Bermuda | D2: London | J2: =(E2*2240)+(F2*112)+(G2*28)+H2 -> 0 | L2: =J2/2240 -> 0
B3: Brown Sugar | C3: Bermuda | D3: London | J3: =(E3*2240)+(F3*112)+(G3*28)+H3 -> 0 | L3: =J3/2240 -> 0
B4: Cocoa Nuts | C4: Bermuda | D4: London | J4: =(E4*2240)+(F4*112)+(G4*28)+H4 -> 0 | L4: =J4/2240 -> 0
B5: Cotton | C5: Bermuda | D5: London | J5: =(E5*2240)+(F5*112)+(G5*28)+H5 -> 0 | L5: =J5/2240 -> 0
B6: Elephant Teeth | C6: Bermuda | D6: London | J6: =(E6*2240)+(F6*112)+(G6*28)+H6 -> 0 | L6: =J6/2240 -> 0
B7: Indigo | C7: Bermuda | D7: London | J7: =(E7*2240)+(F7*112)+(G7*28)+H7 -> 0 | L7: =J7/2240 -> 0
B8: Madera Wine | C8: Bermuda | D8: London | J8: =(E8*2240)+(F8*112)+(G8*28)+H8 -> 0 | L8: =J8/2240 -> 0
B9: Molasses | C9: Bermuda | D9: London | J9: =(E9*2240)+(F9*112)+(G9*28)+H9 -> 0 | L9: =J9/2240 -> 0
B10: Rice | C10: Bermuda | D10: London | J10: =(E10*2240)+(F10*112)+(G10*28)+H10 -> 0 | L10: =J10/2240 -> 0
B11: Rum | C11: Bermuda | D11: London | J11: =(E11*2240)+(F11*112)+(G11*28)+H11 -> 0 | L11: =J11/2240 -> 0
B12: Shruff | C12: Bermuda | D12: London | J12: =(E12*2240)+(F12*112)+(G12*28)+H12 -> 0 | L12: =J12/2240 -> 0
B13: Tortoise Shell | C13: Bermuda | D13: London | J13: =(E13*2240)+(F13*112)+(G13*28)+H13 -> 0 | L13: =J13/2240 -> 0
... B28: Wood, Logwood | C28: Bermuda | D28: Out Ports | J28: =(E28*2240)+(F28*112)+(G28*28)+H28 -> 0 | L28: =J28/2240 -> 0

Sheet Jamaica
A1: YEAR | B1: COMMODITY_NAME | C1: FROM_LOCATION | D1: TO_LOCATION | E1: ton | F1: hh | G1: quarter | H1: lb | J1: Total Pounds | L1: WEIGHT
A2: 1731 | B2: Almonds, Bitter | C2: Jamaica | D2: London | J2: =(E2*2240)+(F2*112)+(G2*28)+H2 -> 0 | L2: =J2/2240 -> 0
A3: 1731 | B3: Almonds, Sweet | C3: Jamaica | D3: London | J3: =(E3*2240)+(F3*112)+(G3*28)+H3 -> 0 | L3: =J3/2240 -> 0
A4: 1731 | B4: Aloes Epatica | C4: Jamaica | D4: London | J4: =(E4*2240)+(F4*112)+(G4*28)+H4 -> 0 | L4: =J4/2240 -> 0
A5: 1731 | B5: Annatto | C5: Jamaica | D5: London | H5: 125 | J5: =(E5*2240)+(F5*112)+(G5*28)+H5 -> 125 | L5: =J5/2240 -> 0.055803571
A6: 1731 | B6: Anniseeds | C6: Jamaica | D6: London | J6: =(E6*2240)+(F6*112)+(G6*28)+H6 -> 0 | L6: =J6/2240 -> 0
A7: 1731 | B7: Bacon | C7: Jamaica | D7: London | J7: =(E7*2240)+(F7*112)+(G7*28)+H7 -> 0 | L7: =J7/2240 -> 0
A8: 1731 | B8: Balsam Artificial | C8: Jamaica | D8: London | H8: 710 | J8: =(E8*2240)+(F8*112)+(G8*28)+H8 -> 710 | L8: =J8/2240 -> 0.31696429
A9: 1731 | B9: Balsam Natural | C9: Jamaica | D9: London | H9: 100 | J9: =(E9*2240)+(F9*112)+(G9*28)+H9 -> 100 | L9: =J9/2240 -> 0.044642857
A10: 1731 | B10: Barrel Staves | C10: Jamaica | D10: London | J10: =(E10*2240)+(F10*112)+(G10*28)+H10 -> 0 | L10: =J10/2240 -> 0
A11: 1731 | B11: Bay Berries | C11: Jamaica | D11: London | J11: =(E11*2240)+(F11*112)+(G11*28)+H11 -> 0 | L11: =J11/2240 -> 0
A12: 1731 | B12: Bees Wax | C12: Jamaica | D12: London | H12: 40 | J12: =(E12*2240)+(F12*112)+(G12*28)+H12 -> 40 | L12: =J12/2240 -> 0.017857143
A13: 1731 | B13: Brimstone | C13: Jamaica | D13: London | J13: =(E13*2240)+(F13*112)+(G13*28)+H13 -> 0 | L13: =J13/2240 -> 0
A14: 1731 | B14: Brown Sugar | C14: Jamaica | D14: London | F14: 193240 | G14: 3 | H14: 15 | J14: =(E14*2240)+(F14*112)+(G14*28)+H14 -> 21642979 | L14: =J14/2240 -> 9662.0442
A15: 1731 | B15: Cascarilla | C15: Jamaica | D15: London | J15: =(E15*2240)+(F15*112)+(G15*28)+H15 -> 0 | L15: =J15/2240 -> 0
A16: 1731 | B16: Cassia Fistula | C16: Jamaica | D16: London | J16: =(E16*2240)+(F16*112)+(G16*28)+H16 -> 0 | L16: =J16/2240 -> 0
A17: 1731 | B17: Chocolate | C17: Jamaica | D17: London | J17: =(E17*2240)+(F17*112)+(G17*28)+H17 -> 0 | L17: =J17/2240 -> 0
A18: 1731 | B18: Cocheneal | C18: Jamaica | D18: London | J18: =(E18*2240)+(F18*112)+(G18*28)+H18 -> 0 | L18: =J18/2240 -> 0
A19: 1731 | B19: Cocoa Nuts | C19: Jamaica | D19: London | J19: =(E19*2240)+(F19*112)+(G19*28)+H19 -> 0 | L19: =J19/2240 -> 0
A20: 1731 | B20: Cocoa Paste | C20: Jamaica | D20: London | J20: =(E20*2240)+(F20*112)+(G20*28)+H20 -> 0 | L20: =J20/2240 -> 0
A21: 1731 | B21: Coffee | C21: Jamaica | D21: London | J21: =(E21*2240)+(F21*112)+(G21*28)+H21 -> 0 | L21: =J21/2240 -> 0
A22: 1731 | B22: Cortex Peru | C22: Jamaica | D22: London | H22: 121701 | J22: =(E22*2240)+(F22*112)+(G22*28)+H22 -> 121701 | L22: =J22/2240 -> 54.330804
A23: 1731 | B23: Cortex Winteranus | C23: Jamaica | D23: London | H23: 4230 | J23: =(E23*2240)+(F23*112)+(G23*28)+H23 -> 4230 | L23: =J23/2240 -> 1.8883929
A24: 1731 | B24: Cotton | C24: Jamaica | D24: London | H24: =258*200 -> 51600 | I24: 258bags | J24: =(E24*2240)+(F24*112)+(G24*28)+H24 -> 51600 | L24: =J24/2240 -> 23.035714
A25: 1731 | B25: Dry Ginger | C25: Jamaica | D25: London | F25: 3675 | G25: 3 | H25: 19 | J25: =(E25*2240)+(F25*112)+(G25*28)+H25 -> 411703 | L25: =J25/2240 -> 183.79598
A26: 1731 | B26: Elephant Teeth | C26: Jamaica | D26: London | F26: 125 | G26: 2 | H26: 22 | J26: =(E26*2240)+(F26*112)+(G26*28)+H26 -> 14078 | L26: =J26/2240 -> 6.2848214
A27: 1731 | B27: Green Ginger | C27: Jamaica | D27: London | H27: 82 | J27: =(E27*2240)+(F27*112)+(G27*28)+H27 -> 82 | L27: =J27/2240 -> 0.036607143
A28: 1731 | B28: Guinea Grains | C28: Jamaica | D28: London | H28: 2532 | J28: =(E28*2240)+(F28*112)+(G28*28)+H28 -> 2532 | L28: =J28/2240 -> 1.1303571
A29: 1731 | B29: Gum Elemni | C29: Jamaica | D29: London | H29: 506 | J29: =(E29*2240)+(F29*112)+(G29*28)+H29 -> 506 | L29: =J29/2240 -> 0.22589286
A30: 1731 | B30: Gum Guiaci | C30: Jamaica | D30: London | H30: 2746 | J30: =(E30*2240)+(F30*112)+(G30*28)+H30 -> 2746 | L30: =J30/2240 -> 1.2258929
A31: 1731 | B31: Hemp | C31: Jamaica | D31: London | J31: =(E31*2240)+(F31*112)+(G31*28)+H31 -> 0 | L31: =J31/2240 -> 0
A32: 1731 | B32: Hypococania | C32: Jamaica | D32: London | H32: 424 | J32: =(E32*2240)+(F32*112)+(G32*28)+H32 -> 424 | L32: =J32/2240 -> 0.18928571
A33: 1731 | B33: Indigo | C33: Jamaica | D33: London | H33: 96714 | J33: =(E33*2240)+(F33*112)+(G33*28)+H33 -> 96714 | L33: =J33/2240 -> 43.175893
A34: 1731 | B34: Jollop | C34: Jamaica | D34: London | H34: 1308 | J34: =(E34*2240)+(F34*112)+(G34*28)+H34 -> 1308 | L34: =J34/2240 -> 0.58392857
A35: 1731 | B35: Lemon Water | C35: Jamaica | D35: London | J35: =(E35*2240)+(F35*112)+(G35*28)+H35 -> 0 | L35: =J35/2240 -> 0
A36: 1731 | B36: Lignum Vitae | C36: Jamaica | D36: London | J36: =(E36*2240)+(F36*112)+(G36*28)+H36 -> 0 | L36: =J36/2240 -> 0
A37: 1731 | B37: Lime Juice | C37: Jamaica | D37: London | H37: 32568.5 | I37: 3256g | J37: =(E37*2240)+(F37*112)+(G37*28)+H37 -> 32568.5 | L37: =J37/2240 -> 14.539509
A38: 1731 | B38: Loaf Sugar | C38: Jamaica | D38: London | J38: =(E38*2240)+(F38*112)+(G38*28)+H38 -> 0 | L38: =J38/2240 -> 0
A39: 1731 | B39: Madera Wine | C39: Jamaica | D39: London | H39: 26397 | I39: 10t 1h 56g | J39: =(E39*2240)+(F39*112)+(G39*28)+H39 -> 26397 | L39: =J39/2240 -> 11.784375
A40: 1731 | B40: Molasses | C40: Jamaica | D40: London | J40: =(E40*2240)+(F40*112)+(G40*28)+H40 -> 0 | L40: =J40/2240 -> 0
A41: 1731 | B41: Oranges | C41: Jamaica | D41: London | J41: =(E41*2240)+(F41*112)+(G41*28)+H41 -> 0 | L41: =J41/2240 -> 0
A42: 1731 | B42: Orchelia | C42: Jamaica | D42: London | J42: =(E42*2240)+(F42*112)+(G42*28)+H42 -> 0 | L42: =J42/2240 -> 0
A43: 1731 | B43: Pickles | C43: Jamaica | D43: London | H43: 205 | I43: 20.5g | J43: =(E43*2240)+(F43*112)+(G43*28)+H43 -> 205 | L43: =J43/2240 -> 0.091517857
A44: 1731 | B44: Pimento | C44: Jamaica | D44: London | H44: 269394 | J44: =(E44*2240)+(F44*112)+(G44*28)+H44 -> 269394 | L44: =J44/2240 -> 120.26518
A45: 1731 | B45: Rice | C45: Jamaica | D45: London | J45: =(E45*2240)+(F45*112)+(G45*28)+H45 -> 0 | L45: =J45/2240 -> 0
A46: 1731 | B46: Rum | C46: Jamaica | D46: London | H46: 1386546 | I46: 138619g | J46: =(E46*2240)+(F46*112)+(G46*28)+H46 -> 1386546 | L46: =J46/2240 -> 618.99375
A47: 1731 | B47: Sasparilla | C47: Jamaica | D47: London | H47: 484 | J47: =(E47*2240)+(F47*112)+(G47*28)+H47 -> 484 | L47: =J47/2240 -> 0.21607143
A48: 1731 | B48: Saunders Yellow | C48: Jamaica | D48: London | J48: =(E48*2240)+(F48*112)+(G48*28)+H48 -> 0 | L48: =J48/2240 -> 0
A49: 1731 | B49: Shruff | C49: Jamaica | D49: London | G49: 1 | J49: =(E49*2240)+(F49*112)+(G49*28)+H49 -> 28 | L49: =J49/2240 -> 0.0125
A50: 1731 | B50: Snuff | C50: Jamaica | D50: London | H50: 51426 | J50: =(E50*2240)+(F50*112)+(G50*28)+H50 -> 51426 | L50: =J50/2240 -> 22.958036
A51: 1731 | B51: Smalts | C51: Jamaica | D51: London | J51: =(E51*2240)+(F51*112)+(G51*28)+H51 -> 0 | L51: =J51/2240 -> 0
A52: 1731 | B52: Succads | C52: Jamaica | D52: London | H52: 1456 | J52: =(E52*2240)+(F52*112)+(G52*28)+H52 -> 1456 | L52: =J52/2240 -> 0.65
A53: 1731 | B53: Tamarinds | C53: Jamaica | D53: London | H53: 1340 | J53: =(E53*2240)+(F53*112)+(G53*28)+H53 -> 1340 | L53: =J53/2240 -> 0.59821429
A54: 1731 | B54: Tobacco | C54: Jamaica | D54: London | J54: =(E54*2240)+(F54*112)+(G54*28)+H54 -> 0 | L54: =J54/2240 -> 0
A55: 1731 | B55: Tortoise Shell | C55: Jamaica | D55: London | H55: 3852 | J55: =(E55*2240)+(F55*112)+(G55*28)+H55 -> 3852 | L55: =J55/2240 -> 1.7196429
A56: 1731 | B56: Turpentine | C56: Jamaica | D56: London | J56: =(E56*2240)+(F56*112)+(G56*28)+H56 -> 0 | L56: =J56/2240 -> 0
A57: 1731 | B57: White Sugar | C57: Jamaica | D57: London | J57: =(E57*2240)+(F57*112)+(G57*28)+H57 -> 0 | L57: =J57/2240 -> 0
A58: 1731 | B58: Wood, Braziletto | C58: Jamaica | D58: London | J58: =(E58*2240)+(F58*112)+(G58*28)+H58 -> 0 | L58: =J58/2240 -> 0
A59: 1731 | B59: Wood, Cocus | C59: Jamaica | D59: London | E59: 15 | F59: 1 | G59: 1 | J59: =(E59*2240)+(F59*112)+(G59*28)+H59 -> 33740 | L59: =J59/2240 -> 15.0625
A60: 1731 | B60: Wood, Ebony | C60: Jamaica | D60: London | E60: 41 | F60: 10 | J60: =(E60*2240)+(F60*112)+(G60*28)+H60 -> 92960 | L60: =J60/2240 -> 41.5
A61: 1731 | B61: Wood, Fustick | C61: Jamaica | D61: London | E61: 13 | F61: 7 | G61: 1 | H61: 15 | J61: =(E61*2240)+(F61*112)+(G61*28)+H61 -> 29947 | L61: =J61/2240 -> 13.369196
A62: 1731 | B62: Wood, Iron | C62: Jamaica | D62: London | J62: =(E62*2240)+(F62*112)+(G62*28)+H62 -> 0 | L62: =J62/2240 -> 0
A63: 1731 | B63: Wood, Logwood | C63: Jamaica | D63: London | E63: 11 | J63: =(E63*2240)+(F63*112)+(G63*28)+H63 -> 24640 | L63: =J63/2240 -> 11
A64: 1731 | B64: Wood, Mahogany | C64: Jamaica | D64: London | E64: 269 | F64: 17 | H64: 15500 | J64: =(E64*2240)+(F64*112)+(G64*28)+H64 -> 619964 | L64: =J64/2240 -> 276.76964
A65: 1731 | B65: Wood, Nicaragua | C65: Jamaica | D65: London | E65: 8 | J65: =(E65*2240)+(F65*112)+(G65*28)+H65 -> 17920 | L65: =J65/2240 -> 8
A66: 1731 | B66: Wood, Pidgeonwood | C66: Jamaica | D66: London | E66: 9 | F66: 14 | G66: 2 | J66: =(E66*2240)+(F66*112)+(G66*28)+H66 -> 21784 | L66: =J66/2240 -> 9.725
A67: 1731 | B67: Wood, Redwood | C67: Jamaica | D67: London | E67: 24 | F67: 7 | J67: =(E67*2240)+(F67*112)+(G67*28)+H67 -> 54544 | L67: =J67/2240 -> 24.35
A68: 1731 | B68: Wood, Sweetwood | C68: Jamaica | D68: London | J68: =(E68*2240)+(F68*112)+(G68*28)+H68 -> 0 | L68: =J68/2240 -> 0
A69: 1731 | B69: Almonds, Bitter | C69: Jamaica | D69: Out Ports | J69: =(E69*2240)+(F69*112)+(G69*28)+H69 -> 0 | L69: =J69/2240 -> 0
A70: 1731 | B70: Almonds, Sweet | C70: Jamaica | D70: Out Ports | J70: =(E70*2240)+(F70*112)+(G70*28)+H70 -> 0 | L70: =J70/2240 -> 0
A71: 1731 | B71: Aloes Epatica | C71: Jamaica | D71: Out Ports | J71: =(E71*2240)+(F71*112)+(G71*28)+H71 -> 0 | L71: =J71/2240 -> 0
A72: 1731 | B72: Annatto | C72: Jamaica | D72: Out Ports | J72: =(E72*2240)+(F72*112)+(G72*28)+H72 -> 0 | L72: =J72/2240 -> 0
A73: 1731 | B73: Anniseeds | C73: Jamaica | D73: Out Ports | J73: =(E73*2240)+(F73*112)+(G73*28)+H73 -> 0 | L73: =J73/2240 -> 0
A74: 1731 | B74: Bacon | C74: Jamaica | D74: Out Ports | J74: =(E74*2240)+(F74*112)+(G74*28)+H74 -> 0 | L74: =J74/2240 -> 0
A75: 1731 | B75: Balsam Natural | C75: Jamaica | D75: Out Ports | J75: =(E75*2240)+(F75*112)+(G75*28)+H75 -> 0 | L75: =J75/2240 -> 0
A76: 1731 | B76: Barrel Staves | C76: Jamaica | D76: Out Ports | J76: =(E76*2240)+(F76*112)+(G76*28)+H76 -> 0 | L76: =J76/2240 -> 0
A77: 1731 | B77: Bay Berries | C77: Jamaica | D77: Out Ports | J77: =(E77*2240)+(F77*112)+(G77*28)+H77 -> 0 | L77: =J77/2240 -> 0
A78: 1731 | B78: Bees Wax | C78: Jamaica | D78: Out Ports | J78: =(E78*2240)+(F78*112)+(G78*28)+H78 -> 0 | L78: =J78/2240 -> 0
A79: 1731 | B79: Brimstone | C79: Jamaica | D79: Out Ports | J79: =(E79*2240)+(F79*112)+(G79*28)+H79 -> 0 | L79: =J79/2240 -> 0
A80: 1731 | B80: Brown Sugar | C80: Jamaica | D80: Out Ports | F80: 116264 | H80: 19 | J80: =(E80*2240)+(F80*112)+(G80*28)+H80 -> 13021587 | L80: =J80/2240 -> 5813.2085
A81: 1731 | B81: Cassia Fistula | C81: Jamaica | D81: Out Ports | J81: =(E81*2240)+(F81*112)+(G81*28)+H81 -> 0 | L81: =J81/2240 -> 0
A82: 1731 | B82: Chocolate Paste | C82: Jamaica | D82: Out Ports | J82: =(E82*2240)+(F82*112)+(G82*28)+H82 -> 0 | L82: =J82/2240 -> 0
A83: 1731 | B83: Cocheneal | C83: Jamaica | D83: Out Ports | J83: =(E83*2240)+(F83*112)+(G83*28)+H83 -> 0 | L83: =J83/2240 -> 0
A84: 1731 | B84: Cocoa Nuts | C84: Jamaica | D84: Out Ports | J84: =(E84*2240)+(F84*112)+(G84*28)+H84 -> 0 | L84: =J84/2240 -> 0
A85: 1731 | B85: Cocoa Paste | C85: Jamaica | D85: Out Ports | J85: =(E85*2240)+(F85*112)+(G85*28)+H85 -> 0 | L85: =J85/2240 -> 0
A86: 1731 | B86: Coffee | C86: Jamaica | D86: Out Ports | J86: =(E86*2240)+(F86*112)+(G86*28)+H86 -> 0 | L86: =J86/2240 -> 0
A87: 1731 | B87: Cortex Peru | C87: Jamaica | D87: Out Ports | J87: =(E87*2240)+(F87*112)+(G87*28)+H87 -> 0 | L87: =J87/2240 -> 0
A88: 1731 | B88: Cortex Winteranus | C88: Jamaica | D88: Out Ports | J88: =(E88*2240)+(F88*112)+(G88*28)+H88 -> 0 | L88: =J88/2240 -> 0
A89: 1731 | B89: Cotton | C89: Jamaica | D89: Out Ports | H89: =676*200+35 -> 135235 | I89: 676bags+35lb | J89: =(E89*2240)+(F89*112)+(G89*28)+H89 -> 135235 | L89: =J89/2240 -> 60.372768
A90: 1731 | B90: Dry Ginger | C90: Jamaica | D90: Out Ports | F90: 5518 | G90: 1 | H90: 2 | J90: =(E90*2240)+(F90*112)+(G90*28)+H90 -> 618046 | L90: =J90/2240 -> 275.91339
A91: 1731 | B91: Elephant Teeth | C91: Jamaica | D91: Out Ports | F91: 274 | G91: 1 | H91: 26 | J91: =(E91*2240)+(F91*112)+(G91*28)+H91 -> 30742 | L91: =J91/2240 -> 13.724107
A92: 1731 | B92: Green Ginger | C92: Jamaica | D92: Out Ports | H92: 26 | J92: =(E92*2240)+(F92*112)+(G92*28)+H92 -> 26 | L92: =J92/2240 -> 0.011607143
A93: 1731 | B93: Guinea Grains | C93: Jamaica | D93: Out Ports | H93: 1154 | J93: =(E93*2240)+(F93*112)+(G93*28)+H93 -> 1154 | L93: =J93/2240 -> 0.51517857
A94: 1731 | B94: Gum Guiaci | C94: Jamaica | D94: Out Ports | J94: =(E94*2240)+(F94*112)+(G94*28)+H94 -> 0 | L94: =J94/2240 -> 0
A95: 1731 | B95: Hemp | C95: Jamaica | D95: Out Ports | J95: =(E95*2240)+(F95*112)+(G95*28)+H95 -> 0 | L95: =J95/2240 -> 0
A96: 1731 | B96: Hypococania | C96: Jamaica | D96: Out Ports | J96: =(E96*2240)+(F96*112)+(G96*28)+H96 -> 0 | L96: =J96/2240 -> 0
A97: 1731 | B97: Indigo | C97: Jamaica | D97: Out Ports | H97: =800+118502 -> 119302 | J97: =(E97*2240)+(F97*112)+(G97*28)+H97 -> 119302 | L97: =J97/2240 -> 53.259821
A98: 1731 | B98: Jallop? | C98: Jamaica | D98: Out Ports | J98: =(E98*2240)+(F98*112)+(G98*28)+H98 -> 0 | L98: =J98/2240 -> 0
A99: 1731 | B99: Lemon Water | C99: Jamaica | D99: Out Ports | J99: =(E99*2240)+(F99*112)+(G99*28)+H99 -> 0 | L99: =J99/2240 -> 0
A100: 1731 | B100: Lignum Vitae | C100: Jamaica | D100: Out Ports | F100: 1 | J100: =(E100*2240)+(F100*112)+(G100*28)+H100 -> 112 | L100: =J100/2240 -> 0.05
...

Sheet Mountserat
A1: YEAR | B1: COMMODITY_NAME | C1: FROM_LOCATION | D1: TO_LOCATION | E1: ton | F1: hh | G1: quarter | H1: lb | J1: Total Pounds | L1: WEIGHT
A2: 1731 | B2: Almonds, Bitter | C2: Mountserat | D2: London | J2: =(E2*2240)+(F2*112)+(G2*28)+H2 -> 0 | L2: =J2/2240 -> 0
A3: 1731 | B3: Almonds, Sweet | C3: Mountserat | D3: London | J3: =(E3*2240)+(F3*112)+(G3*28)+H3 -> 0 | L3: =J3/2240 -> 0
A4: 1731 | B4: Aloes Epatica | C4: Mountserat | D4: London | J4: =(E4*2240)+(F4*112)+(G4*28)+H4 -> 0 | L4: =J4/2240 -> 0
A5: 1731 | B5: Annatto | C5: Mountserat | D5: London | J5: =(E5*2240)+(F5*112)+(G5*28)+H5 -> 0 | L5: =J5/2240 -> 0
A6: 1731 | B6: Anniseeds | C6: Mountserat | D6: London | J6: =(E6*2240)+(F6*112)+(G6*28)+H6 -> 0 | L6: =J6/2240 -> 0
A7: 1731 | B7: Bacon | C7: Mountserat | D7: London | J7: =(E7*2240)+(F7*112)+(G7*28)+H7 -> 0 | L7: =J7/2240 -> 0
A8: 1731 | B8: Barbados Tarr | C8: Mountserat | D8: London | H8: 30 | J8: =(E8*2240)+(F8*112)+(G8*28)+H8 -> 30 | L8: =J8/2240 -> 0.013392857
A9: 1731 | B9: Barrel Staves | C9: Mountserat | D9: London | J9: =(E9*2240)+(F9*112)+(G9*28)+H9 -> 0 | L9: =J9/2240 -> 0
A10: 1731 | B10: Bay Berries | C10: Mountserat | D10: London | J10: =(E10*2240)+(F10*112)+(G10*28)+H10 -> 0 | L10: =J10/2240 -> 0
A11: 1731 | B11: Bees Wax | C11: Mountserat | D11: London | J11: =(E11*2240)+(F11*112)+(G11*28)+H11 -> 0 | L11: =J11/2240 -> 0
A12: 1731 | B12: Brimstone | C12: Mountserat | D12: London | J12: =(E12*2240)+(F12*112)+(G12*28)+H12 -> 0 | L12: =J12/2240 -> 0
A13: 1731 | B13: Brown Sugar | C13: Mountserat | D13: London | F13: 27959 | G13: 3 | H13: 16 | J13: =(E13*2240)+(F13*112)+(G13*28)+H13 -> 3131508 | L13: =J13/2240 -> 1397.9946
A14: 1731 | B14: Cascarilla | C14: Mountserat | D14: London | J14: =(E14*2240)+(F14*112)+(G14*28)+H14 -> 0 | L14: =J14/2240 -> 0
A15: 1731 | B15: Cassia Fistula | C15: Mountserat | D15: London | J15: =(E15*2240)+(F15*112)+(G15*28)+H15 -> 0 | L15: =J15/2240 -> 0
A16: 1731 | B16: Chocolate | C16: Mountserat | D16: London | J16: =(E16*2240)+(F16*112)+(G16*28)+H16 -> 0 | L16: =J16/2240 -> 0
A17: 1731 | B17: Cocheneal | C17: Mountserat | D17: London | J17: =(E17*2240)+(F17*112)+(G17*28)+H17 -> 0 | L17: =J17/2240 -> 0
A18: 1731 | B18: Cocoa Nuts | C18: Mountserat | D18: London | J18: =(E18*2240)+(F18*112)+(G18*28)+H18 -> 0 | L18: =J18/2240 -> 0
A19: 1731 | B19: Cocoa Paste | C19: Mountserat | D19: London | J19: =(E19*2240)+(F19*112)+(G19*28)+H19 -> 0 | L19: =J19/2240 -> 0
A20: 1731 | B20: Coffee | C20: Mountserat | D20: London | J20: =(E20*2240)+(F20*112)+(G20*28)+H20 -> 0 | L20: =J20/2240 -> 0
A21: 1731 | B21: Cortex Peru | C21: Mountserat | D21: London | J21: =(E21*2240)+(F21*112)+(G21*28)+H21 -> 0 | L21: =J21/2240 -> 0
A22: 1731 | B22: Cortex Winteranus | C22: Mountserat | D22: London | J22: =(E22*2240)+(F22*112)+(G22*28)+H22 -> 0 | L22: =J22/2240 -> 0
A23: 1731 | B23: Cotton | C23: Mountserat | D23: London | H23: =47*200 -> 9400 | I23: 47bags | J23: =(E23*2240)+(F23*112)+(G23*28)+H23 -> 9400 | L23: =J23/2240 -> 4.1964286
A24: 1731 | B24: Dry Ginger | C24: Mountserat | D24: London | J24: =(E24*2240)+(F24*112)+(G24*28)+H24 -> 0 | L24: =J24/2240 -> 0
A25: 1731 | B25: Elephant Teeth | C25: Mountserat | D25: London | F25: 15 | H25: 21 | J25: =(E25*2240)+(F25*112)+(G25*28)+H25 -> 1701 | L25: =J25/2240 -> 0.759375
A26: 1731 | B26: Green Ginger | C26: Mountserat | D26: London | J26: =(E26*2240)+(F26*112)+(G26*28)+H26 -> 0 | L26: =J26/2240 -> 0
A27: 1731 | B27: Guinea Grains | C27: Mountserat | D27: London | J27: =(E27*2240)+(F27*112)+(G27*28)+H27 -> 0 | L27: =J27/2240 -> 0
A28: 1731 | B28: Gum Guiaci | C28: Mountserat | D28: London | J28: =(E28*2240)+(F28*112)+(G28*28)+H28 -> 0 | L28: =J28/2240 -> 0
A29: 1731 | B29: Hemp | C29: Mountserat | D29: London | J29: =(E29*2240)+(F29*112)+(G29*28)+H29 -> 0 | L29: =J29/2240 -> 0
A30: 1731 | B30: Hypococania | C30: Mountserat | D30: London | J30: =(E30*2240)+(F30*112)+(G30*28)+H30 -> 0 | L30: =J30/2240 -> 0
A31: 1731 | B31: Indigo | C31: Mountserat | D31: London | H31: 344 | J31: =(E31*2240)+(F31*112)+(G31*28)+H31 -> 344 | L31: =J31/2240 -> 0.15357143
A32: 1731 | B32: Jallop? | C32: Mountserat | D32: London | J32: =(E32*2240)+(F32*112)+(G32*28)+H32 -> 0 | L32: =J32/2240 -> 0
A33: 1731 | B33: Lemon Water | C33: Mountserat | D33: London | J33: =(E33*2240)+(F33*112)+(G33*28)+H33 -> 0 | L33: =J33/2240 -> 0
A34: 1731 | B34: Lignum Vitae | C34: Mountserat | D34: London | J34: =(E34*2240)+(F34*112)+(G34*28)+H34 -> 0 | L34: =J34/2240 -> 0
A35: 1731 | B35: Lime Juice | C35: Mountserat | D35: London | J35: =(E35*2240)+(F35*112)+(G35*28)+H35 -> 0 | L35: =J35/2240 -> 0
A36: 1731 | B36: Loaf Sugar | C36: Mountserat | D36: London | J36: =(E36*2240)+(F36*112)+(G36*28)+H36 -> 0 | L36: =J36/2240 -> 0
A37: 1731 | B37: Madera Wine | C37: Mountserat | D37: London | J37: =(E37*2240)+(F37*112)+(G37*28)+H37 -> 0 | L37: =J37/2240 -> 0
A38: 1731 | B38: Molasses | C38: Mountserat | D38: London | J38: =(E38*2240)+(F38*112)+(G38*28)+H38 -> 0 | L38: =J38/2240 -> 0
A39: 1731 | B39: Oranges | C39: Mountserat | D39: London | J39: =(E39*2240)+(F39*112)+(G39*28)+H39 -> 0 | L39: =J39/2240 -> 0
A40: 1731 | B40: Orchelia | C40: Mountserat | D40: London | J40: =(E40*2240)+(F40*112)+(G40*28)+H40 -> 0 | L40: =J40/2240 -> 0
A41: 1731 | B41: Pickles | C41: Mountserat | D41: London | H41: 150 | I41: 15g | J41: =(E41*2240)+(F41*112)+(G41*28)+H41 -> 150 | L41: =J41/2240 -> 0.066964286
A42: 1731 | B42: Pimento | C42: Mountserat | D42: London | H42: 336 | J42: =(E42*2240)+(F42*112)+(G42*28)+H42 -> 336 | L42: =J42/2240 -> 0.15
A43: 1731 | B43: Rice | C43: Mountserat | D43: London | J43: =(E43*2240)+(F43*112)+(G43*28)+H43 -> 0 | L43: =J43/2240 -> 0
A44: 1731 | B44: Rum | C44: Mountserat | D44: London | H44: 58185 | I44: 5817g | J44: =(E44*2240)+(F44*112)+(G44*28)+H44 -> 58185 | L44: =J44/2240 -> 25.975446
A45: 1731 | B45: Sasparilla | C45: Mountserat | D45: London | J45: =(E45*2240)+(F45*112)+(G45*28)+H45 -> 0 | L45: =J45/2240 -> 0
A46: 1731 | B46: Saunders Yellow | C46: Mountserat | D46: London | J46: =(E46*2240)+(F46*112)+(G46*28)+H46 -> 0 | L46: =J46/2240 -> 0
A47: 1731 | B47: Shruff | C47: Mountserat | D47: London | J47: =(E47*2240)+(F47*112)+(G47*28)+H47 -> 0 | L47: =J47/2240 -> 0
A48: 1731 | B48: Snuff | C48: Mountserat | D48: London | J48: =(E48*2240)+(F48*112)+(G48*28)+H48 -> 0 | L48: =J48/2240 -> 0
A49: 1731 | B49: Smalts | C49: Mountserat | D49: London | J49: =(E49*2240)+(F49*112)+(G49*28)+H49 -> 0 | L49: =J49/2240 -> 0
A50: 1731 | B50: Succads | C50: Mountserat | D50: London | H50: 61 | J50: =(E50*2240)+(F50*112)+(G50*28)+H50 -> 61 | L50: =J50/2240 -> 0.027232143
A51: 1731 | B51: Tamarinds | C51: Mountserat | D51: London | H51: 28 | J51: =(E51*2240)+(F51*112)+(G51*28)+H51 -> 28 | L51: =J51/2240 -> 0.0125
A52: 1731 | B52: Tobacco | C52: Mountserat | D52: London | J52: =(E52*2240)+(F52*112)+(G52*28)+H52 -> 0 | L52: =J52/2240 -> 0
A53: 1731 | B53: Tortoise Shell | C53: Mountserat | D53: London | J53: =(E53*2240)+(F53*112)+(G53*28)+H53 -> 0 | L53: =J53/2240 -> 0
A54: 1731 | B54: White Sugar | C54: Mountserat | D54: London | J54: =(E54*2240)+(F54*112)+(G54*28)+H54 -> 0 | L54: =J54/2240 -> 0
A55: 1731 | B55: Wood, Braziletto | C55: Mountserat | D55: London | J55: =(E55*2240)+(F55*112)+(G55*28)+H55 -> 0 | L55: =J55/2240 -> 0
A56: 1731 | B56: Wood, Cocoa | C56: Mountserat | D56: London | J56: =(E56*2240)+(F56*112)+(G56*28)+H56 -> 0 | L56: =J56/2240 -> 0
A57: 1731 | B57: Wood, Ebony | C57: Mountserat | D57: London | J57: =(E57*2240)+(F57*112)+(G57*28)+H57 -> 0 | L57: =J57/2240 -> 0
A58: 1731 | B58: Wood, Fustick | C58: Mountserat | D58: London | E58: 5 | J58: =(E58*2240)+(F58*112)+(G58*28)+H58 -> 11200 | L58: =J58/2240 -> 5
A59: 1731 | B59: Wood, Iron | C59: Mountserat | D59: London | J59: =(E59*2240)+(F59*112)+(G59*28)+H59 -> 0 | L59: =J59/2240 -> 0
A60: 1731 | B60: Wood, Logwood | C60: Mountserat | D60: London | J60: =(E60*2240)+(F60*112)+(G60*28)+H60 -> 0 | L60: =J60/2240 -> 0
A61: 1731 | B61: Wood, Mahogany | C61: Mountserat | D61: London | J61: =(E61*2240)+(F61*112)+(G61*28)+H61 -> 0 | L61: =J61/2240 -> 0
A62: 1731 | B62: Wood, Nicaragua | C62: Mountserat | D62: London | J62: =(E62*2240)+(F62*112)+(G62*28)+H62 -> 0 | L62: =J62/2240 -> 0
A63: 1731 | B63: Wood, Redwood | C63: Mountserat | D63: London | J63: =(E63*2240)+(F63*112)+(G63*28)+H63 -> 0 | L63: =J63/2240 -> 0
A64: 1731 | B64: Wood, Sweetwood | C64: Mountserat | D64: London | J64: =(E64*2240)+(F64*112)+(G64*28)+H64 -> 0 | L64: =J64/2240 -> 0
A65: 1731 | B65: Almonds, Bitter | C65: Mountserat | D65: Out Ports | J65: =(E65*2240)+(F65*112)+(G65*28)+H65 -> 0 | L65: =J65/2240 -> 0
A66: 1731 | B66: Almonds, Sweet | C66: Mountserat | D66: Out Ports | J66: =(E66*2240)+(F66*112)+(G66*28)+H66 -> 0 | L66: =J66/2240 -> 0
A67: 1731 | B67: Aloes Epatica | C67: Mountserat | D67: Out Ports | J67: =(E67*2240)+(F67*112)+(G67*28)+H67 -> 0 | L67: =J67/2240 -> 0
A68: 1731 | B68: Annatto | C68: Mountserat | D68: Out Ports | J68: =(E68*2240)+(F68*112)+(G68*28)+H68 -> 0 | L68: =J68/2240 -> 0
A69: 1731 | B69: Anniseeds | C69: Mountserat | D69: Out Ports | J69: =(E69*2240)+(F69*112)+(G69*28)+H69 -> 0 | L69: =J69/2240 -> 0
A70: 1731 | B70: Bacon | C70: Mountserat | D70: Out Ports | J70: =(E70*2240)+(F70*112)+(G70*28)+H70 -> 0 | L70: =J70/2240 -> 0
... A74: 1731 | B74: Brimstone | C74: Mountserat | D74: Out Ports | J74: =(E74*2240)+(F74*112)+(G74*28)+H74 -> 0 | L74: =J74/2240 -> 0
A75: 1731 | B75: Brown Sugar | C75: Mountserat | D75: Out Ports | F75: 5285 | G75: 2 | H75: 23 | J75: =(E75*2240)+(F75*112)+(G75*28)+H75 -> 591999 | L75: =J75/2240 -> 264.28527
A76: 1731 | B76: Cassia Fistula | C76: Mountserat | D76: Out Ports | J76: =(E76*2240)+(F76*112)+(G76*28)+H76 -> 0 | L76: =J76/2240 -> 0
A77: 1731 | B77: Chocolate | C77: Mountserat | D77: Out Ports | J77: =(E77*2240)+(F77*112)+(G77*28)+H77 -> 0 | L77: =J77/2240 -> 0
A78: 1731 | B78: Cocheneal | C78: Mountserat | D78: Out Ports | J78: =(E78*2240)+(F78*112)+(G78*28)+H78 -> 0 | L78: =J78/2240 -> 0
A79: 1731 | B79: Cocoa Nuts | C79: Mountserat | D79: Out Ports | J79: =(E79*2240)+(F79*112)+(G79*28)+H79 -> 0 | L79: =J79/2240 -> 0
A80: 1731 | B80: Cocoa Paste | C80: Mountserat | D80: Out Ports | J80: =(E80*2240)+(F80*112)+(G80*28)+H80 -> 0 | L80: =J80/2240 -> 0
A81: 1731 | B81: Coffee | C81: Mountserat | D81: Out Ports | J81: =(E81*2240)+(F81*112)+(G81*28)+H81 -> 0 | L81: =J81/2240 -> 0
A82: 1731 | B82: Cortex Peru | C82: Mountserat | D82: Out Ports | J82: =(E82*2240)+(F82*112)+(G82*28)+H82 -> 0 | L82: =J82/2240 -> 0
A83: 1731 | B83: Cortex Winteranus | C83: Mountserat | D83: Out Ports | J83: =(E83*2240)+(F83*112)+(G83*28)+H83 -> 0 | L83: =J83/2240 -> 0
A84: 1731 | B84: Cotton | C84: Mountserat | D84: Out Ports | H84: =59*200+96 -> 11896 | I84: 59bags+96lb | J84: =(E84*2240)+(F84*112)+(G84*28)+H84 -> 11896 | L84: =J84/2240 -> 5.3107143
A85: 1731 | B85: Dry Ginger | C85: Mountserat | D85: Out Ports | J85: =(E85*2240)+(F85*112)+(G85*28)+H85 -> 0 | L85: =J85/2240 -> 0
A86: 1731 | B86: Elephant Teeth | C86: Mountserat | D86: Out Ports | J86: =(E86*2240)+(F86*112)+(G86*28)+H86 -> 0 | L86: =J86/2240 -> 0
A87: 1731 | B87: Green Ginger | C87: Mountserat | D87: Out Ports | J87: =(E87*2240)+(F87*112)+(G87*28)+H87 -> 0 | L87: =J87/2240 -> 0
A88: 1731 | B88: Guinea Grains | C88: Mountserat | D88: Out Ports | J88: =(E88*2240)+(F88*112)+(G88*28)+H88 -> 0 | L88: =J88/2240 -> 0
A89: 1731 | B89: Gum Guiaci | C89: Mountserat | D89: Out Ports | J89: =(E89*2240)+(F89*112)+(G89*28)+H89 -> 0 | L89: =J89/2240 -> 0
A90: 1731 | B90: Hemp | C90: Mountserat | D90: Out Ports | J90: =(E90*2240)+(F90*112)+(G90*28)+H90 -> 0 | L90: =J90/2240 -> 0
A91: 1731 | B91: Hypococania | C91: Mountserat | D91: Out Ports | J91: =(E91*2240)+(F91*112)+(G91*28)+H91 -> 0 | L91: =J91/2240 -> 0
A92: 1731 | B92: Indigo | C92: Mountserat | D92: Out Ports | J92: =(E92*2240)+(F92*112)+(G92*28)+H92 -> 0 | L92: =J92/2240 -> 0
A93: 1731 | B93: Jallop? | C93: Mountserat | D93: Out Ports | J93: =(E93*2240)+(F93*112)+(G93*28)+H93 -> 0 | L93: =J93/2240 -> 0
A94: 1731 | B94: Lemon Water | C94: Mountserat | D94: Out Ports | J94: =(E94*2240)+(F94*112)+(G94*28)+H94 -> 0 | L94: =J94/2240 -> 0
A95: 1731 | B95: Lignum Vitae | C95: Mountserat | D95: Out Ports | J95: =(E95*2240)+(F95*112)+(G95*28)+H95 -> 0 | L95: =J95/2240 -> 0
A96: 1731 | B96: Lime Juice | C96: Mountserat | D96: Out Ports | J96: =(E96*2240)+(F96*112)+(G96*28)+H96 -> 0 | L96: =J96/2240 -> 0
... A103: 1731 | B103: Pickles | C103: Mountserat | D103: Out Ports | J103: =(E103*2240)+(F103*112)+(G103*28)+H103 -> 0 | L103: =J103/2240 -> 0
A104: 1731 | B104: Pimento | C104: Mountserat | D104: Out Ports | H104: 390 | J104: =(E104*2240)+(F104*112)+(G104*28)+H104 -> 390 | L104: =J104/2240 -> 0.17410714
A105: 1731 | B105: Rice | C105: Mountserat | D105: Out Ports | J105: =(E105*2240)+(F105*112)+(G105*28)+H105 -> 0 | L105: =J105/2240 -> 0
A106: 1731 | B106: Rum | C106: Mountserat | D106: Out Ports | H106: 23916 | I106: 2391g | J106: =(E106*2240)+(F106*112)+(G106*28)+H106 -> 23916 | L106: =J106/2240 -> 10.676786
A107: 1731 | B107: Sasparilla | C107: Mountserat | D107: Out Ports | J107: =(E107*2240)+(F107*112)+(G107*28)+H107 -> 0 | L107: =J107/2240 -> 0
A108: 1731 | B108: Saunders Yellow | C108: Mountserat | D108: Out Ports | J108: =(E108*2240)+(F108*112)+(G108*28)+H108 -> 0 | L108: =J108/2240 -> 0
A109: 1731 | B109: Shruff | C109: Mountserat | D109: Out Ports | J109: =(E109*2240)+(F109*112)+(G109*28)+H109 -> 0 | L109: =J109/2240 -> 0
...

Sheet Nevis
A1: YEAR | B1: COMMODITY_NAME | C1: FROM_LOCATION | D1: TO_LOCATION | E1: ton | F1: hh | G1: quarter | H1: lb | J1: Total Pounds | L1: WEIGHT
A2: 1731 | B2: Almonds, Bitter | C2: Nevis | D2: London | J2: =(E2*2240)+(F2*112)+(G2*28)+H2 -> 0 | L2: =J2/2240 -> 0
A3: 1731 | B3: Almonds, Sweet | C3: Nevis | D3: London | J3: =(E3*2240)+(F3*112)+(G3*28)+H3 -> 0 | L3: =J3/2240 -> 0
A4: 1731 | B4: Aloes Epatica | C4: Nevis | D4: London | J4: =(E4*2240)+(F4*112)+(G4*28)+H4 -> 0 | L4: =J4/2240 -> 0
A5: 1731 | B5: Annatto | C5: Nevis | D5: London | J5: =(E5*2240)+(F5*112)+(G5*28)+H5 -> 0 | L5: =J5/2240 -> 0
A6: 1731 | B6: Anniseeds | C6: Nevis | D6: London | J6: =(E6*2240)+(F6*112)+(G6*28)+H6 -> 0 | L6: =J6/2240 -> 0
A7: 1731 | B7: Bacon | C7: Nevis | D7: London | J7: =(E7*2240)+(F7*112)+(G7*28)+H7 -> 0 | L7: =J7/2240 -> 0
A8: 1731 | B8: Barrel Staves | C8: Nevis | D8: London | J8: =(E8*2240)+(F8*112)+(G8*28)+H8 -> 0 | L8: =J8/2240 -> 0
A9: 1731 | B9: Bay Berries | C9: Nevis | D9: London | J9: =(E9*2240)+(F9*112)+(G9*28)+H9 -> 0 | L9: =J9/2240 -> 0
A10: 1731 | B10: Bees Wax | C10: Nevis | D10: London | J10: =(E10*2240)+(F10*112)+(G10*28)+H10 -> 0 | L10: =J10/2240 -> 0
A11: 1731 | B11: Brimstone | C11: Nevis | D11: London | J11: =(E11*2240)+(F11*112)+(G11*28)+H11 -> 0 | L11: =J11/2240 -> 0
A12: 1731 | B12: Brown Sugar | C12: Nevis | D12: London | F12: 21372 | G12: 2 | H12: 15 | J12: =(E12*2240)+(F12*112)+(G12*28)+H12 -> 2393735 | L12: =J12/2240 -> 1068.6317
A13: 1731 | B13: Cascarilla | C13: Nevis | D13: London | J13: =(E13*2240)+(F13*112)+(G13*28)+H13 -> 0 | L13: =J13/2240 -> 0
A14: 1731 | B14: Cassia Fistula | C14: Nevis | D14: London | J14: =(E14*2240)+(F14*112)+(G14*28)+H14 -> 0 | L14: =J14/2240 -> 0
A15: 1731 | B15: Chocolate | C15: Nevis | D15: London | J15: =(E15*2240)+(F15*112)+(G15*28)+H15 -> 0 | L15: =J15/2240 -> 0
A16: 1731 | B16: Cocheneal | C16: Nevis | D16: London | J16: =(E16*2240)+(F16*112)+(G16*28)+H16 -> 0 | L16: =J16/2240 -> 0
A17: 1731 | B17: Cocoa Nuts | C17: Nevis | D17: London | G17: 3 | H17: 16 | J17: =(E17*2240)+(F17*112)+(G17*28)+H17 -> 100 | L17: =J17/2240 -> 0.044642857
A18: 1731 | B18: Cocoa Paste | C18: Nevis | D18: London | J18: =(E18*2240)+(F18*112)+(G18*28)+H18 -> 0 | L18: =J18/2240 -> 0
A19: 1731 | B19: Coffee | C19: Nevis | D19: London | J19: =(E19*2240)+(F19*112)+(G19*28)+H19 -> 0 | L19: =J19/2240 -> 0
A20: 1731 | B20: Cortex Peru | C20: Nevis | D20: London | J20: =(E20*2240)+(F20*112)+(G20*28)+H20 -> 0 | L20: =J20/2240 -> 0
A21: 1731 | B21: Cortex Winteranus | C21: Nevis | D21: London | J21: =(E21*2240)+(F21*112)+(G21*28)+H21 -> 0 | L21: =J21/2240 -> 0
A22: 1731 | B22: Cotton | C22: Nevis | D22: London | H22: =31*200 -> 6200 | I22: 31bags | J22: =(E22*2240)+(F22*112)+(G22*28)+H22 -> 6200 | L22: =J22/2240 -> 2.7678571
A23: 1731 | B23: Dry Ginger | C23: Nevis | D23: London | J23: =(E23*2240)+(F23*112)+(G23*28)+H23 -> 0 | L23: =J23/2240 -> 0
A24: 1731 | B24: Elephant Teeth | C24: Nevis | D24: London | F24: 4 | J24: =(E24*2240)+(F24*112)+(G24*28)+H24 -> 448 | L24: =J24/2240 -> 0.2
A25: 1731 | B25: Green Ginger | C25: Nevis | D25: London | J25: =(E25*2240)+(F25*112)+(G25*28)+H25 -> 0 | L25: =J25/2240 -> 0
A26: 1731 | B26: Guinea Grains | C26: Nevis | D26: London | J26: =(E26*2240)+(F26*112)+(G26*28)+H26 -> 0 | L26: =J26/2240 -> 0
A27: 1731 | B27: Gum Guiaci | C27: Nevis | D27: London | J27: =(E27*2240)+(F27*112)+(G27*28)+H27 -> 0 | L27: =J27/2240 -> 0
A28: 1731 | B28: Hemp | C28: Nevis | D28: London | J28: =(E28*2240)+(F28*112)+(G28*28)+H28 -> 0 | L28: =J28/2240 -> 0
A29: 1731 | B29: Hypococania | C29: Nevis | D29: London | J29: =(E29*2240)+(F29*112)+(G29*28)+H29 -> 0 | L29: =J29/2240 -> 0
A30: 1731 | B30: Indigo | C30: Nevis | D30: London | J30: =(E30*2240)+(F30*112)+(G30*28)+H30 -> 0 | L30: =J30/2240 -> 0
A31: 1731 | B31: Jallop? | C31: Nevis | D31: London | J31: =(E31*2240)+(F31*112)+(G31*28)+H31 -> 0 | L31: =J31/2240 -> 0
A32: 1731 | B32: Lemon Water | C32: Nevis | D32: London | J32: =(E32*2240)+(F32*112)+(G32*28)+H32 -> 0 | L32: =J32/2240 -> 0
A33: 1731 | B33: Lignum Vitae | C33: Nevis | D33: London | E33: 22 | F33: 6 | G33: 2 | J33: =(E33*2240)+(F33*112)+(G33*28)+H33 -> 50008 | L33: =J33/2240 -> 22.325
A34: 1731 | B34: Lime Juice | C34: Nevis | D34: London | J34: =(E34*2240)+(F34*112)+(G34*28)+H34 -> 0 | L34: =J34/2240 -> 0
A35: 1731 | B35: Loaf Sugar | C35: Nevis | D35: London | J35: =(E35*2240)+(F35*112)+(G35*28)+H35 -> 0 | L35: =J35/2240 -> 0
A36: 1731 | B36: Madera Wine | C36: Nevis | D36: London | H36: 14894 | I36: 5t 3h 40g | J36: =(E36*2240)+(F36*112)+(G36*28)+H36 -> 14894 | L36: =J36/2240 -> 6.6491071
A37: 1731 | B37: Molasses | C37: Nevis | D37: London | F37: 7 | G37: 3 | J37: =(E37*2240)+(F37*112)+(G37*28)+H37 -> 868 | L37: =J37/2240 -> 0.3875
A38: 1731 | B38: Oranges | C38: Nevis | D38: London | J38: =(E38*2240)+(F38*112)+(G38*28)+H38 -> 0 | L38: =J38/2240 -> 0
A39: 1731 | B39: Orchelia | C39: Nevis | D39: London | J39: =(E39*2240)+(F39*112)+(G39*28)+H39 -> 0 | L39: =J39/2240 -> 0
A40: 1731 | B40: Pickles | C40: Nevis | D40: London | H40: 50 | I40: 5g | J40: =(E40*2240)+(F40*112)+(G40*28)+H40 -> 50 | L40: =J40/2240 -> 0.022321429
A41: 1731 | B41: Pimento | C41: Nevis | D41: London | J41: =(E41*2240)+(F41*112)+(G41*28)+H41 -> 0 | L41: =J41/2240 -> 0
A42: 1731 | B42: Potatoes | C42: Nevis | D42: London | F42: 2 | J42: =(E42*2240)+(F42*112)+(G42*28)+H42 -> 224 | L42: =J42/2240 -> 0.1
A43: 1731 | B43: Rice | C43: Nevis | D43: London | J43: =(E43*2240)+(F43*112)+(G43*28)+H43 -> 0 | L43: =J43/2240 -> 0
A44: 1731 | B44: Rum | C44: Nevis | D44: London | H44: 4291 | I44: 429g | J44: =(E44*2240)+(F44*112)+(G44*28)+H44 -> 4291 | L44: =J44/2240 -> 1.915625
A45: 1731 | B45: Sasparilla | C45: Nevis | D45: London | J45: =(E45*2240)+(F45*112)+(G45*28)+H45 -> 0 | L45: =J45/2240 -> 0
A46: 1731 | B46: Saunders Yellow | C46: Nevis | D46: London | J46: =(E46*2240)+(F46*112)+(G46*28)+H46 -> 0 | L46: =J46/2240 -> 0
A47: 1731 | B47: Shruff | C47: Nevis | D47: London | J47: =(E47*2240)+(F47*112)+(G47*28)+H47 -> 0 | L47: =J47/2240 -> 0
A48: 1731 | B48: Snuff | C48: Nevis | D48: London | J48: =(E48*2240)+(F48*112)+(G48*28)+H48 -> 0 | L48: =J48/2240 -> 0
A49: 1731 | B49: Smalts | C49: Nevis | D49: London | J49: =(E49*2240)+(F49*112)+(G49*28)+H49 -> 0 | L49: =J49/2240 -> 0
A50: 1731 | B50: Succads | C50: Nevis | D50: London | H50: 39 | J50: =(E50*2240)+(F50*112)+(G50*28)+H50 -> 39 | L50: =J50/2240 -> 0.017410714
A51: 1731 | B51: Tamarinds | C51: Nevis | D51: London | H51: 32 | J51: =(E51*2240)+(F51*112)+(G51*28)+H51 -> 32 | L51: =J51/2240 -> 0.014285714
A52: 1731 | B52: Tobacco | C52: Nevis | D52: London | J52: =(E52*2240)+(F52*112)+(G52*28)+H52 -> 0 | L52: =J52/2240 -> 0
A53: 1731 | B53: Tortoise Shell | C53: Nevis | D53: London | J53: =(E53*2240)+(F53*112)+(G53*28)+H53 -> 0 | L53: =J53/2240 -> 0
A54: 1731 | B54: White Sugar | C54: Nevis | D54: London | J54: =(E54*2240)+(F54*112)+(G54*28)+H54 -> 0 | L54: =J54/2240 -> 0
A55: 1731 | B55: Wood, Braziletto | C55: Nevis | D55: London | J55: =(E55*2240)+(F55*112)+(G55*28)+H55 -> 0 | L55: =J55/2240 -> 0
A56: 1731 | B56: Wood, Cocoa | C56: Nevis | D56: London | J56: =(E56*2240)+(F56*112)+(G56*28)+H56 -> 0 | L56: =J56/2240 -> 0
A57: 1731 | B57: Wood, Ebony | C57: Nevis | D57: London | J57: =(E57*2240)+(F57*112)+(G57*28)+H57 -> 0 | L57: =J57/2240 -> 0
A58: 1731 | B58: Wood, Fustick | C58: Nevis | D58: London | E58: 32 | F58: 9 | J58: =(E58*2240)+(F58*112)+(G58*28)+H58 -> 72688 | L58: =J58/2240 -> 32.45
A59: 1731 | B59: Wood, Iron | C59: Nevis | D59: London | J59: =(E59*2240)+(F59*112)+(G59*28)+H59 -> 0 | L59: =J59/2240 -> 0
A60: 1731 | B60: Wood, Logwood | C60: Nevis | D60: London | J60: =(E60*2240)+(F60*112)+(G60*28)+H60 -> 0 | L60: =J60/2240 -> 0
A61: 1731 | B61: Wood, Mahogany | C61: Nevis | D61: London | J61: =(E61*2240)+(F61*112)+(G61*28)+H61 -> 0 | L61: =J61/2240 -> 0
A62: 1731 | B62: Wood, Nicaragua | C62: Nevis | D62: London | J62: =(E62*2240)+(F62*112)+(G62*28)+H62 -> 0 | L62: =J62/2240 -> 0
A63: 1731 | B63: Wood, Redwood | C63: Nevis | D63: London | E63: 2 | J63: =(E63*2240)+(F63*112)+(G63*28)+H63 -> 4480 | L63: =J63/2240 -> 2
A64: 1731 | B64: Wood, Sweetwood | C64: Nevis | D64: London | J64: =(E64*2240)+(F64*112)+(G64*28)+H64 -> 0 | L64: =J64/2240 -> 0
A65: 1731 | B65: Almonds, Bitter | C65: Nevis | D65: Out Ports | J65: =(E65*2240)+(F65*112)+(G65*28)+H65 -> 0 | L65: =J65/2240 -> 0
A66: 1731 | B66: Almonds, Sweet | C66: Nevis | D66: Out Ports | J66: =(E66*2240)+(F66*112)+(G66*28)+H66 -> 0 | L66: =J66/2240 -> 0
A67: 1731 | B67: Aloes Epatica | C67: Nevis | D67: Out Ports | J67: =(E67*2240)+(F67*112)+(G67*28)+H67 -> 0 | L67: =J67/2240 -> 0
A68: 1731 | B68: Annatto | C68: Nevis | D68: Out Ports | J68: =(E68*2240)+(F68*112)+(G68*28)+H68 -> 0 | L68: =J68/2240 -> 0
A69: 1731 | B69: Anniseeds | C69: Nevis | D69: Out Ports | J69: =(E69*2240)+(F69*112)+(G69*28)+H69 -> 0 | L69: =J69/2240 -> 0
A70: 1731 | B70: Bacon | C70: Nevis | D70: Out Ports | J70: =(E70*2240)+(F70*112)+(G70*28)+H70 -> 0 | L70: =J70/2240 -> 0
A71: 1731 | B71: Barrel Staves | C71: Nevis | D71: Out Ports | J71: =(E71*2240)+(F71*112)+(G71*28)+H71 -> 0 | L71: =J71/2240 -> 0
A72: 1731 | B72: Bay Berries | C72: Nevis | D72: Out Ports | J72: =(E72*2240)+(F72*112)+(G72*28)+H72 -> 0 | L72: =J72/2240 -> 0
A73: 1731 | B73: Bees Wax | C73: Nevis | D73: Out Ports | J73: =(E73*2240)+(F73*112)+(G73*28)+H73 -> 0 | L73: =J73/2240 -> 0
A74: 1731 | B74: Brimstone | C74: Nevis | D74: Out Ports | J74: =(E74*2240)+(F74*112)+(G74*28)+H74 -> 0 | L74: =J74/2240 -> 0
A75: 1731 | B75: Brown Sugar | C75: Nevis | D75: Out Ports | F75: 6200 | G75: 1 | H75: 12 | J75: =(E75*2240)+(F75*112)+(G75*28)+H75 -> 694440 | L75: =J75/2240 -> 310.01786
A76: 1731 | B76: Cassia Fistula | C76: Nevis | D76: Out Ports | J76: =(E76*2240)+(F76*112)+(G76*28)+H76 -> 0 | L76: =J76/2240 -> 0
A77: 1731 | B77: Chocolate | C77: Nevis | D77: Out Ports | J77: =(E77*2240)+(F77*112)+(G77*28)+H77 -> 0 | L77: =J77/2240 -> 0
A78: 1731 | B78: Cocheneal | C78: Nevis | D78: Out Ports | J78: =(E78*2240)+(F78*112)+(G78*28)+H78 -> 0 | L78: =J78/2240 -> 0
A79: 1731 | B79: Cocoa Nuts | C79: Nevis | D79: Out Ports | J79: =(E79*2240)+(F79*112)+(G79*28)+H79 -> 0 | L79: =J79/2240 -> 0
A80: 1731 | B80: Cocoa Paste | C80: Nevis | D80: Out Ports | J80: =(E80*2240)+(F80*112)+(G80*28)+H80 -> 0 | L80: =J80/2240 -> 0
A81: 1731 | B81: Coffee | C81: Nevis | D81: Out Ports | J81: =(E81*2240)+(F81*112)+(G81*28)+H81 -> 0 | L81: =J81/2240 -> 0
A82: 1731 | B82: Cortex Peru | C82: Nevis | D82: Out Ports | J82: =(E82*2240)+(F82*112)+(G82*28)+H82 -> 0 | L82: =J82/2240 -> 0
A83: 1731 | B83: Cortex Winteranus | C83: Nevis | D83: Out Ports | J83: =(E83*2240)+(F83*112)+(G83*28)+H83 -> 0 | L83: =J83/2240 -> 0
A84: 1731 | B84: Cotton | C84: Nevis | D84: Out Ports | H84: =129*200+150 -> 25950 | I84: 129bags+150lb | J84: =(E84*2240)+(F84*112)+(G84*28)+H84 -> 25950 | L84: =J84/2240 -> 11.584821
A85: 1731 | B85: Dry Ginger | C85: Nevis | D85: Out Ports | J85: =(E85*2240)+(F85*112)+(G85*28)+H85 -> 0 | L85: =J85/2240 -> 0
A86: 1731 | B86: Elephant Teeth | C86: Nevis | D86: Out Ports | J86: =(E86*2240)+(F86*112)+(G86*28)+H86 -> 0 | L86: =J86/2240 -> 0
A87: 1731 | B87: Green Ginger | C87: Nevis | D87: Out Ports | J87: =(E87*2240)+(F87*112)+(G87*28)+H87 -> 0 | L87: =J87/2240 -> 0
A88: 1731 | B88: Guinea Grains | C88: Nevis | D88: Out Ports | H88: 5894 | J88: =(E88*2240)+(F88*112)+(G88*28)+H88 -> 5894 | L88: =J88/2240 -> 2.63125
A89: 1731 | B89: Gum Guiaci | C89: Nevis | D89: Out Ports | J89: =(E89*2240)+(F89*112)+(G89*28)+H89 -> 0 | L89: =J89/2240 -> 0
A90: 1731 | B90: Hemp | C90: Nevis | D90: Out Ports | J90: =(E90*2240)+(F90*112)+(G90*28)+H90 -> 0 | L90: =J90/2240 -> 0
A91: 1731 | B91: Hypococania | C91: Nevis | D91: Out Ports | J91: =(E91*2240)+(F91*112)+(G91*28)+H91 -> 0 | L91: =J91/2240 -> 0
A92: 1731 | B92: Indigo | C92: Nevis | D92: Out Ports | J92: =(E92*2240)+(F92*112)+(G92*28)+H92 -> 0 | L92: =J92/2240 -> 0
A93: 1731 | B93: Jallop? | C93: Nevis | D93: Out Ports | J93: =(E93*2240)+(F93*112)+(G93*28)+H93 -> 0 | L93: =J93/2240 -> 0
A94: 1731 | B94: Lemon Water | C94: Nevis | D94: Out Ports | J94: =(E94*2240)+(F94*112)+(G94*28)+H94 -> 0 | L94: =J94/2240 -> 0
A95: 1731 | B95: Lignum Vitae | C95: Nevis | D95: Out Ports | E95: 6 | F95: 14 | G95: 2 | H95: 14 | J95: =(E95*2240)+(F95*112)+(G95*28)+H95 -> 15078 | L95: =J95/2240 -> 6.73125
A96: 1731 | B96: Lime Juice | C96: Nevis | D96: Out Ports | J96: =(E96*2240)+(F96*112)+(G96*28)+H96 -> 0 | L96: =J96/2240 -> 0
A97: 1731 | B97: Loaf Sugar | C97: Nevis | D97: Out Ports | J97: =(E97*2240)+(F97*112)+(G97*28)+H97 -> 0 | L97: =J97/2240 -> 0
A98: 1731 | B98: Madera Wine | C98: Nevis | D98: Out Ports | H98: 2520.5 | I98: 1t | J98: =(E98*2240)+(F98*112)+(G98*28)+H98 -> 2520.5 | L98: =J98/2240 -> 1.1252232
A99: 1731 | B99: Molasses | C99: Nevis | D99: Out Ports | J99: =(E99*2240)+(F99*112)+(G99*28)+H99 -> 0 | L99: =J99/2240 -> 0
A100: 1731 | B100: Old Pewter | C100: Nevis | D100: Out Ports | J100: =(E100*2240)+(F100*112)+(G100*28)+H100 -> 0 | L100: =J100/2240 -> 0
...

Sheet St Kitts
A1: YEAR | B1: COMMODITY_NAME | C1: FROM_LOCATION | D1: TO_LOCATION | E1: ton | F1: hh | G1: quarter | H1: lb | J1: Total Pounds | L1: WEIGHT
A2: 1731 | B2: Almonds, Bitter | C2: StKitts | D2: London | J2: =(E2*2240)+(F2*112)+(G2*28)+H2 -> 0 | L2: =J2/2240 -> 0
A3: 1731 | B3: Almonds, Sweet | C3: StKitts | D3: London | J3: =(E3*2240)+(F3*112)+(G3*28)+H3 -> 0 | L3: =J3/2240 -> 0
A4: 1731 | B4: Aloes Epatica | C4: StKitts | D4: London | J4: =(E4*2240)+(F4*112)+(G4*28)+H4 -> 0 | L4: =J4/2240 -> 0
A5: 1731 | B5: Annatto | C5: StKitts | D5: London | J5: =(E5*2240)+(F5*112)+(G5*28)+H5 -> 0 | L5: =J5/2240 -> 0
A6: 1731 | B6: Anniseeds | C6: StKitts | D6: London | J6: =(E6*2240)+(F6*112)+(G6*28)+H6 -> 0 | L6: =J6/2240 -> 0
A7: 1731 | B7: Bacon | C7: StKitts | D7: London | J7: =(E7*2240)+(F7*112)+(G7*28)+H7 -> 0 | L7: =J7/2240 -> 0
A8: 1731 | B8: Barrel Staves | C8: StKitts | D8: London | J8: =(E8*2240)+(F8*112)+(G8*28)+H8 -> 0 | L8: =J8/2240 -> 0
A9: 1731 | B9: Bay Berries | C9: StKitts | D9: London | J9: =(E9*2240)+(F9*112)+(G9*28)+H9 -> 0 | L9: =J9/2240 -> 0
A10: 1731 | B10: Bees Wax | C10: StKitts | D10: London | F10: 8 | G10: 1 | J10: =(E10*2240)+(F10*112)+(G10*28)+H10 -> 924 | L10: =J10/2240 -> 0.4125
A11: 1731 | B11: Brimstone | C11: StKitts | D11: London | J11: =(E11*2240)+(F11*112)+(G11*28)+H11 -> 0 | L11: =J11/2240 -> 0
A12: 1731 | B12: Brown Sugar | C12: StKitts | D12: London | F12: 150143 | G12: 1 | H12: 4 | J12: =(E12*2240)+(F12*112)+(G12*28)+H12 -> 16816048 | L12: =J12/2240 -> 7507.1643
A13: 1731 | B13: Cascarilla | C13: StKitts | D13: London | J13: =(E13*2240)+(F13*112)+(G13*28)+H13 -> 0 | L13: =J13/2240 -> 0
A14: 1731 | B14: Cassia Fistula | C14: StKitts | D14: London | H14: 620 | J14: =(E14*2240)+(F14*112)+(G14*28)+H14 -> 620 | L14: =J14/2240 -> 0.27678571
A15: 1731 | B15: Chocolate | C15: StKitts | D15: London | J15: =(E15*2240)+(F15*112)+(G15*28)+H15 -> 0 | L15: =J15/2240 -> 0
A16: 1731 | B16: Cocheneal | C16: StKitts | D16: London | J16: =(E16*2240)+(F16*112)+(G16*28)+H16 -> 0 | L16: =J16/2240 -> 0
A17: 1731 | B17: Cocoa Nuts | C17: StKitts | D17: London | J17: =(E17*2240)+(F17*112)+(G17*28)+H17 -> 0 | L17: =J17/2240 -> 0
A18: 1731 | B18: Cocoa Paste | C18: StKitts | D18: London | J18: =(E18*2240)+(F18*112)+(G18*28)+H18 -> 0 | L18: =J18/2240 -> 0
A19: 1731 | B19: Coffee | C19: StKitts | D19: London | J19: =(E19*2240)+(F19*112)+(G19*28)+H19 -> 0 | L19: =J19/2240 -> 0
A20: 1731 | B20: Cortex Peru | C20: StKitts | D20: London | J20: =(E20*2240)+(F20*112)+(G20*28)+H20 -> 0 | L20: =J20/2240 -> 0
A21: 1731 | B21: Cortex Winteranus | C21: StKitts | D21: London | J21: =(E21*2240)+(F21*112)+(G21*28)+H21 -> 0 | L21: =J21/2240 -> 0
A22: 1731 | B22: Cotton | C22: StKitts | D22: London | H22: =1091*200 -> 218200 | I22: 1091bags | J22: =(E22*2240)+(F22*112)+(G22*28)+H22 -> 218200 | L22: =J22/2240 -> 97.410714
A23: 1731 | B23: Dry Ginger | C23: StKitts | D23: London | J23: =(E23*2240)+(F23*112)+(G23*28)+H23 -> 0 | L23: =J23/2240 -> 0
A24: 1731 | B24: Elephant Teeth | C24: StKitts | D24: London | F24: 32 | G24: 2 | H24: 10 | J24: =(E24*2240)+(F24*112)+(G24*28)+H24 -> 3650 | L24: =J24/2240 -> 1.6294643
A25: 1731 | B25: Green Ginger | C25: StKitts | D25: London | H25: 33 | J25: =(E25*2240)+(F25*112)+(G25*28)+H25 -> 33 | L25: =J25/2240 -> 0.014732143
A26: 1731 | B26: Guinea Grains | C26: StKitts | D26: London | H26: 750 | J26: =(E26*2240)+(F26*112)+(G26*28)+H26 -> 750 | L26: =J26/2240 -> 0.33482143
A27: 1731 | B27: Gum Copal | C27: StKitts | D27: London | H27: 3101 | J27: =(E27*2240)+(F27*112)+(G27*28)+H27 -> 3101 | L27: =J27/2240 -> 1.384375
A28: 1731 | B28: Gum Guiaci | C28: StKitts | D28: London | H28: 269 | J28: =(E28*2240)+(F28*112)+(G28*28)+H28 -> 269 | L28: =J28/2240 -> 0.12008929
A29: 1731 | B29: Hemp | C29: StKitts | D29: London | J29: =(E29*2240)+(F29*112)+(G29*28)+H29 -> 0 | L29: =J29/2240 -> 0
A30: 1731 | B30: Hypococania | C30: StKitts | D30: London | J30: =(E30*2240)+(F30*112)+(G30*28)+H30 -> 0 | L30: =J30/2240 -> 0
A31: 1731 | B31: Indigo | C31: StKitts | D31: London | H31: 638 | J31: =(E31*2240)+(F31*112)+(G31*28)+H31 -> 638 | L31: =J31/2240 -> 0.28482143
A32: 1731 | B32: Jallop? | C32: StKitts | D32: London | J32: =(E32*2240)+(F32*112)+(G32*28)+H32 -> 0 | L32: =J32/2240 -> 0
A33: 1731 | B33: Lemon Water | C33: StKitts | D33: London | J33: =(E33*2240)+(F33*112)+(G33*28)+H33 -> 0 | L33: =J33/2240 -> 0
A34: 1731 | B34: Lignum Vitae | C34: StKitts | D34: London | E34: 7 | J34: =(E34*2240)+(F34*112)+(G34*28)+H34 -> 15680 | L34: =J34/2240 -> 7
A35: 1731 | B35: Lime Juice | C35: StKitts | D35: London | J35: =(E35*2240)+(F35*112)+(G35*28)+H35 -> 0 | L35: =J35/2240 -> 0
A36: 1731 | B36: Loaf Sugar | C36: StKitts | D36: London | J36: =(E36*2240)+(F36*112)+(G36*28)+H36 -> 0 | L36: =J36/2240 -> 0
A37: 1731 | B37: Madera Wine | C37: StKitts | D37: London | H37: 38440 | I37: 15t 1h | J37: =(E37*2240)+(F37*112)+(G37*28)+H37 -> 38440 | L37: =J37/2240 -> 17.160714
A38: 1731 | B38: Molasses | C38: StKitts | D38: London | F38: 1 | H38: 17 | J38: =(E38*2240)+(F38*112)+(G38*28)+H38 -> 129 | L38: =J38/2240 -> 0.057589286
A39: 1731 | B39: Oranges | C39: StKitts | D39: London | J39: =(E39*2240)+(F39*112)+(G39*28)+H39 -> 0 | L39: =J39/2240 -> 0
A40: 1731 | B40: Orchelia | C40: StKitts | D40: London | J40: =(E40*2240)+(F40*112)+(G40*28)+H40 -> 0 | L40: =J40/2240 -> 0
A41: 1731 | B41: Pickles | C41: StKitts | D41: London | H41: 220 | I41: 22g | J41: =(E41*2240)+(F41*112)+(G41*28)+H41 -> 220 | L41: =J41/2240 -> 0.098214286
A42: 1731 | B42: Pimento | C42: StKitts | D42: London | H42: 1188 | J42: =(E42*2240)+(F42*112)+(G42*28)+H42 -> 1188 | L42: =J42/2240 -> 0.53035714
A43: 1731 | B43: Rice | C43: StKitts | D43: London | J43: =(E43*2240)+(F43*112)+(G43*28)+H43 -> 0 | L43: =J43/2240 -> 0
A44: 1731 | B44: Rum | C44: StKitts | D44: London | H44: 44511.5 | I44: 4450g | J44: =(E44*2240)+(F44*112)+(G44*28)+H44 -> 44511.5 | L44: =J44/2240 -> 19.871205
A45: 1731 | B45: Sasparilla | C45: StKitts | D45: London | J45: =(E45*2240)+(F45*112)+(G45*28)+H45 -> 0 | L45: =J45/2240 -> 0
A46: 1731 | B46: Saunders Yellow | C46: StKitts | D46: London | J46: =(E46*2240)+(F46*112)+(G46*28)+H46 -> 0 | L46: =J46/2240 -> 0
A47: 1731 | B47: Shruff | C47: StKitts | D47: London | J47: =(E47*2240)+(F47*112)+(G47*28)+H47 -> 0 | L47: =J47/2240 -> 0
A48: 1731 | B48: Snuff | C48: StKitts | D48: London | J48: =(E48*2240)+(F48*112)+(G48*28)+H48 -> 0 | L48: =J48/2240 -> 0
A49: 1731 | B49: Smalts | C49: StKitts | D49: London | J49: =(E49*2240)+(F49*112)+(G49*28)+H49 -> 0 | L49: =J49/2240 -> 0
A50: 1731 | B50: Succads | C50: StKitts | D50: London | H50: 520 | J50: =(E50*2240)+(F50*112)+(G50*28)+H50 -> 520 | L50: =J50/2240 -> 0.23214286
A51: 1731 | B51: Tamarinds | C51: StKitts | D51: London | H51: 193 | J51: =(E51*2240)+(F51*112)+(G51*28)+H51 -> 193 | L51: =J51/2240 -> 0.086160714
A52: 1731 | B52: Tobacco | C52: StKitts | D52: London | J52: =(E52*2240)+(F52*112)+(G52*28)+H52 -> 0 | L52: =J52/2240 -> 0
A53: 1731 | B53: Tortoise Shell | C53: StKitts | D53: London | J53: =(E53*2240)+(F53*112)+(G53*28)+H53 -> 0 | L53: =J53/2240 -> 0
A54: 1731 | B54: Turpentine | C54: StKitts | D54: London | F54: 28 | G54: 1 | J54: =(E54*2240)+(F54*112)+(G54*28)+H54 -> 3164 | L54: =J54/2240 -> 1.4125
A55: 1731 | B55: White Sugar | C55: StKitts | D55: London | J55: =(E55*2240)+(F55*112)+(G55*28)+H55 -> 0 | L55: =J55/2240 -> 0
A56: 1731 | B56: Wood, Braziletto | C56: StKitts | D56: London | J56: =(E56*2240)+(F56*112)+(G56*28)+H56 -> 0 | L56: =J56/2240 -> 0
A57: 1731 | B57: Wood, Cocoa | C57: StKitts | D57: London | J57: =(E57*2240)+(F57*112)+(G57*28)+H57 -> 0 | L57: =J57/2240 -> 0
A58: 1731 | B58: Wood, Ebony | C58: StKitts | D58: London | E58: 2 | J58: =(E58*2240)+(F58*112)+(G58*28)+H58 -> 4480 | L58: =J58/2240 -> 2
A59: 1731 | B59: Wood, Fustick | C59: StKitts | D59: London | E59: 206 | G59: 3 | J59: =(E59*2240)+(F59*112)+(G59*28)+H59 -> 461524 | L59: =J59/2240 -> 206.0375
A60: 1731 | B60: Wood, Iron | C60: StKitts | D60: London | J60: =(E60*2240)+(F60*112)+(G60*28)+H60 -> 0 | L60: =J60/2240 -> 0
A61: 1731 | B61: Wood, Logwood | C61: StKitts | D61: London | J61: =(E61*2240)+(F61*112)+(G61*28)+H61 -> 0 | L61: =J61/2240 -> 0
A62: 1731 | B62: Wood, Mahogany | C62: StKitts | D62: London | E62: 2 | H62: 71 | J62: =(E62*2240)+(F62*112)+(G62*28)+H62 -> 4551 | L62: =J62/2240 -> 2.0316964
A63: 1731 | B63: Wood, Nicaragua | C63: StKitts | D63: London | J63: =(E63*2240)+(F63*112)+(G63*28)+H63 -> 0 | L63: =J63/2240 -> 0
A64: 1731 | B64: Wood, Redwood | C64: StKitts | D64: London | J64: =(E64*2240)+(F64*112)+(G64*28)+H64 -> 0 | L64: =J64/2240 -> 0
A65: 1731 | B65: Wood, Sweetwood | C65: StKitts | D65: London | J65: =(E65*2240)+(F65*112)+(G65*28)+H65 -> 0 | L65: =J65/2240 -> 0
A66: 1731 | B66: Almonds, Bitter | C66: StKitts | D66: Out Ports | J66: =(E66*2240)+(F66*112)+(G66*28)+H66 -> 0 | L66: =J66/2240 -> 0
A67: 1731 | B67: Almonds, Sweet | C67: StKitts | D67: Out Ports | J67: =(E67*2240)+(F67*112)+(G67*28)+H67 -> 0 | L67: =J67/2240 -> 0
A68: 1731 | B68: Aloes Epatica | C68: StKitts | D68: Out Ports | J68: =(E68*2240)+(F68*112)+(G68*28)+H68 -> 0 | L68: =J68/2240 -> 0
A69: 1731 | B69: Annatto | C69: StKitts | D69: Out Ports | J69: =(E69*2240)+(F69*112)+(G69*28)+H69 -> 0 | L69: =J69/2240 -> 0
A70: 1731 | B70: Anniseeds | C70: StKitts | D70: Out Ports | J70: =(E70*2240)+(F70*112)+(G70*28)+H70 -> 0 | L70: =J70/2240 -> 0
A71: 1731 | B71: Bacon | C71: StKitts | D71: Out Ports | J71: =(E71*2240)+(F71*112)+(G71*28)+H71 -> 0 | L71: =J71/2240 -> 0
A72: 1731 | B72: Barrel Staves | C72: StKitts | D72: Out Ports | J72: =(E72*2240)+(F72*112)+(G72*28)+H72 -> 0 | L72: =J72/2240 -> 0
A73: 1731 | B73: Bay Berries | C73: StKitts | D73: Out Ports | J73: =(E73*2240)+(F73*112)+(G73*28)+H73 -> 0 | L73: =J73/2240 -> 0
A74: 1731 | B74: Bees Wax | C74: StKitts | D74: Out Ports | J74: =(E74*2240)+(F74*112)+(G74*28)+H74 -> 0 | L74: =J74/2240 -> 0
A75: 1731 | B75: Brimstone | C75: StKitts | D75: Out Ports | J75: =(E75*2240)+(F75*112)+(G75*28)+H75 -> 0 | L75: =J75/2240 -> 0
A76: 1731 | B76: Brown Sugar | C76: StKitts | D76: Out Ports | F76: 24357 | G76: 2 | H76: 4 | J76: =(E76*2240)+(F76*112)+(G76*28)+H76 -> 2728044 | L76: =J76/2240 -> 1217.8768
A77: 1731 | B77: Cassia Fistula | C77: StKitts | D77: Out Ports | J77: =(E77*2240)+(F77*112)+(G77*28)+H77 -> 0 | L77: =J77/2240 -> 0
A78: 1731 | B78: Chocolate | C78: StKitts | D78: Out Ports | J78: =(E78*2240)+(F78*112)+(G78*28)+H78 -> 0 | L78: =J78/2240 -> 0
A79: 1731 | B79: Cocheneal | C79: StKitts | D79: Out Ports | J79: =(E79*2240)+(F79*112)+(G79*28)+H79 -> 0 | L79: =J79/2240 -> 0
A80: 1731 | B80: Cocoa Nuts | C80: StKitts | D80: Out Ports | F80: 118 | G80: 1 | H80: 3 | J80: =(E80*2240)+(F80*112)+(G80*28)+H80 -> 13247 | L80: =J80/2240 -> 5.9138393
A81: 1731 | B81: Cocoa Paste | C81: StKitts | D81: Out Ports | J81: =(E81*2240)+(F81*112)+(G81*28)+H81 -> 0 | L81: =J81/2240 -> 0
A82: 1731 | B82: Coffee | C82: StKitts | D82: Out Ports | J82: =(E82*2240)+(F82*112)+(G82*28)+H82 -> 0 | L82: =J82/2240 -> 0
A83: 1731 | B83: Cortex Peru | C83: StKitts | D83: Out Ports | J83: =(E83*2240)+(F83*112)+(G83*28)+H83 -> 0 | L83: =J83/2240 -> 0
A84: 1731 | B84: Cortex Winteranus | C84: StKitts | D84: Out Ports | J84: =(E84*2240)+(F84*112)+(G84*28)+H84 -> 0 | L84: =J84/2240 -> 0
A85: 1731 | B85: Cotton | C85: StKitts | D85: Out Ports | H85: =674*200+95 -> 134895 | I85: 674bags+95lb | J85: =(E85*2240)+(F85*112)+(G85*28)+H85 -> 134895 | L85: =J85/2240 -> 60.220982
A86: 1731 | B86: Dry Ginger | C86: StKitts | D86: Out Ports | J86: =(E86*2240)+(F86*112)+(G86*28)+H86 -> 0 | L86: =J86/2240 -> 0
A87: 1731 | B87: Elephant Teeth | C87: StKitts | D87: Out Ports | F87: 41 | G87: 3 | H87: 20 | J87: =(E87*2240)+(F87*112)+(G87*28)+H87 -> 4696 | L87: =J87/2240 -> 2.0964286
A88: 1731 | B88: Green Ginger | C88: StKitts | D88: Out Ports | J88: =(E88*2240)+(F88*112)+(G88*28)+H88 -> 0 | L88: =J88/2240 -> 0
A89: 1731 | B89: Guinea Grains | C89: StKitts | D89: Out Ports | J89: =(E89*2240)+(F89*112)+(G89*28)+H89 -> 0 | L89: =J89/2240 -> 0
A90: 1731 | B90: Gum Guiaci | C90: StKitts | D90: Out Ports | J90: =(E90*2240)+(F90*112)+(G90*28)+H90 -> 0 | L90: =J90/2240 -> 0
A91: 1731 | B91: Hemp | C91: StKitts | D91: Out Ports | J91: =(E91*2240)+(F91*112)+(G91*28)+H91 -> 0 | L91: =J91/2240 -> 0
A92: 1731 | B92: Hypococania | C92: StKitts | D92: Out Ports | J92: =(E92*2240)+(F92*112)+(G92*28)+H92 -> 0 | L92: =J92/2240 -> 0
A93: 1731 | B93: Indigo | C93: StKitts | D93: Out Ports | J93: =(E93*2240)+(F93*112)+(G93*28)+H93 -> 0 | L93: =J93/2240 -> 0
A94: 1731 | B94: Jallop? | C94: StKitts | D94: Out Ports | J94: =(E94*2240)+(F94*112)+(G94*28)+H94 -> 0 | L94: =J94/2240 -> 0
A95: 1731 | B95: Lemon Water | C95: StKitts | D95: Out Ports | J95: =(E95*2240)+(F95*112)+(G95*28)+H95 -> 0 | L95: =J95/2240 -> 0
A96: 1731 | B96: Lignum Vitae | C96: StKitts | D96: Out Ports | E96: 16 | F96: 1 | H96: 4 | J96: =(E96*2240)+(F96*112)+(G96*28)+H96 -> 35956 | L96: =J96/2240 -> 16.051786
A97: 1731 | B97: Lime Juice | C97: StKitts | D97: Out Ports | H97: 590 | I97: 59g | J97: =(E97*2240)+(F97*112)+(G97*28)+H97 -> 590 | L97: =J97/2240 -> 0.26339286
A98: 1731 | B98: Loaf Sugar | C98: StKitts | D98: Out Ports | J98: =(E98*2240)+(F98*112)+(G98*28)+H98 -> 0 | L98: =J98/2240 -> 0
A99: 1731 | B99: Madera Wine | C99: StKitts | D99: Out Ports | J99: =(E99*2240)+(F99*112)+(G99*28)+H99 -> 0 | L99: =J99/2240 -> 0
A100: 1731 | B100: Molasses | C100: StKitts | D100: Out Ports | J100: =(E100*2240)+(F100*112)+(G100*28)+H100 -> 0 | L100: =J100/2240 -> 0
...

Sheet Tortola
A1: YEAR | B1: COMMODITY_NAME | C1: FROM_LOCATION | D1: TO_LOCATION | E1: ton | F1: hh | G1: quarter | H1: lb | J1: Total Pounds | L1: WEIGHT
B2: Almonds, Bitter | C2: Tortola | D2: London | J2: =(E2*2240)+(F2*112)+(G2*28)+H2 -> 0 | L2: =J2/2240 -> 0
B3: Almonds, Sweet | C3: Tortola | D3: London | J3: =(E3*2240)+(F3*112)+(G3*28)+H3 -> 0 | L3: =J3/2240 -> 0
B4: Aloes Epatica | C4: Tortola | D4: London | J4: =(E4*2240)+(F4*112)+(G4*28)+H4 -> 0 | L4: =J4/2240 -> 0
B5: Annatto | C5: Tortola | D5: London | J5: =(E5*2240)+(F5*112)+(G5*28)+H5 -> 0 | L5: =J5/2240 -> 0
B6: Anniseeds | C6: Tortola | D6: London | J6: =(E6*2240)+(F6*112)+(G6*28)+H6 -> 0 | L6: =J6/2240 -> 0
B7: Bacon | C7: Tortola | D7: London | J7: =(E7*2240)+(F7*112)+(G7*28)+H7 -> 0 | L7: =J7/2240 -> 0
B8: Barrel Staves | C8: Tortola | D8: London | J8: =(E8*2240)+(F8*112)+(G8*28)+H8 -> 0 | L8: =J8/2240 -> 0
B9: Bay Berries | C9: Tortola | D9: London | J9: =(E9*2240)+(F9*112)+(G9*28)+H9 -> 0 | L9: =J9/2240 -> 0
B10: Bees Wax | C10: Tortola | D10: London | J10: =(E10*2240)+(F10*112)+(G10*28)+H10 -> 0 | L10: =J10/2240 -> 0
B11: Brimstone | C11: Tortola | D11: London | J11: =(E11*2240)+(F11*112)+(G11*28)+H11 -> 0 | L11: =J11/2240 -> 0
B12: Brown Sugar | C12: Tortola | D12: London | J12: =(E12*2240)+(F12*112)+(G12*28)+H12 -> 0 | L12: =J12/2240 -> 0
B13: Cascarilla | C13: Tortola | D13: London | J13: =(E13*2240)+(F13*112)+(G13*28)+H13 -> 0 | L13: =J13/2240 -> 0
... B126: Wood, Sweetwood | C126: Tortola | D126: Out Ports | J126: =(E126*2240)+(F126*112)+(G126*28)+H126 -> 0 | L126: =J126/2240 -> 0

Sheet WestIndiesGeneral
A1: YEAR | B1: COMMODITY_NAME | C1: FROM_LOCATION | D1: TO_LOCATION | E1: ton | F1: hh | G1: quarter | H1: lb | J1: Total Pounds | L1: WEIGHT
A2: 1731 | B2: Almonds, Bitter | C2: WestIndiesGeneral | D2: London | J2: =(E2*2240)+(F2*112)+(G2*28)+H2 -> 0 | L2: =J2/2240 -> 0
A3: 1731 | B3: Almonds, Sweet | C3: WestIndiesGeneral | D3: London | J3: =(E3*2240)+(F3*112)+(G3*28)+H3 -> 0 | L3: =J3/2240 -> 0
A4: 1731 | B4: Aloes Epatica | C4: WestIndiesGeneral | D4: London | J4: =(E4*2240)+(F4*112)+(G4*28)+H4 -> 0 | L4: =J4/2240 -> 0
A5: 1731 | B5: Annatto | C5: WestIndiesGeneral | D5: London | J5: =(E5*2240)+(F5*112)+(G5*28)+H5 -> 0 | L5: =J5/2240 -> 0
A6: 1731 | B6: Anniseeds | C6: WestIndiesGeneral | D6: London | J6: =(E6*2240)+(F6*112)+(G6*28)+H6 -> 0 | L6: =J6/2240 -> 0
A7: 1731 | B7: Bacon | C7: WestIndiesGeneral | D7: London | J7: =(E7*2240)+(F7*112)+(G7*28)+H7 -> 0 | L7: =J7/2240 -> 0
A8: 1731 | B8: Balsam Natural | C8: WestIndiesGeneral | D8: London | H8: 250 | J8: =(E8*2240)+(F8*112)+(G8*28)+H8 -> 250 | L8: =J8/2240 -> 0.11160714
A9: 1731 | B9: Barrel Staves | C9: WestIndiesGeneral | D9: London | J9: =(E9*2240)+(F9*112)+(G9*28)+H9 -> 0 | L9: =J9/2240 -> 0
A10: 1731 | B10: Bay Berries | C10: WestIndiesGeneral | D10: London | J10: =(E10*2240)+(F10*112)+(G10*28)+H10 -> 0 | L10: =J10/2240 -> 0
A11: 1731 | B11: Beaver Skins | C11: WestIndiesGeneral | D11: London | J11: =(E11*2240)+(F11*112)+(G11*28)+H11 -> 0 | L11: =J11/2240 -> 0
A12: 1731 | B12: Bees Wax | C12: WestIndiesGeneral | D12: London | J12: =(E12*2240)+(F12*112)+(G12*28)+H12 -> 0 | L12: =J12/2240 -> 0
A13: 1731 | B13: Brimstone | C13: WestIndiesGeneral | D13: London | J13: =(E13*2240)+(F13*112)+(G13*28)+H13 -> 0 | L13: =J13/2240 -> 0
A14: 1731 | B14: Brown Sugar | C14: WestIndiesGeneral | D14: London | F14: 725 | G14: 2 | H14: 14 | J14: =(E14*2240)+(F14*112)+(G14*28)+H14 -> 81270 | L14: =J14/2240 -> 36.28125
A15: 1731 | B15: Cascarilla | C15: WestIndiesGeneral | D15: London | J15: =(E15*2240)+(F15*112)+(G15*28)+H15 -> 0 | L15: =J15/2240 -> 0
A16: 1731 | B16: Cassia Fistula | C16: WestIndiesGeneral | D16: London | J16: =(E16*2240)+(F16*112)+(G16*28)+H16 -> 0 | L16: =J16/2240 -> 0
A17: 1731 | B17: Chocolate | C17: WestIndiesGeneral | D17: London | J17: =(E17*2240)+(F17*112)+(G17*28)+H17 -> 0 | L17: =J17/2240 -> 0
A18: 1731 | B18: Cocheneal | C18: WestIndiesGeneral | D18: London | J18: =(E18*2240)+(F18*112)+(G18*28)+H18 -> 0 | L18: =J18/2240 -> 0
A19: 1731 | B19: Cocoa Nuts | C19: WestIndiesGeneral | D19: London | J19: =(E19*2240)+(F19*112)+(G19*28)+H19 -> 0 | L19: =J19/2240 -> 0
A20: 1731 | B20: Cocoa Paste | C20: WestIndiesGeneral | D20: London | J20: =(E20*2240)+(F20*112)+(G20*28)+H20 -> 0 | L20: =J20/2240 -> 0
A21: 1731 | B21: Coffee | C21: WestIndiesGeneral | D21: London | J21: =(E21*2240)+(F21*112)+(G21*28)+H21 -> 0 | L21: =J21/2240 -> 0
A22: 1731 | B22: Cortex Peru | C22: WestIndiesGeneral | D22: London | J22: =(E22*2240)+(F22*112)+(G22*28)+H22 -> 0 | L22: =J22/2240 -> 0
A23: 1731 | B23: Cortex Winteranus | C23: WestIndiesGeneral | D23: London | J23: =(E23*2240)+(F23*112)+(G23*28)+H23 -> 0 | L23: =J23/2240 -> 0
A24: 1731 | B24: Cotton | C24: WestIndiesGeneral | D24: London | J24: =(E24*2240)+(F24*112)+(G24*28)+H24 -> 0 | L24: =J24/2240 -> 0
A25: 1731 | B25: Dry Ginger | C25: WestIndiesGeneral | D25: London | J25: =(E25*2240)+(F25*112)+(G25*28)+H25 -> 0 | L25: =J25/2240 -> 0
A26: 1731 | B26: Elephant Teeth | C26: WestIndiesGeneral | D26: London | J26: =(E26*2240)+(F26*112)+(G26*28)+H26 -> 0 | L26: =J26/2240 -> 0
... A28: 1731 | B28: Guinea Grains | C28: WestIndiesGeneral | D28: London | J28: =(E28*2240)+(F28*112)+(G28*28)+H28 -> 0 | L28: =J28/2240 -> 0
A29: 1731 | B29: Gum Elemni | C29: WestIndiesGeneral | D29: London | H29: 1400 | J29: =(E29*2240)+(F29*112)+(G29*28)+H29 -> 1400 | L29: =J29/2240 -> 0.625
A30: 1731 | B30: Hemp | C30: WestIndiesGeneral | D30: London | J30: =(E30*2240)+(F30*112)+(G30*28)+H30 -> 0 | L30: =J30/2240 -> 0
A31: 1731 | B31: Hypococania | C31: WestIndiesGeneral | D31: London | J31: =(E31*2240)+(F31*112)+(G31*28)+H31 -> 0 | L31: =J31/2240 -> 0
A32: 1731 | B32: Indigo | C32: WestIndiesGeneral | D32: London | J32: =(E32*2240)+(F32*112)+(G32*28)+H32 -> 0 | L32: =J32/2240 -> 0
A33: 1731 | B33: Jallop? | C33: WestIndiesGeneral | D33: London | J33: =(E33*2240)+(F33*112)+(G33*28)+H33 -> 0 | L33: =J33/2240 -> 0
A34: 1731 | B34: Lemon Water | C34: WestIndiesGeneral | D34: London | J34: =(E34*2240)+(F34*112)+(G34*28)+H34 -> 0 | L34: =J34/2240 -> 0
A35: 1731 | B35: Lignum Vitae | C35: WestIndiesGeneral | D35: London | J35: =(E35*2240)+(F35*112)+(G35*28)+H35 -> 0 | L35: =J35/2240 -> 0
A36: 1731 | B36: Lime Juice | C36: WestIndiesGeneral | D36: London | J36: =(E36*2240)+(F36*112)+(G36*28)+H36 -> 0 | L36: =J36/2240 -> 0
A37: 1731 | B37: Loaf Sugar | C37: WestIndiesGeneral | D37: London | J37: =(E37*2240)+(F37*112)+(G37*28)+H37 -> 0 | L37: =J37/2240 -> 0
A38: 1731 | B38: Madera Wine | C38: WestIndiesGeneral | D38: London | H38: 1000.5 | I38: 1h 37g | J38: =(E38*2240)+(F38*112)+(G38*28)+H38 -> 1000.5 | L38: =J38/2240 -> 0.44665179
A39: 1731 | B39: Molasses | C39: WestIndiesGeneral | D39: London | J39: =(E39*2240)+(F39*112)+(G39*28)+H39 -> 0 | L39: =J39/2240 -> 0
A40: 1731 | B40: Oranges | C40: WestIndiesGeneral | D40: London | J40: =(E40*2240)+(F40*112)+(G40*28)+H40 -> 0 | L40: =J40/2240 -> 0
A41: 1731 | B41: Orchelia | C41: WestIndiesGeneral | D41: London | J41: =(E41*2240)+(F41*112)+(G41*28)+H41 -> 0 | L41: =J41/2240 -> 0
A42: 1731 | B42: Pickles | C42: WestIndiesGeneral | D42: London | J42: =(E42*2240)+(F42*112)+(G42*28)+H42 -> 0 | L42: =J42/2240 -> 0
A43: 1731 | B43: Pimento | C43: WestIndiesGeneral | D43: London | J43: =(E43*2240)+(F43*112)+(G43*28)+H43 -> 0 | L43: =J43/2240 -> 0
A44: 1731 | B44: Rice | C44: WestIndiesGeneral | D44: London | J44: =(E44*2240)+(F44*112)+(G44*28)+H44 -> 0 | L44: =J44/2240 -> 0
A45: 1731 | B45: Rum | C45: WestIndiesGeneral | D45: London | H45: 16204 | I45: 1620g | J45: =(E45*2240)+(F45*112)+(G45*28)+H45 -> 16204 | L45: =J45/2240 -> 7.2339286
A46: 1731 | B46: Sasparilla | C46: WestIndiesGeneral | D46: London | H46: 500 | J46: =(E46*2240)+(F46*112)+(G46*28)+H46 -> 500 | L46: =J46/2240 -> 0.22321429
A47: 1731 | B47: Saunders Yellow | C47: WestIndiesGeneral | D47: London | J47: =(E47*2240)+(F47*112)+(G47*28)+H47 -> 0 | L47: =J47/2240 -> 0
A48: 1731 | B48: Shruff | C48: WestIndiesGeneral | D48: London | J48: =(E48*2240)+(F48*112)+(G48*28)+H48 -> 0 | L48: =J48/2240 -> 0
A49: 1731 | B49: Snuff | C49: WestIndiesGeneral | D49: London | H49: 37635 | J49: =(E49*2240)+(F49*112)+(G49*28)+H49 -> 37635 | L49: =J49/2240 -> 16.801339
A50: 1731 | B50: Smalts | C50: WestIndiesGeneral | D50: London | J50: =(E50*2240)+(F50*112)+(G50*28)+H50 -> 0 | L50: =J50/2240 -> 0
A51: 1731 | B51: Succads | C51: WestIndiesGeneral | D51: London | J51: =(E51*2240)+(F51*112)+(G51*28)+H51 -> 0 | L51: =J51/2240 -> 0
A52: 1731 | B52: Tamarinds | C52: WestIndiesGeneral | D52: London | J52: =(E52*2240)+(F52*112)+(G52*28)+H52 -> 0 | L52: =J52/2240 -> 0
A53: 1731 | B53: Tobacco | C53: WestIndiesGeneral | D53: London | H53: 50 | J53: =(E53*2240)+(F53*112)+(G53*28)+H53 -> 50 | L53: =J53/2240 -> 0.022321429
A54: 1731 | B54: Tortoise Shell | C54: WestIndiesGeneral | D54: London | J54: =(E54*2240)+(F54*112)+(G54*28)+H54 -> 0 | L54: =J54/2240 -> 0
A55: 1731 | B55: Turpentine | C55: WestIndiesGeneral | D55: London | J55: =(E55*2240)+(F55*112)+(G55*28)+H55 -> 0 | L55: =J55/2240 -> 0
A56: 1731 | B56: White Sugar | C56: WestIndiesGeneral | D56: London | J56: =(E56*2240)+(F56*112)+(G56*28)+H56 -> 0 | L56: =J56/2240 -> 0
A57: 1731 | B57: Wood, Braziletto | C57: WestIndiesGeneral | D57: London | J57: =(E57*2240)+(F57*112)+(G57*28)+H57 -> 0 | L57: =J57/2240 -> 0
A58: 1731 | B58: Wood, Cocus | C58: WestIndiesGeneral | D58: London | J58: =(E58*2240)+(F58*112)+(G58*28)+H58 -> 0 | L58: =J58/2240 -> 0
A59: 1731 | B59: Wood, Ebony | C59: WestIndiesGeneral | D59: London | J59: =(E59*2240)+(F59*112)+(G59*28)+H59 -> 0 | L59: =J59/2240 -> 0
A60: 1731 | B60: Wood, Fustick | C60: WestIndiesGeneral | D60: London | J60: =(E60*2240)+(F60*112)+(G60*28)+H60 -> 0 | L60: =J60/2240 -> 0
A61: 1731 | B61: Wood, Iron | C61: WestIndiesGeneral | D61: London | J61: =(E61*2240)+(F61*112)+(G61*28)+H61 -> 0 | L61: =J61/2240 -> 0
A62: 1731 | B62: Wood, Logwood | C62: WestIndiesGeneral | D62: London | J62: =(E62*2240)+(F62*112)+(G62*28)+H62 -> 0 | L62: =J62/2240 -> 0
A63: 1731 | B63: Wood, Mahogany | C63: WestIndiesGeneral | D63: London | J63: =(E63*2240)+(F63*112)+(G63*28)+H63 -> 0 | L63: =J63/2240 -> 0
A64: 1731 | B64: Wood, Nicaragua | C64: WestIndiesGeneral | D64: London | E64: 18 | J64: =(E64*2240)+(F64*112)+(G64*28)+H64 -> 40320 | L64: =J64/2240 -> 18
A65: 1731 | B65: Wood, Redwood | C65: WestIndiesGeneral | D65: London | J65: =(E65*2240)+(F65*112)+(G65*28)+H65 -> 0 | L65: =J65/2240 -> 0
A66: 1731 | B66: Wood, Sweetwood | C66: WestIndiesGeneral | D66: London | J66: =(E66*2240)+(F66*112)+(G66*28)+H66 -> 0 | L66: =J66/2240 -> 0
A67: 1731 | B67: Almonds, Bitter | C67: WestIndiesGeneral | D67: Out Ports | J67: =(E67*2240)+(F67*112)+(G67*28)+H67 -> 0 | L67: =J67/2240 -> 0
A68: 1731 | B68: Almonds, Sweet | C68: WestIndiesGeneral | D68: Out Ports | J68: =(E68*2240)+(F68*112)+(G68*28)+H68 -> 0 | L68: =J68/2240 -> 0
A69: 1731 | B69: Aloes Epatica | C69: WestIndiesGeneral | D69: Out Ports | J69: =(E69*2240)+(F69*112)+(G69*28)+H69 -> 0 | L69: =J69/2240 -> 0
A70: 1731 | B70: Annatto | C70: WestIndiesGeneral | D70: Out Ports | J70: =(E70*2240)+(F70*112)+(G70*28)+H70 -> 0 | L70: =J70/2240 -> 0
A71: 1731 | B71: Anniseeds | C71: WestIndiesGeneral | D71: Out Ports | J71: =(E71*2240)+(F71*112)+(G71*28)+H71 -> 0 | L71: =J71/2240 -> 0
A72: 1731 | B72: Bacon | C72: WestIndiesGeneral | D72: Out Ports | J72: =(E72*2240)+(F72*112)+(G72*28)+H72 -> 0 | L72: =J72/2240 -> 0
A73: 1731 | B73: Barrel Staves | C73: WestIndiesGeneral | D73: Out Ports | J73: =(E73*2240)+(F73*112)+(G73*28)+H73 -> 0 | L73: =J73/2240 -> 0
A74: 1731 | B74: Bay Berries | C74: WestIndiesGeneral | D74: Out Ports | J74: =(E74*2240)+(F74*112)+(G74*28)+H74 -> 0 | L74: =J74/2240 -> 0
A75: 1731 | B75: Bees Wax | C75: WestIndiesGeneral | D75: Out Ports | J75: =(E75*2240)+(F75*112)+(G75*28)+H75 -> 0 | L75: =J75/2240 -> 0
A76: 1731 | B76: Brimstone | C76: WestIndiesGeneral | D76: Out Ports | J76: =(E76*2240)+(F76*112)+(G76*28)+H76 -> 0 | L76: =J76/2240 -> 0
... A80: 1731 | B80: Cocheneal | C80: WestIndiesGeneral | D80: Out Ports | J80: =(E80*2240)+(F80*112)+(G80*28)+H80 -> 0 | L80: =J80/2240 -> 0
A81: 1731 | B81: Cocoa Nuts | C81: WestIndiesGeneral | D81: Out Ports | F81: 33 | H81: 19 | J81: =(E81*2240)+(F81*112)+(G81*28)+H81 -> 3715 | L81: =J81/2240 -> 1.6584821
A82: 1731 | B82: Cocoa Paste | C82: WestIndiesGeneral | D82: Out Ports | J82: =(E82*2240)+(F82*112)+(G82*28)+H82 -> 0 | L82: =J82/2240 -> 0
A83: 1731 | B83: Coffee | C83: WestIndiesGeneral | D83: Out Ports | J83: =(E83*2240)+(F83*112)+(G83*28)+H83 -> 0 | L83: =J83/2240 -> 0
A84: 1731 | B84: Cortex Peru | C84: WestIndiesGeneral | D84: Out Ports | J84: =(E84*2240)+(F84*112)+(G84*28)+H84 -> 0 | L84: =J84/2240 -> 0
A85: 1731 | B85: Cortex Winteranus | C85: WestIndiesGeneral | D85: Out Ports | J85: =(E85*2240)+(F85*112)+(G85*28)+H85 -> 0 | L85: =J85/2240 -> 0
A86: 1731 | B86: Cotton | C86: WestIndiesGeneral | D86: Out Ports | J86: =(E86*2240)+(F86*112)+(G86*28)+H86 -> 0 | L86: =J86/2240 -> 0
A87: 1731 | B87: Dry Ginger | C87: WestIndiesGeneral | D87: Out Ports | J87: =(E87*2240)+(F87*112)+(G87*28)+H87 -> 0 | L87: =J87/2240 -> 0
A88: 1731 | B88: Elephant Teeth | C88: WestIndiesGeneral | D88: Out Ports | J88: =(E88*2240)+(F88*112)+(G88*28)+H88 -> 0 | L88: =J88/2240 -> 0
A89: 1731 | B89: Green Ginger | C89: WestIndiesGeneral | D89: Out Ports | J89: =(E89*2240)+(F89*112)+(G89*28)+H89 -> 0 | L89: =J89/2240 -> 0
A90: 1731 | B90: Guinea Grains | C90: WestIndiesGeneral | D90: Out Ports | J90: =(E90*2240)+(F90*112)+(G90*28)+H90 -> 0 | L90: =J90/2240 -> 0
A91: 1731 | B91: Gum Guiaci | C91: WestIndiesGeneral | D91: Out Ports | J91: =(E91*2240)+(F91*112)+(G91*28)+H91 -> 0 | L91: =J91/2240 -> 0
A92: 1731 | B92: Hemp | C92: WestIndiesGeneral | D92: Out Ports | J92: =(E92*2240)+(F92*112)+(G92*28)+H92 -> 0 | L92: =J92/2240 -> 0
A93: 1731 | B93: Hypococania | C93: WestIndiesGeneral | D93: Out Ports | J93: =(E93*2240)+(F93*112)+(G93*28)+H93 -> 0 | L93: =J93/2240 -> 0
... A124: 1731 | B124: Wood, Iron | C124: WestIndiesGeneral | D124: Out Ports | J124: =(E124*2240)+(F124*112)+(G124*28)+H124 -> 0 | L124: =J124/2240 -> 0
A125: 1731 | B125: Wood, Logwood | C125: WestIndiesGeneral | D125: Out Ports | E125: 7 | J125: =(E125*2240)+(F125*112)+(G125*28)+H125 -> 15680 | L125: =J125/2240 -> 7
A126: 1731 | B126: Wood, Mahogany | C126: WestIndiesGeneral | D126: Out Ports | E126: 4 | F126: 7 | G126: 1 | H126: 17 | J126: =(E126*2240)+(F126*112)+(G126*28)+H126 -> 9789 | L126: =J126/2240 -> 4.3700893
A127: 1731 | B127: Wood, Nicaragua | C127: WestIndiesGeneral | D127: Out Ports | J127: =(E127*2240)+(F127*112)+(G127*28)+H127 -> 0 | L127: =J127/2240 -> 0
A128: 1731 | B128: Wood, Redwood | C128: WestIndiesGeneral | D128: Out Ports | J128: =(E128*2240)+(F128*112)+(G128*28)+H128 -> 0 | L128: =J128/2240 -> 0
A129: 1731 | B129: Wood, Sweetwood | C129: WestIndiesGeneral | D129: Out Ports | J129: =(E129*2240)+(F129*112)+(G129*28)+H129 -> 0 | L129: =J129/2240 -> 0
