Workbook

Sheet Master Goods Sheet
A1: Item | B1: Total London | C1: Total Outports | D1: Total
A2: Annatto | B2: =SUMIFS(Antigua!$L:$L, Antigua!$B:$B, $A2, Antigua!$D:$D, "London") + SUMIFS(Barbados!$L:$L, Barbados!$B:$B, $A2, Barbados!$D:$D, "London") + SUMIFS(Bermuda!$L:$L, Bermuda!$B:$B, $A2, Bermuda!$D:$D, "London") + SUMIFS(Jamaica!$L:$L, Jamaica!$B:$B, $A2, Jamaica!$D:$D, "London") + SUMIFS(Mountserat!$L:$L, Mountserat!$B:$B, $A2, Mountserat!$D:$D, "London") + SUMIFS(Nevis!$L:$L, Nevis!$B:$B, $A2, Nevis!$D:$D, "London") + SUMIFS('St Kitts'!$L:$L, 'St Kitts'!$B:$B, $A2, 'St Kitts'!$D:$D, "London") + SUMIFS(WestIndiesGeneral!$L:$L, WestIndiesGeneral!$B:$B, $A2, WestIndiesGeneral!$D:$D, "London") + SUMIFS(Tortola!$L:$L, Tortola!$B:$B, $A2, Tortola!$D:$D, "London") + SUMIFS(Anguilla!$L:$L, Anguilla!$B:$B, $A2, Anguilla!$D:$D, "London") -> 0 | C2: =SUMIFS(Antigua!$L:$L, Antigua!$B:$B, $A2, Antigua!$D:$D, "Out Ports") + SUMIFS(Barbados!$L:$L, Barbados!$B:$B, $A2, Barbados!$D:$D, "Out Ports") + SUMIFS(Bermuda!$L:$L, Bermuda!$B:$B, $A2, Bermuda!$D:$D, "Out Ports") + SUMIFS(Jamaica!$L:$L, Jamaica!$B:$B, $A2, Jamaica!$D:$D, "Out Ports") + SUMIFS(Mountserat!$L:$L, Mountserat!$B:$B, $A2, Mountserat!$D:$D, "Out Ports") + SUMIFS(Nevis!$L:$L, Nevis!$B:$B, $A2, Nevis!$D:$D, "Out Ports") + SUMIFS('St Kitts'!$L:$L, 'St Kitts'!$B:$B, $A2, 'St Kitts'!$D:$D, "Out Ports") + SUMIFS(WestIndiesGeneral!$L:$L, WestIndiesGeneral!$B:$B, $A2, WestIndiesGeneral!$D:$D, "Out Ports") + SUMIFS(Tortola!$L:$L, Tortola!$B:$B, $A2, Tortola!$D:$D, "Out Ports") + SUMIFS(Anguilla!$L:$L, Anguilla!$B:$B, $A2, Anguilla!$D:$D, "Out Ports") -> 0 | D2: =B2+C2 -> 0
A3: Bees Wax | B3: =SUMIFS(Antigua!$L:$L, Antigua!$B:$B, $A3, Antigua!$D:$D, "London") + SUMIFS(Barbados!$L:$L, Barbados!$B:$B, $A3, Barbados!$D:$D, "London") + SUMIFS(Bermuda!$L:$L, Bermuda!$B:$B, $A3, Bermuda!$D:$D, "London") + SUMIFS(Jamaica!$L:$L, Jamaica!$B:$B, $A3, Jamaica!$D:$D, "London") + SUMIFS(Mountserat!$L:$L, Mountserat!$B:$B, $A3, Mountserat!$D:$D, "London") + SUMIFS(Nevis!$L:$L, Nevis!$B:$B, $A3, Nevis!$D:$D, "London") + SUMIFS('St Kitts'!$L:$L, 'St Kitts'!$B:$B, $A3, 'St Kitts'!$D:$D, "London") + SUMIFS(WestIndiesGeneral!$L:$L, WestIndiesGeneral!$B:$B, $A3, WestIndiesGeneral!$D:$D, "London") + SUMIFS(Tortola!$L:$L, Tortola!$B:$B, $A3, Tortola!$D:$D, "London") + SUMIFS(Anguilla!$L:$L, Anguilla!$B:$B, $A3, Anguilla!$D:$D, "London") -> 2.0375 | C3: =SUMIFS(Antigua!$L:$L, Antigua!$B:$B, $A3, Antigua!$D:$D, "Out Ports") + SUMIFS(Barbados!$L:$L, Barbados!$B:$B, $A3, Barbados!$D:$D, "Out Ports") + SUMIFS(Bermuda!$L:$L, Bermuda!$B:$B, $A3, Bermuda!$D:$D, "Out Ports") + SUMIFS(Jamaica!$L:$L, Jamaica!$B:$B, $A3, Jamaica!$D:$D, "Out Ports") + SUMIFS(Mountserat!$L:$L, Mountserat!$B:$B, $A3, Mountserat!$D:$D, "Out Ports") + SUMIFS(Nevis!$L:$L, Nevis!$B:$B, $A3, Nevis!$D:$D, "Out Ports") + SUMIFS('St Kitts'!$L:$L, 'St Kitts'!$B:$B, $A3, 'St Kitts'!$D:$D, "Out Ports") + SUMIFS(WestIndiesGeneral!$L:$L, WestIndiesGeneral!$B:$B, $A3, WestIndiesGeneral!$D:$D, "Out Ports") + SUMIFS(Tortola!$L:$L, Tortola!$B:$B, $A3, Tortola!$D:$D, "Out Ports") + SUMIFS(Anguilla!$L:$L, Anguilla!$B:$B, $A3, Anguilla!$D:$D, "Out Ports") -> 3.2446429 | D3: =B3+C3 -> 5.2821429
A4: Brown Sugar | B4: =SUMIFS(Antigua!$L:$L, Antigua!$B:$B, $A4, Antigua!$D:$D, "London") + SUMIFS(Barbados!$L:$L, Barbados!$B:$B, $A4, Barbados!$D:$D, "London") + SUMIFS(Bermuda!$L:$L, Bermuda!$B:$B, $A4, Bermuda!$D:$D, "London") + SUMIFS(Jamaica!$L:$L, Jamaica!$B:$B, $A4, Jamaica!$D:$D, "London") + SUMIFS(Mountserat!$L:$L, Mountserat!$B:$B, $A4, Mountserat!$D:$D, "London") + SUMIFS(Nevis!$L:$L, Nevis!$B:$B, $A4, Nevis!$D:$D, "London") + SUMIFS('St Kitts'!$L:$L, 'St Kitts'!$B:$B, $A4, 'St Kitts'!$D:$D, "London") + SUMIFS(WestIndiesGeneral!$L:$L, WestIndiesGeneral!$B:$B, $A4, WestIndiesGeneral!$D:$D, "London") + SUMIFS(Tortola!$L:$L, Tortola!$B:$B, $A4, Tortola!$D:$D, "London") + SUMIFS(Anguilla!$L:$L, Anguilla!$B:$B, $A4, Anguilla!$D:$D, "London") -> 35830.193 | C4: =SUMIFS(Antigua!$L:$L, Antigua!$B:$B, $A4, Antigua!$D:$D, "Out Ports") + SUMIFS(Barbados!$L:$L, Barbados!$B:$B, $A4, Barbados!$D:$D, "Out Ports") + SUMIFS(Bermuda!$L:$L, Bermuda!$B:$B, $A4, Bermuda!$D:$D, "Out Ports") + SUMIFS(Jamaica!$L:$L, Jamaica!$B:$B, $A4, Jamaica!$D:$D, "Out Ports") + SUMIFS(Mountserat!$L:$L, Mountserat!$B:$B, $A4, Mountserat!$D:$D, "Out Ports") + SUMIFS(Nevis!$L:$L, Nevis!$B:$B, $A4, Nevis!$D:$D, "Out Ports") + SUMIFS('St Kitts'!$L:$L, 'St Kitts'!$B:$B, $A4, 'St Kitts'!$D:$D, "Out Ports") + SUMIFS(WestIndiesGeneral!$L:$L, WestIndiesGeneral!$B:$B, $A4, WestIndiesGeneral!$D:$D, "Out Ports") + SUMIFS(Tortola!$L:$L, Tortola!$B:$B, $A4, Tortola!$D:$D, "Out Ports") + SUMIFS(Anguilla!$L:$L, Anguilla!$B:$B, $A4, Anguilla!$D:$D, "Out Ports") -> 13204.562 | D4: =B4+C4 -> 49034.756
A5: Chocolate | B5: =SUMIFS(Antigua!$L:$L, Antigua!$B:$B, $A5, Antigua!$D:$D, "London") + SUMIFS(Barbados!$L:$L, Barbados!$B:$B, $A5, Barbados!$D:$D, "London") + SUMIFS(Bermuda!$L:$L, Bermuda!$B:$B, $A5, Bermuda!$D:$D, "London") + SUMIFS(Jamaica!$L:$L, Jamaica!$B:$B, $A5, Jamaica!$D:$D, "London") + SUMIFS(Mountserat!$L:$L, Mountserat!$B:$B, $A5, Mountserat!$D:$D, "London") + SUMIFS(Nevis!$L:$L, Nevis!$B:$B, $A5, Nevis!$D:$D, "London") + SUMIFS('St Kitts'!$L:$L, 'St Kitts'!$B:$B, $A5, 'St Kitts'!$D:$D, "London") + SUMIFS(WestIndiesGeneral!$L:$L, WestIndiesGeneral!$B:$B, $A5, WestIndiesGeneral!$D:$D, "London") + SUMIFS(Tortola!$L:$L, Tortola!$B:$B, $A5, Tortola!$D:$D, "London") + SUMIFS(Anguilla!$L:$L, Anguilla!$B:$B, $A5, Anguilla!$D:$D, "London") -> 0 | C5: =SUMIFS(Antigua!$L:$L, Antigua!$B:$B, $A5, Antigua!$D:$D, "Out Ports") + SUMIFS(Barbados!$L:$L, Barbados!$B:$B, $A5, Barbados!$D:$D, "Out Ports") + SUMIFS(Bermuda!$L:$L, Bermuda!$B:$B, $A5, Bermuda!$D:$D, "Out Ports") + SUMIFS(Jamaica!$L:$L, Jamaica!$B:$B, $A5, Jamaica!$D:$D, "Out Ports") + SUMIFS(Mountserat!$L:$L, Mountserat!$B:$B, $A5, Mountserat!$D:$D, "Out Ports") + SUMIFS(Nevis!$L:$L, Nevis!$B:$B, $A5, Nevis!$D:$D, "Out Ports") + SUMIFS('St Kitts'!$L:$L, 'St Kitts'!$B:$B, $A5, 'St Kitts'!$D:$D, "Out Ports") + SUMIFS(WestIndiesGeneral!$L:$L, WestIndiesGeneral!$B:$B, $A5, WestIndiesGeneral!$D:$D, "Out Ports") + SUMIFS(Tortola!$L:$L, Tortola!$B:$B, $A5, Tortola!$D:$D, "Out Ports") + SUMIFS(Anguilla!$L:$L, Anguilla!$B:$B, $A5, Anguilla!$D:$D, "Out Ports") -> 0 | D5: =B5+C5 -> 0
A6: Cocoa Nuts | B6: =SUMIFS(Antigua!$L:$L, Antigua!$B:$B, $A6, Antigua!$D:$D, "London") + SUMIFS(Barbados!$L:$L, Barbados!$B:$B, $A6, Barbados!$D:$D, "London") + SUMIFS(Bermuda!$L:$L, Bermuda!$B:$B, $A6, Bermuda!$D:$D, "London") + SUMIFS(Jamaica!$L:$L, Jamaica!$B:$B, $A6, Jamaica!$D:$D, "London") + SUMIFS(Mountserat!$L:$L, Mountserat!$B:$B, $A6, Mountserat!$D:$D, "London") + SUMIFS(Nevis!$L:$L, Nevis!$B:$B, $A6, Nevis!$D:$D, "London") + SUMIFS('St Kitts'!$L:$L, 'St Kitts'!$B:$B, $A6, 'St Kitts'!$D:$D, "London") + SUMIFS(WestIndiesGeneral!$L:$L, WestIndiesGeneral!$B:$B, $A6, WestIndiesGeneral!$D:$D, "London") + SUMIFS(Tortola!$L:$L, Tortola!$B:$B, $A6, Tortola!$D:$D, "London") + SUMIFS(Anguilla!$L:$L, Anguilla!$B:$B, $A6, Anguilla!$D:$D, "London") -> 256.04509 | C6: =SUMIFS(Antigua!$L:$L, Antigua!$B:$B, $A6, Antigua!$D:$D, "Out Ports") + SUMIFS(Barbados!$L:$L, Barbados!$B:$B, $A6, Barbados!$D:$D, "Out Ports") + SUMIFS(Bermuda!$L:$L, Bermuda!$B:$B, $A6, Bermuda!$D:$D, "Out Ports") + SUMIFS(Jamaica!$L:$L, Jamaica!$B:$B, $A6, Jamaica!$D:$D, "Out Ports") + SUMIFS(Mountserat!$L:$L, Mountserat!$B:$B, $A6, Mountserat!$D:$D, "Out Ports") + SUMIFS(Nevis!$L:$L, Nevis!$B:$B, $A6, Nevis!$D:$D, "Out Ports") + SUMIFS('St Kitts'!$L:$L, 'St Kitts'!$B:$B, $A6, 'St Kitts'!$D:$D, "Out Ports") + SUMIFS(WestIndiesGeneral!$L:$L, WestIndiesGeneral!$B:$B, $A6, WestIndiesGeneral!$D:$D, "Out Ports") + SUMIFS(Tortola!$L:$L, Tortola!$B:$B, $A6, Tortola!$D:$D, "Out Ports") + SUMIFS(Anguilla!$L:$L, Anguilla!$B:$B, $A6, Anguilla!$D:$D, "Out Ports") -> 3.1066964 | D6: =B6+C6 -> 259.15179
A7: Cotton | B7: =SUMIFS(Antigua!$L:$L, Antigua!$B:$B, $A7, Antigua!$D:$D, "London") + SUMIFS(Barbados!$L:$L, Barbados!$B:$B, $A7, Barbados!$D:$D, "London") + SUMIFS(Bermuda!$L:$L, Bermuda!$B:$B, $A7, Bermuda!$D:$D, "London") + SUMIFS(Jamaica!$L:$L, Jamaica!$B:$B, $A7, Jamaica!$D:$D, "London") + SUMIFS(Mountserat!$L:$L, Mountserat!$B:$B, $A7, Mountserat!$D:$D, "London") + SUMIFS(Nevis!$L:$L, Nevis!$B:$B, $A7, Nevis!$D:$D, "London") + SUMIFS('St Kitts'!$L:$L, 'St Kitts'!$B:$B, $A7, 'St Kitts'!$D:$D, "London") + SUMIFS(WestIndiesGeneral!$L:$L, WestIndiesGeneral!$B:$B, $A7, WestIndiesGeneral!$D:$D, "London") + SUMIFS(Tortola!$L:$L, Tortola!$B:$B, $A7, Tortola!$D:$D, "London") + SUMIFS(Anguilla!$L:$L, Anguilla!$B:$B, $A7, Anguilla!$D:$D, "London") -> 175.40179 | C7: =SUMIFS(Antigua!$L:$L, Antigua!$B:$B, $A7, Antigua!$D:$D, "Out Ports") + SUMIFS(Barbados!$L:$L, Barbados!$B:$B, $A7, Barbados!$D:$D, "Out Ports") + SUMIFS(Bermuda!$L:$L, Bermuda!$B:$B, $A7, Bermuda!$D:$D, "Out Ports") + SUMIFS(Jamaica!$L:$L, Jamaica!$B:$B, $A7, Jamaica!$D:$D, "Out Ports") + SUMIFS(Mountserat!$L:$L, Mountserat!$B:$B, $A7, Mountserat!$D:$D, "Out Ports") + SUMIFS(Nevis!$L:$L, Nevis!$B:$B, $A7, Nevis!$D:$D, "Out Ports") + SUMIFS('St Kitts'!$L:$L, 'St Kitts'!$B:$B, $A7, 'St Kitts'!$D:$D, "Out Ports") + SUMIFS(WestIndiesGeneral!$L:$L, WestIndiesGeneral!$B:$B, $A7, WestIndiesGeneral!$D:$D, "Out Ports") + SUMIFS(Tortola!$L:$L, Tortola!$B:$B, $A7, Tortola!$D:$D, "Out Ports") + SUMIFS(Anguilla!$L:$L, Anguilla!$B:$B, $A7, Anguilla!$D:$D, "Out Ports") -> 1198.0357 | D7: =B7+C7 -> 1373.4375
A8: Dry Ginger | B8: =SUMIFS(Antigua!$L:$L, Antigua!$B:$B, $A8, Antigua!$D:$D, "London") + SUMIFS(Barbados!$L:$L, Barbados!$B:$B, $A8, Barbados!$D:$D, "London") + SUMIFS(Bermuda!$L:$L, Bermuda!$B:$B, $A8, Bermuda!$D:$D, "London") + SUMIFS(Jamaica!$L:$L, Jamaica!$B:$B, $A8, Jamaica!$D:$D, "London") + SUMIFS(Mountserat!$L:$L, Mountserat!$B:$B, $A8, Mountserat!$D:$D, "London") + SUMIFS(Nevis!$L:$L, Nevis!$B:$B, $A8, Nevis!$D:$D, "London") + SUMIFS('St Kitts'!$L:$L, 'St Kitts'!$B:$B, $A8, 'St Kitts'!$D:$D, "London") + SUMIFS(WestIndiesGeneral!$L:$L, WestIndiesGeneral!$B:$B, $A8, WestIndiesGeneral!$D:$D, "London") + SUMIFS(Tortola!$L:$L, Tortola!$B:$B, $A8, Tortola!$D:$D, "London") + SUMIFS(Anguilla!$L:$L, Anguilla!$B:$B, $A8, Anguilla!$D:$D, "London") -> 183.61607 | C8: =SUMIFS(Antigua!$L:$L, Antigua!$B:$B, $A8, Antigua!$D:$D, "Out Ports") + SUMIFS(Barbados!$L:$L, Barbados!$B:$B, $A8, Barbados!$D:$D, "Out Ports") + SUMIFS(Bermuda!$L:$L, Bermuda!$B:$B, $A8, Bermuda!$D:$D, "Out Ports") + SUMIFS(Jamaica!$L:$L, Jamaica!$B:$B, $A8, Jamaica!$D:$D, "Out Ports") + SUMIFS(Mountserat!$L:$L, Mountserat!$B:$B, $A8, Mountserat!$D:$D, "Out Ports") + SUMIFS(Nevis!$L:$L, Nevis!$B:$B, $A8, Nevis!$D:$D, "Out Ports") + SUMIFS('St Kitts'!$L:$L, 'St Kitts'!$B:$B, $A8, 'St Kitts'!$D:$D, "Out Ports") + SUMIFS(WestIndiesGeneral!$L:$L, WestIndiesGeneral!$B:$B, $A8, WestIndiesGeneral!$D:$D, "Out Ports") + SUMIFS(Tortola!$L:$L, Tortola!$B:$B, $A8, Tortola!$D:$D, "Out Ports") + SUMIFS(Anguilla!$L:$L, Anguilla!$B:$B, $A8, Anguilla!$D:$D, "Out Ports") -> 86.53125 | D8: =B8+C8 -> 270.14732
A9: Elephant Teeth | B9: =SUMIFS(Antigua!$L:$L, Antigua!$B:$B, $A9, Antigua!$D:$D, "London") + SUMIFS(Barbados!$L:$L, Barbados!$B:$B, $A9, Barbados!$D:$D, "London") + SUMIFS(Bermuda!$L:$L, Bermuda!$B:$B, $A9, Bermuda!$D:$D, "London") + SUMIFS(Jamaica!$L:$L, Jamaica!$B:$B, $A9, Jamaica!$D:$D, "London") + SUMIFS(Mountserat!$L:$L, Mountserat!$B:$B, $A9, Mountserat!$D:$D, "London") + SUMIFS(Nevis!$L:$L, Nevis!$B:$B, $A9, Nevis!$D:$D, "London") + SUMIFS('St Kitts'!$L:$L, 'St Kitts'!$B:$B, $A9, 'St Kitts'!$D:$D, "London") + SUMIFS(WestIndiesGeneral!$L:$L, WestIndiesGeneral!$B:$B, $A9, WestIndiesGeneral!$D:$D, "London") + SUMIFS(Tortola!$L:$L, Tortola!$B:$B, $A9, Tortola!$D:$D, "London") + SUMIFS(Anguilla!$L:$L, Anguilla!$B:$B, $A9, Anguilla!$D:$D, "London") -> 27.625 | C9: =SUMIFS(Antigua!$L:$L, Antigua!$B:$B, $A9, Antigua!$D:$D, "Out Ports") + SUMIFS(Barbados!$L:$L, Barbados!$B:$B, $A9, Barbados!$D:$D, "Out Ports") + SUMIFS(Bermuda!$L:$L, Bermuda!$B:$B, $A9, Bermuda!$D:$D, "Out Ports") + SUMIFS(Jamaica!$L:$L, Jamaica!$B:$B, $A9, Jamaica!$D:$D, "Out Ports") + SUMIFS(Mountserat!$L:$L, Mountserat!$B:$B, $A9, Mountserat!$D:$D, "Out Ports") + SUMIFS(Nevis!$L:$L, Nevis!$B:$B, $A9, Nevis!$D:$D, "Out Ports") + SUMIFS('St Kitts'!$L:$L, 'St Kitts'!$B:$B, $A9, 'St Kitts'!$D:$D, "Out Ports") + SUMIFS(WestIndiesGeneral!$L:$L, WestIndiesGeneral!$B:$B, $A9, WestIndiesGeneral!$D:$D, "Out Ports") + SUMIFS(Tortola!$L:$L, Tortola!$B:$B, $A9, Tortola!$D:$D, "Out Ports") + SUMIFS(Anguilla!$L:$L, Anguilla!$B:$B, $A9, Anguilla!$D:$D, "Out Ports") -> 41.290179 | D9: =B9+C9 -> 68.915179
A10: Indigo | B10: =SUMIFS(Antigua!$L:$L, Antigua!$B:$B, $A10, Antigua!$D:$D, "London") + SUMIFS(Barbados!$L:$L, Barbados!$B:$B, $A10, Barbados!$D:$D, "London") + SUMIFS(Bermuda!$L:$L, Bermuda!$B:$B, $A10, Bermuda!$D:$D, "London") + SUMIFS(Jamaica!$L:$L, Jamaica!$B:$B, $A10, Jamaica!$D:$D, "London") + SUMIFS(Mountserat!$L:$L, Mountserat!$B:$B, $A10, Mountserat!$D:$D, "London") + SUMIFS(Nevis!$L:$L, Nevis!$B:$B, $A10, Nevis!$D:$D, "London") + SUMIFS('St Kitts'!$L:$L, 'St Kitts'!$B:$B, $A10, 'St Kitts'!$D:$D, "London") + SUMIFS(WestIndiesGeneral!$L:$L, WestIndiesGeneral!$B:$B, $A10, WestIndiesGeneral!$D:$D, "London") + SUMIFS(Tortola!$L:$L, Tortola!$B:$B, $A10, Tortola!$D:$D, "London") + SUMIFS(Anguilla!$L:$L, Anguilla!$B:$B, $A10, Anguilla!$D:$D, "London") -> 83.066964 | C10: =SUMIFS(Antigua!$L:$L, Antigua!$B:$B, $A10, Antigua!$D:$D, "Out Ports") + SUMIFS(Barbados!$L:$L, Barbados!$B:$B, $A10, Barbados!$D:$D, "Out Ports") + SUMIFS(Bermuda!$L:$L, Bermuda!$B:$B, $A10, Bermuda!$D:$D, "Out Ports") + SUMIFS(Jamaica!$L:$L, Jamaica!$B:$B, $A10, Jamaica!$D:$D, "Out Ports") + SUMIFS(Mountserat!$L:$L, Mountserat!$B:$B, $A10, Mountserat!$D:$D, "Out Ports") + SUMIFS(Nevis!$L:$L, Nevis!$B:$B, $A10, Nevis!$D:$D, "Out Ports") + SUMIFS('St Kitts'!$L:$L, 'St Kitts'!$B:$B, $A10, 'St Kitts'!$D:$D, "Out Ports") + SUMIFS(WestIndiesGeneral!$L:$L, WestIndiesGeneral!$B:$B, $A10, WestIndiesGeneral!$D:$D, "Out Ports") + SUMIFS(Tortola!$L:$L, Tortola!$B:$B, $A10, Tortola!$D:$D, "Out Ports") + SUMIFS(Anguilla!$L:$L, Anguilla!$B:$B, $A10, Anguilla!$D:$D, "Out Ports") -> 43.133036 | D10: =B10+C10 -> 126.2
A11: Lignum Vitae | B11: =SUMIFS(Antigua!$L:$L, Antigua!$B:$B, $A11, Antigua!$D:$D, "London") + SUMIFS(Barbados!$L:$L, Barbados!$B:$B, $A11, Barbados!$D:$D, "London") + SUMIFS(Bermuda!$L:$L, Bermuda!$B:$B, $A11, Bermuda!$D:$D, "London") + SUMIFS(Jamaica!$L:$L, Jamaica!$B:$B, $A11, Jamaica!$D:$D, "London") + SUMIFS(Mountserat!$L:$L, Mountserat!$B:$B, $A11, Mountserat!$D:$D, "London") + SUMIFS(Nevis!$L:$L, Nevis!$B:$B, $A11, Nevis!$D:$D, "London") + SUMIFS('St Kitts'!$L:$L, 'St Kitts'!$B:$B, $A11, 'St Kitts'!$D:$D, "London") + SUMIFS(WestIndiesGeneral!$L:$L, WestIndiesGeneral!$B:$B, $A11, WestIndiesGeneral!$D:$D, "London") + SUMIFS(Tortola!$L:$L, Tortola!$B:$B, $A11, Tortola!$D:$D, "London") + SUMIFS(Anguilla!$L:$L, Anguilla!$B:$B, $A11, Anguilla!$D:$D, "London") -> 106.36875 | C11: =SUMIFS(Antigua!$L:$L, Antigua!$B:$B, $A11, Antigua!$D:$D, "Out Ports") + SUMIFS(Barbados!$L:$L, Barbados!$B:$B, $A11, Barbados!$D:$D, "Out Ports") + SUMIFS(Bermuda!$L:$L, Bermuda!$B:$B, $A11, Bermuda!$D:$D, "Out Ports") + SUMIFS(Jamaica!$L:$L, Jamaica!$B:$B, $A11, Jamaica!$D:$D, "Out Ports") + SUMIFS(Mountserat!$L:$L, Mountserat!$B:$B, $A11, Mountserat!$D:$D, "Out Ports") + SUMIFS(Nevis!$L:$L, Nevis!$B:$B, $A11, Nevis!$D:$D, "Out Ports") + SUMIFS('St Kitts'!$L:$L, 'St Kitts'!$B:$B, $A11, 'St Kitts'!$D:$D, "Out Ports") + SUMIFS(WestIndiesGeneral!$L:$L, WestIndiesGeneral!$B:$B, $A11, WestIndiesGeneral!$D:$D, "Out Ports") + SUMIFS(Tortola!$L:$L, Tortola!$B:$B, $A11, Tortola!$D:$D, "Out Ports") + SUMIFS(Anguilla!$L:$L, Anguilla!$B:$B, $A11, Anguilla!$D:$D, "Out Ports") -> 26.15 | D11: =B11+C11 -> 132.51875
A12: Lime Juice | B12: =SUMIFS(Antigua!$L:$L, Antigua!$B:$B, $A12, Antigua!$D:$D, "London") + SUMIFS(Barbados!$L:$L, Barbados!$B:$B, $A12, Barbados!$D:$D, "London") + SUMIFS(Bermuda!$L:$L, Bermuda!$B:$B, $A12, Bermuda!$D:$D, "London") + SUMIFS(Jamaica!$L:$L, Jamaica!$B:$B, $A12, Jamaica!$D:$D, "London") + SUMIFS(Mountserat!$L:$L, Mountserat!$B:$B, $A12, Mountserat!$D:$D, "London") + SUMIFS(Nevis!$L:$L, Nevis!$B:$B, $A12, Nevis!$D:$D, "London") + SUMIFS('St Kitts'!$L:$L, 'St Kitts'!$B:$B, $A12, 'St Kitts'!$D:$D, "London") + SUMIFS(WestIndiesGeneral!$L:$L, WestIndiesGeneral!$B:$B, $A12, WestIndiesGeneral!$D:$D, "London") + SUMIFS(Tortola!$L:$L, Tortola!$B:$B, $A12, Tortola!$D:$D, "London") + SUMIFS(Anguilla!$L:$L, Anguilla!$B:$B, $A12, Anguilla!$D:$D, "London") -> 0 | C12: =SUMIFS(Antigua!$L:$L, Antigua!$B:$B, $A12, Antigua!$D:$D, "Out Ports") + SUMIFS(Barbados!$L:$L, Barbados!$B:$B, $A12, Barbados!$D:$D, "Out Ports") + SUMIFS(Bermuda!$L:$L, Bermuda!$B:$B, $A12, Bermuda!$D:$D, "Out Ports") + SUMIFS(Jamaica!$L:$L, Jamaica!$B:$B, $A12, Jamaica!$D:$D, "Out Ports") + SUMIFS(Mountserat!$L:$L, Mountserat!$B:$B, $A12, Mountserat!$D:$D, "Out Ports") + SUMIFS(Nevis!$L:$L, Nevis!$B:$B, $A12, Nevis!$D:$D, "Out Ports") + SUMIFS('St Kitts'!$L:$L, 'St Kitts'!$B:$B, $A12, 'St Kitts'!$D:$D, "Out Ports") + SUMIFS(WestIndiesGeneral!$L:$L, WestIndiesGeneral!$B:$B, $A12, WestIndiesGeneral!$D:$D, "Out Ports") + SUMIFS(Tortola!$L:$L, Tortola!$B:$B, $A12, Tortola!$D:$D, "Out Ports") + SUMIFS(Anguilla!$L:$L, Anguilla!$B:$B, $A12, Anguilla!$D:$D, "Out Ports") -> 0 | D12: =B12+C12 -> 0
A13: Molasses | B13: =SUMIFS(Antigua!$L:$L, Antigua!$B:$B, $A13, Antigua!$D:$D, "London") + SUMIFS(Barbados!$L:$L, Barbados!$B:$B, $A13, Barbados!$D:$D, "London") + SUMIFS(Bermuda!$L:$L, Bermuda!$B:$B, $A13, Bermuda!$D:$D, "London") + SUMIFS(Jamaica!$L:$L, Jamaica!$B:$B, $A13, Jamaica!$D:$D, "London") + SUMIFS(Mountserat!$L:$L, Mountserat!$B:$B, $A13, Mountserat!$D:$D, "London") + SUMIFS(Nevis!$L:$L, Nevis!$B:$B, $A13, Nevis!$D:$D, "London") + SUMIFS('St Kitts'!$L:$L, 'St Kitts'!$B:$B, $A13, 'St Kitts'!$D:$D, "London") + SUMIFS(WestIndiesGeneral!$L:$L, WestIndiesGeneral!$B:$B, $A13, WestIndiesGeneral!$D:$D, "London") + SUMIFS(Tortola!$L:$L, Tortola!$B:$B, $A13, Tortola!$D:$D, "London") + SUMIFS(Anguilla!$L:$L, Anguilla!$B:$B, $A13, Anguilla!$D:$D, "London") -> 0.64375 | C13: =SUMIFS(Antigua!$L:$L, Antigua!$B:$B, $A13, Antigua!$D:$D, "Out Ports") + SUMIFS(Barbados!$L:$L, Barbados!$B:$B, $A13, Barbados!$D:$D, "Out Ports") + SUMIFS(Bermuda!$L:$L, Bermuda!$B:$B, $A13, Bermuda!$D:$D, "Out Ports") + SUMIFS(Jamaica!$L:$L, Jamaica!$B:$B, $A13, Jamaica!$D:$D, "Out Ports") + SUMIFS(Mountserat!$L:$L, Mountserat!$B:$B, $A13, Mountserat!$D:$D, "Out Ports") + SUMIFS(Nevis!$L:$L, Nevis!$B:$B, $A13, Nevis!$D:$D, "Out Ports") + SUMIFS('St Kitts'!$L:$L, 'St Kitts'!$B:$B, $A13, 'St Kitts'!$D:$D, "Out Ports") + SUMIFS(WestIndiesGeneral!$L:$L, WestIndiesGeneral!$B:$B, $A13, WestIndiesGeneral!$D:$D, "Out Ports") + SUMIFS(Tortola!$L:$L, Tortola!$B:$B, $A13, Tortola!$D:$D, "Out Ports") + SUMIFS(Anguilla!$L:$L, Anguilla!$B:$B, $A13, Anguilla!$D:$D, "Out Ports") -> 0 | D13: =B13+C13 -> 0.64375
... A30: Wood, Redwood | B30: =SUMIFS(Antigua!$L:$L, Antigua!$B:$B, $A30, Antigua!$D:$D, "London") + SUMIFS(Barbados!$L:$L, Barbados!$B:$B, $A30, Barbados!$D:$D, "London") + SUMIFS(Bermuda!$L:$L, Bermuda!$B:$B, $A30, Bermuda!$D:$D, "London") + SUMIFS(Jamaica!$L:$L, Jamaica!$B:$B, $A30, Jamaica!$D:$D, "London") + SUMIFS(Mountserat!$L:$L, Mountserat!$B:$B, $A30, Mountserat!$D:$D, "London") + SUMIFS(Nevis!$L:$L, Nevis!$B:$B, $A30, Nevis!$D:$D, "London") + SUMIFS('St Kitts'!$L:$L, 'St Kitts'!$B:$B, $A30, 'St Kitts'!$D:$D, "London") + SUMIFS(WestIndiesGeneral!$L:$L, WestIndiesGeneral!$B:$B, $A30, WestIndiesGeneral!$D:$D, "London") + SUMIFS(Tortola!$L:$L, Tortola!$B:$B, $A30, Tortola!$D:$D, "London") + SUMIFS(Anguilla!$L:$L, Anguilla!$B:$B, $A30, Anguilla!$D:$D, "London") -> 18.9 | C30: =SUMIFS(Antigua!$L:$L, Antigua!$B:$B, $A30, Antigua!$D:$D, "Out Ports") + SUMIFS(Barbados!$L:$L, Barbados!$B:$B, $A30, Barbados!$D:$D, "Out Ports") + SUMIFS(Bermuda!$L:$L, Bermuda!$B:$B, $A30, Bermuda!$D:$D, "Out Ports") + SUMIFS(Jamaica!$L:$L, Jamaica!$B:$B, $A30, Jamaica!$D:$D, "Out Ports") + SUMIFS(Mountserat!$L:$L, Mountserat!$B:$B, $A30, Mountserat!$D:$D, "Out Ports") + SUMIFS(Nevis!$L:$L, Nevis!$B:$B, $A30, Nevis!$D:$D, "Out Ports") + SUMIFS('St Kitts'!$L:$L, 'St Kitts'!$B:$B, $A30, 'St Kitts'!$D:$D, "Out Ports") + SUMIFS(WestIndiesGeneral!$L:$L, WestIndiesGeneral!$B:$B, $A30, WestIndiesGeneral!$D:$D, "Out Ports") + SUMIFS(Tortola!$L:$L, Tortola!$B:$B, $A30, Tortola!$D:$D, "Out Ports") + SUMIFS(Anguilla!$L:$L, Anguilla!$B:$B, $A30, Anguilla!$D:$D, "Out Ports") -> 56.070089 | D30: =B30+C30 -> 74.970089
A31: Wood, Sweetwood | B31: =SUMIFS(Antigua!$L:$L, Antigua!$B:$B, $A31, Antigua!$D:$D, "London") + SUMIFS(Barbados!$L:$L, Barbados!$B:$B, $A31, Barbados!$D:$D, "London") + SUMIFS(Bermuda!$L:$L, Bermuda!$B:$B, $A31, Bermuda!$D:$D, "London") + SUMIFS(Jamaica!$L:$L, Jamaica!$B:$B, $A31, Jamaica!$D:$D, "London") + SUMIFS(Mountserat!$L:$L, Mountserat!$B:$B, $A31, Mountserat!$D:$D, "London") + SUMIFS(Nevis!$L:$L, Nevis!$B:$B, $A31, Nevis!$D:$D, "London") + SUMIFS('St Kitts'!$L:$L, 'St Kitts'!$B:$B, $A31, 'St Kitts'!$D:$D, "London") + SUMIFS(WestIndiesGeneral!$L:$L, WestIndiesGeneral!$B:$B, $A31, WestIndiesGeneral!$D:$D, "London") -> 0 | C31: =SUMIFS(Antigua!$L:$L, Antigua!$B:$B, $A31, Antigua!$D:$D, "Out Ports") + SUMIFS(Barbados!$L:$L, Barbados!$B:$B, $A31, Barbados!$D:$D, "Out Ports") + SUMIFS(Bermuda!$L:$L, Bermuda!$B:$B, $A31, Bermuda!$D:$D, "Out Ports") + SUMIFS(Jamaica!$L:$L, Jamaica!$B:$B, $A31, Jamaica!$D:$D, "Out Ports") + SUMIFS(Mountserat!$L:$L, Mountserat!$B:$B, $A31, Mountserat!$D:$D, "Out Ports") + SUMIFS(Nevis!$L:$L, Nevis!$B:$B, $A31, Nevis!$D:$D, "Out Ports") + SUMIFS('St Kitts'!$L:$L, 'St Kitts'!$B:$B, $A31, 'St Kitts'!$D:$D, "Out Ports") + SUMIFS(WestIndiesGeneral!$L:$L, WestIndiesGeneral!$B:$B, $A31, WestIndiesGeneral!$D:$D, "Out Ports") + SUMIFS(Tortola!$L:$L, Tortola!$B:$B, $A31, Tortola!$D:$D, "Out Ports") + SUMIFS(Anguilla!$L:$L, Anguilla!$B:$B, $A31, Anguilla!$D:$D, "Out Ports") -> 0 | D31: =B31+C31 -> 0

Sheet Anguilla
A1: YEAR | B1: COMMODITY_NAME | C1: FROM_LOCATION | D1: TO_LOCATION | E1: ton | F1: hh | G1: quarter | H1: lb | J1: Total Pounds | L1: WEIGHT
A2: 1748 | B2: Almonds, Bitter | C2: Anguilla | D2: London | J2: =(E2*2240)+(F2*112)+(G2*28)+H2 -> 0 | L2: =J2/2240 -> 0
A3: 1748 | B3: Almonds, Sweet | C3: Anguilla | D3: London | J3: =(E3*2240)+(F3*112)+(G3*28)+H3 -> 0 | L3: =J3/2240 -> 0
A4: 1748 | B4: Aloes Epatica | C4: Anguilla | D4: London | J4: =(E4*2240)+(F4*112)+(G4*28)+H4 -> 0 | L4: =J4/2240 -> 0
A5: 1748 | B5: Annatto | C5: Anguilla | D5: London | J5: =(E5*2240)+(F5*112)+(G5*28)+H5 -> 0 | L5: =J5/2240 -> 0
A6: 1748 | B6: Anniseeds | C6: Anguilla | D6: London | J6: =(E6*2240)+(F6*112)+(G6*28)+H6 -> 0 | L6: =J6/2240 -> 0
A7: 1748 | B7: Bacon | C7: Anguilla | D7: London | J7: =(E7*2240)+(F7*112)+(G7*28)+H7 -> 0 | L7: =J7/2240 -> 0
A8: 1748 | B8: Barrel Staves | C8: Anguilla | D8: London | J8: =(E8*2240)+(F8*112)+(G8*28)+H8 -> 0 | L8: =J8/2240 -> 0
A9: 1748 | B9: Bay Berries | C9: Anguilla | D9: London | J9: =(E9*2240)+(F9*112)+(G9*28)+H9 -> 0 | L9: =J9/2240 -> 0
A10: 1748 | B10: Bees Wax | C10: Anguilla | D10: London | J10: =(E10*2240)+(F10*112)+(G10*28)+H10 -> 0 | L10: =J10/2240 -> 0
A11: 1748 | B11: Brimstone | C11: Anguilla | D11: London | J11: =(E11*2240)+(F11*112)+(G11*28)+H11 -> 0 | L11: =J11/2240 -> 0
A12: 1748 | B12: Brown Sugar | C12: Anguilla | D12: London | J12: =(E12*2240)+(F12*112)+(G12*28)+H12 -> 0 | L12: =J12/2240 -> 0
A13: 1748 | B13: Cassia Fistula | C13: Anguilla | D13: London | J13: =(E13*2240)+(F13*112)+(G13*28)+H13 -> 0 | L13: =J13/2240 -> 0
... A62: 1748 | B62: Annatto | C62: Anguilla | D62: Out Ports | J62: =(E62*2240)+(F62*112)+(G62*28)+H62 -> 0 | L62: =J62/2240 -> 0
A63: 1748 | B63: Brown Sugar | C63: Anguilla | D63: Out Ports | F63: 280 | J63: =(E63*2240)+(F63*112)+(G63*28)+H63 -> 31360 | L63: =J63/2240 -> 14
A64: 1748 | B64: Cassia Fistula | C64: Anguilla | D64: Out Ports | J64: =(E64*2240)+(F64*112)+(G64*28)+H64 -> 0 | L64: =J64/2240 -> 0
A65: 1748 | B65: Chocolate | C65: Anguilla | D65: Out Ports | J65: =(E65*2240)+(F65*112)+(G65*28)+H65 -> 0 | L65: =J65/2240 -> 0
A66: 1748 | B66: Cocoa Nuts | C66: Anguilla | D66: Out Ports | J66: =(E66*2240)+(F66*112)+(G66*28)+H66 -> 0 | L66: =J66/2240 -> 0
A67: 1748 | B67: Cotton | C67: Anguilla | D67: Out Ports | H67: =52*200 -> 10400 | I67: 52bags | J67: =(E67*2240)+(F67*112)+(G67*28)+H67 -> 10400 | L67: =J67/2240 -> 4.6428571
A68: 1748 | B68: Dry Ginger | C68: Anguilla | D68: Out Ports | J68: =(E68*2240)+(F68*112)+(G68*28)+H68 -> 0 | L68: =J68/2240 -> 0
A69: 1748 | B69: Elephant Teeth | C69: Anguilla | D69: Out Ports | J69: =(E69*2240)+(F69*112)+(G69*28)+H69 -> 0 | L69: =J69/2240 -> 0
A70: 1748 | B70: Indigo | C70: Anguilla | D70: Out Ports | J70: =(E70*2240)+(F70*112)+(G70*28)+H70 -> 0 | L70: =J70/2240 -> 0
A71: 1748 | B71: Lignum Vitae | C71: Anguilla | D71: Out Ports | E71: 2 | J71: =(E71*2240)+(F71*112)+(G71*28)+H71 -> 4480 | L71: =J71/2240 -> 2
A72: 1748 | B72: Lime Juice | C72: Anguilla | D72: Out Ports | J72: =(E72*2240)+(F72*112)+(G72*28)+H72 -> 0 | L72: =J72/2240 -> 0
A73: 1748 | B73: Madera Wine | C73: Anguilla | D73: Out Ports | J73: =(E73*2240)+(F73*112)+(G73*28)+H73 -> 0 | L73: =J73/2240 -> 0
A74: 1748 | B74: Molasses | C74: Anguilla | D74: Out Ports | J74: =(E74*2240)+(F74*112)+(G74*28)+H74 -> 0 | L74: =J74/2240 -> 0
A75: 1748 | B75: Pimento | C75: Anguilla | D75: Out Ports | J75: =(E75*2240)+(F75*112)+(G75*28)+H75 -> 0 | L75: =J75/2240 -> 0
A76: 1748 | B76: Rice | C76: Anguilla | D76: Out Ports | J76: =(E76*2240)+(F76*112)+(G76*28)+H76 -> 0 | L76: =J76/2240 -> 0
A77: 1748 | B77: Rum | C77: Anguilla | D77: Out Ports | J77: =(E77*2240)+(F77*112)+(G77*28)+H77 -> 0 | L77: =J77/2240 -> 0
A78: 1748 | B78: Shruff | C78: Anguilla | D78: Out Ports | J78: =(E78*2240)+(F78*112)+(G78*28)+H78 -> 0 | L78: =J78/2240 -> 0
A79: 1748 | B79: Snuff | C79: Anguilla | D79: Out Ports | J79: =(E79*2240)+(F79*112)+(G79*28)+H79 -> 0 | L79: =J79/2240 -> 0
A80: 1748 | B80: Succads | C80: Anguilla | D80: Out Ports | J80: =(E80*2240)+(F80*112)+(G80*28)+H80 -> 0 | L80: =J80/2240 -> 0
A81: 1748 | B81: Tallow | C81: Anguilla | D81: Out Ports | J81: =(E81*2240)+(F81*112)+(G81*28)+H81 -> 0 | L81: =J81/2240 -> 0
A82: 1748 | B82: Tortoise Shell | C82: Anguilla | D82: Out Ports | J82: =(E82*2240)+(F82*112)+(G82*28)+H82 -> 0 | L82: =J82/2240 -> 0
A83: 1748 | B83: White Sugar | C83: Anguilla | D83: Out Ports | J83: =(E83*2240)+(F83*112)+(G83*28)+H83 -> 0 | L83: =J83/2240 -> 0
... A88: 1748 | B88: Wood, Redwood | C88: Anguilla | D88: Out Ports | J88: =(E88*2240)+(F88*112)+(G88*28)+H88 -> 0 | L88: =J88/2240 -> 0
J89: =(E89*2240)+(F89*112)+(G89*28)+H89 -> 0 | L89: =J89/2240 -> 0
J90: =(E90*2240)+(F90*112)+(G90*28)+H90 -> 0 | L90: =J90/2240 -> 0
J91: =(E91*2240)+(F91*112)+(G91*28)+H91 -> 0 | L91: =J91/2240 -> 0
J92: =(E92*2240)+(F92*112)+(G92*28)+H92 -> 0 | L92: =J92/2240 -> 0
J93: =(E93*2240)+(F93*112)+(G93*28)+H93 -> 0 | L93: =J93/2240 -> 0
J94: =(E94*2240)+(F94*112)+(G94*28)+H94 -> 0 | L94: =J94/2240 -> 0
J95: =(E95*2240)+(F95*112)+(G95*28)+H95 -> 0 | L95: =J95/2240 -> 0
J96: =(E96*2240)+(F96*112)+(G96*28)+H96 -> 0 | L96: =J96/2240 -> 0
J97: =(E97*2240)+(F97*112)+(G97*28)+H97 -> 0 | L97: =J97/2240 -> 0
J98: =(E98*2240)+(F98*112)+(G98*28)+H98 -> 0 | L98: =J98/2240 -> 0
J99: =(E99*2240)+(F99*112)+(G99*28)+H99 -> 0 | L99: =J99/2240 -> 0
J100: =(E100*2240)+(F100*112)+(G100*28)+H100 -> 0 | L100: =J100/2240 -> 0
... J132: =(E132*2240)+(F132*112)+(G132*28)+H132 -> 0 | L132: =J132/2240 -> 0

Sheet Antigua
A1: YEAR | B1: COMMODITY_NAME | C1: FROM_LOCATION | D1: TO_LOCATION | E1: ton | F1: hh | G1: quarter | H1: lb | J1: Total Pounds | L1: WEIGHT
A2: 1748 | B2: Almonds, Bitter | C2: Antigua | D2: London | J2: =(E2*2240)+(F2*112)+(G2*28)+H2 -> 0 | L2: =J2/2240 -> 0
A3: 1748 | B3: Almonds, Sweet | C3: Antigua | D3: London | J3: =(E3*2240)+(F3*112)+(G3*28)+H3 -> 0 | L3: =J3/2240 -> 0
A4: 1748 | B4: Aloes Epatica | C4: Antigua | D4: London | J4: =(E4*2240)+(F4*112)+(G4*28)+H4 -> 0 | L4: =J4/2240 -> 0
A5: 1748 | B5: Annatto | C5: Antigua | D5: London | J5: =(E5*2240)+(F5*112)+(G5*28)+H5 -> 0 | L5: =J5/2240 -> 0
A6: 1748 | B6: Anniseeds | C6: Antigua | D6: London | J6: =(E6*2240)+(F6*112)+(G6*28)+H6 -> 0 | L6: =J6/2240 -> 0
A7: 1748 | B7: Bacon | C7: Antigua | D7: London | J7: =(E7*2240)+(F7*112)+(G7*28)+H7 -> 0 | L7: =J7/2240 -> 0
A8: 1748 | B8: Balsam Natural | C8: Antigua | D8: London | J8: =(E8*2240)+(F8*112)+(G8*28)+H8 -> 0 | L8: =J8/2240 -> 0
A9: 1748 | B9: Barrel Staves | C9: Antigua | D9: London | J9: =(E9*2240)+(F9*112)+(G9*28)+H9 -> 0 | L9: =J9/2240 -> 0
A10: 1748 | B10: Bay Berries | C10: Antigua | D10: London | J10: =(E10*2240)+(F10*112)+(G10*28)+H10 -> 0 | L10: =J10/2240 -> 0
A11: 1748 | B11: Bees Wax | C11: Antigua | D11: London | G11: 2 | J11: =(E11*2240)+(F11*112)+(G11*28)+H11 -> 56 | L11: =J11/2240 -> 0.025
A12: 1748 | B12: Brimstone | C12: Antigua | D12: London | J12: =(E12*2240)+(F12*112)+(G12*28)+H12 -> 0 | L12: =J12/2240 -> 0
A13: 1748 | B13: Brown Sugar | C13: Antigua | D13: London | F13: 142551 | G13: 2 | J13: =(E13*2240)+(F13*112)+(G13*28)+H13 -> 15965768 | L13: =J13/2240 -> 7127.575
A14: 1748 | B14: Cascarilla | C14: Antigua | D14: London | J14: =(E14*2240)+(F14*112)+(G14*28)+H14 -> 0 | L14: =J14/2240 -> 0
A15: 1748 | B15: Cassia Fistula | C15: Antigua | D15: London | H15: 8948 | J15: =(E15*2240)+(F15*112)+(G15*28)+H15 -> 8948 | L15: =J15/2240 -> 3.9946429
A16: 1748 | B16: Chocolate | C16: Antigua | D16: London | J16: =(E16*2240)+(F16*112)+(G16*28)+H16 -> 0 | L16: =J16/2240 -> 0
A17: 1748 | B17: Cocheneal | C17: Antigua | D17: London | J17: =(E17*2240)+(F17*112)+(G17*28)+H17 -> 0 | L17: =J17/2240 -> 0
A18: 1748 | B18: Cocoa Nuts | C18: Antigua | D18: London | F18: 130 | G18: 3 | H18: 10 | J18: =(E18*2240)+(F18*112)+(G18*28)+H18 -> 14654 | L18: =J18/2240 -> 6.5419643
A19: 1748 | B19: Cocoa Paste | C19: Antigua | D19: London | J19: =(E19*2240)+(F19*112)+(G19*28)+H19 -> 0 | L19: =J19/2240 -> 0
A20: 1748 | B20: Coffee | C20: Antigua | D20: London | J20: =(E20*2240)+(F20*112)+(G20*28)+H20 -> 0 | L20: =J20/2240 -> 0
A21: 1748 | B21: Cortex Peru | C21: Antigua | D21: London | J21: =(E21*2240)+(F21*112)+(G21*28)+H21 -> 0 | L21: =J21/2240 -> 0
A22: 1748 | B22: Cortex Winteranus | C22: Antigua | D22: London | J22: =(E22*2240)+(F22*112)+(G22*28)+H22 -> 0 | L22: =J22/2240 -> 0
A23: 1748 | B23: Cotton | C23: Antigua | D23: London | H23: =119.75*200 -> 23950 | I23: 119.75bags | J23: =(E23*2240)+(F23*112)+(G23*28)+H23 -> 23950 | L23: =J23/2240 -> 10.691964
A24: 1748 | B24: Dry Ginger | C24: Antigua | D24: London | J24: =(E24*2240)+(F24*112)+(G24*28)+H24 -> 0 | L24: =J24/2240 -> 0
A25: 1748 | B25: Elephant Teeth | C25: Antigua | D25: London | F25: 17 | H25: 16 | J25: =(E25*2240)+(F25*112)+(G25*28)+H25 -> 1920 | L25: =J25/2240 -> 0.85714286
A26: 1748 | B26: Green Ginger | C26: Antigua | D26: London | H26: 133 | J26: =(E26*2240)+(F26*112)+(G26*28)+H26 -> 133 | L26: =J26/2240 -> 0.059375
A27: 1748 | B27: Guinea Grains | C27: Antigua | D27: London | J27: =(E27*2240)+(F27*112)+(G27*28)+H27 -> 0 | L27: =J27/2240 -> 0
A28: 1748 | B28: Gum Guiaci | C28: Antigua | D28: London | J28: =(E28*2240)+(F28*112)+(G28*28)+H28 -> 0 | L28: =J28/2240 -> 0
A29: 1748 | B29: Gum Seneca | C29: Antigua | D29: London | J29: =(E29*2240)+(F29*112)+(G29*28)+H29 -> 0 | L29: =J29/2240 -> 0
A30: 1748 | B30: Hemp | C30: Antigua | D30: London | J30: =(E30*2240)+(F30*112)+(G30*28)+H30 -> 0 | L30: =J30/2240 -> 0
A31: 1748 | B31: Hypococania | C31: Antigua | D31: London | J31: =(E31*2240)+(F31*112)+(G31*28)+H31 -> 0 | L31: =J31/2240 -> 0
A32: 1748 | B32: Indigo | C32: Antigua | D32: London | J32: =(E32*2240)+(F32*112)+(G32*28)+H32 -> 0 | L32: =J32/2240 -> 0
A33: 1748 | B33: Jallop? | C33: Antigua | D33: London | J33: =(E33*2240)+(F33*112)+(G33*28)+H33 -> 0 | L33: =J33/2240 -> 0
A34: 1748 | B34: Lemon Water | C34: Antigua | D34: London | J34: =(E34*2240)+(F34*112)+(G34*28)+H34 -> 0 | L34: =J34/2240 -> 0
A35: 1748 | B35: Lignum Vitae | C35: Antigua | D35: London | E35: 12 | F35: 15 | G35: 3 | H35: 12 | J35: =(E35*2240)+(F35*112)+(G35*28)+H35 -> 28656 | L35: =J35/2240 -> 12.792857
A36: 1748 | B36: Lime Juice | C36: Antigua | D36: London | J36: =(E36*2240)+(F36*112)+(G36*28)+H36 -> 0 | L36: =J36/2240 -> 0
A37: 1748 | B37: Loaf Sugar | C37: Antigua | D37: London | J37: =(E37*2240)+(F37*112)+(G37*28)+H37 -> 0 | L37: =J37/2240 -> 0
A38: 1748 | B38: Madera Wine | C38: Antigua | D38: London | H38: 106297.5 | I38: 42t 43g | J38: =(E38*2240)+(F38*112)+(G38*28)+H38 -> 106297.5 | L38: =J38/2240 -> 47.454241
A39: 1748 | B39: Molasses | C39: Antigua | D39: London | J39: =(E39*2240)+(F39*112)+(G39*28)+H39 -> 0 | L39: =J39/2240 -> 0
A40: 1748 | B40: Oranges | C40: Antigua | D40: London | J40: =(E40*2240)+(F40*112)+(G40*28)+H40 -> 0 | L40: =J40/2240 -> 0
A41: 1748 | B41: Orchelia | C41: Antigua | D41: London | J41: =(E41*2240)+(F41*112)+(G41*28)+H41 -> 0 | L41: =J41/2240 -> 0
A42: 1748 | B42: Pickles | C42: Antigua | D42: London | H42: 150 | I42: 15g | J42: =(E42*2240)+(F42*112)+(G42*28)+H42 -> 150 | L42: =J42/2240 -> 0.066964286
A43: 1748 | B43: Pimento | C43: Antigua | D43: London | J43: =(E43*2240)+(F43*112)+(G43*28)+H43 -> 0 | L43: =J43/2240 -> 0
A44: 1748 | B44: Port | C44: Antigua | D44: London | H44: 200 | I44: 20g | J44: =(E44*2240)+(F44*112)+(G44*28)+H44 -> 200 | L44: =J44/2240 -> 0.089285714
A45: 1748 | B45: Potatoes | C45: Antigua | D45: London | F45: 1 | J45: =(E45*2240)+(F45*112)+(G45*28)+H45 -> 112 | L45: =J45/2240 -> 0.05
A46: 1748 | B46: Rice | C46: Antigua | D46: London | J46: =(E46*2240)+(F46*112)+(G46*28)+H46 -> 0 | L46: =J46/2240 -> 0
A47: 1748 | B47: Rum | C47: Antigua | D47: London | H47: 614478 | I47: 61432g | J47: =(E47*2240)+(F47*112)+(G47*28)+H47 -> 614478 | L47: =J47/2240 -> 274.32054
A48: 1748 | B48: Sasparilla | C48: Antigua | D48: London | J48: =(E48*2240)+(F48*112)+(G48*28)+H48 -> 0 | L48: =J48/2240 -> 0
A49: 1748 | B49: Saunders Yellow | C49: Antigua | D49: London | J49: =(E49*2240)+(F49*112)+(G49*28)+H49 -> 0 | L49: =J49/2240 -> 0
A50: 1748 | B50: Shruff | C50: Antigua | D50: London | J50: =(E50*2240)+(F50*112)+(G50*28)+H50 -> 0 | L50: =J50/2240 -> 0
A51: 1748 | B51: Snuff | C51: Antigua | D51: London | J51: =(E51*2240)+(F51*112)+(G51*28)+H51 -> 0 | L51: =J51/2240 -> 0
A52: 1748 | B52: Smalts | C52: Antigua | D52: London | J52: =(E52*2240)+(F52*112)+(G52*28)+H52 -> 0 | L52: =J52/2240 -> 0
A53: 1748 | B53: Succads | C53: Antigua | D53: London | H53: 686 | J53: =(E53*2240)+(F53*112)+(G53*28)+H53 -> 686 | L53: =J53/2240 -> 0.30625
A54: 1748 | B54: Tamarinds | C54: Antigua | D54: London | H54: 207 | J54: =(E54*2240)+(F54*112)+(G54*28)+H54 -> 207 | L54: =J54/2240 -> 0.092410714
A55: 1748 | B55: Tobacco | C55: Antigua | D55: London | H55: 3584 | J55: =(E55*2240)+(F55*112)+(G55*28)+H55 -> 3584 | L55: =J55/2240 -> 1.6
A56: 1748 | B56: Tortoise Shell | C56: Antigua | D56: London | H56: 51 | J56: =(E56*2240)+(F56*112)+(G56*28)+H56 -> 51 | L56: =J56/2240 -> 0.022767857
A57: 1748 | B57: White Sugar | C57: Antigua | D57: London | J57: =(E57*2240)+(F57*112)+(G57*28)+H57 -> 0 | L57: =J57/2240 -> 0
A58: 1748 | B58: Wood, Braziletto | C58: Antigua | D58: London | J58: =(E58*2240)+(F58*112)+(G58*28)+H58 -> 0 | L58: =J58/2240 -> 0
A59: 1748 | B59: Wood, Cocoa | C59: Antigua | D59: London | J59: =(E59*2240)+(F59*112)+(G59*28)+H59 -> 0 | L59: =J59/2240 -> 0
A60: 1748 | B60: Wood, Ebony | C60: Antigua | D60: London | J60: =(E60*2240)+(F60*112)+(G60*28)+H60 -> 0 | L60: =J60/2240 -> 0
A61: 1748 | B61: Wood, Fustick | C61: Antigua | D61: London | E61: 23 | J61: =(E61*2240)+(F61*112)+(G61*28)+H61 -> 51520 | L61: =J61/2240 -> 23
A62: 1748 | B62: Wood, Iron | C62: Antigua | D62: London | J62: =(E62*2240)+(F62*112)+(G62*28)+H62 -> 0 | L62: =J62/2240 -> 0
A63: 1748 | B63: Wood, Logwood | C63: Antigua | D63: London | J63: =(E63*2240)+(F63*112)+(G63*28)+H63 -> 0 | L63: =J63/2240 -> 0
A64: 1748 | B64: Wood, Mahogany | C64: Antigua | D64: London | J64: =(E64*2240)+(F64*112)+(G64*28)+H64 -> 0 | L64: =J64/2240 -> 0
A65: 1748 | B65: Wood, Nicaragua | C65: Antigua | D65: London | J65: =(E65*2240)+(F65*112)+(G65*28)+H65 -> 0 | L65: =J65/2240 -> 0
A66: 1748 | B66: Wood, Redwood | C66: Antigua | D66: London | J66: =(E66*2240)+(F66*112)+(G66*28)+H66 -> 0 | L66: =J66/2240 -> 0
A67: 1748 | B67: Wood, Sweetwood | C67: Antigua | D67: London | J67: =(E67*2240)+(F67*112)+(G67*28)+H67 -> 0 | L67: =J67/2240 -> 0
A68: 1748 | B68: Almonds, Bitter | C68: Antigua | D68: Out Ports | J68: =(E68*2240)+(F68*112)+(G68*28)+H68 -> 0 | L68: =J68/2240 -> 0
A69: 1748 | B69: Almonds, Sweet | C69: Antigua | D69: Out Ports | J69: =(E69*2240)+(F69*112)+(G69*28)+H69 -> 0 | L69: =J69/2240 -> 0
A70: 1748 | B70: Aloes Epatica | C70: Antigua | D70: Out Ports | J70: =(E70*2240)+(F70*112)+(G70*28)+H70 -> 0 | L70: =J70/2240 -> 0
A71: 1748 | B71: Annatto | C71: Antigua | D71: Out Ports | J71: =(E71*2240)+(F71*112)+(G71*28)+H71 -> 0 | L71: =J71/2240 -> 0
A72: 1748 | B72: Anniseeds | C72: Antigua | D72: Out Ports | J72: =(E72*2240)+(F72*112)+(G72*28)+H72 -> 0 | L72: =J72/2240 -> 0
A73: 1748 | B73: Bacon | C73: Antigua | D73: Out Ports | J73: =(E73*2240)+(F73*112)+(G73*28)+H73 -> 0 | L73: =J73/2240 -> 0
... A77: 1748 | B77: Brimstone | C77: Antigua | D77: Out Ports | J77: =(E77*2240)+(F77*112)+(G77*28)+H77 -> 0 | L77: =J77/2240 -> 0
A78: 1748 | B78: Brown Sugar | C78: Antigua | D78: Out Ports | F78: 35490 | G78: 3 | H78: 6 | J78: =(E78*2240)+(F78*112)+(G78*28)+H78 -> 3974970 | L78: =J78/2240 -> 1774.5402
A79: 1748 | B79: Cassia Fistula | C79: Antigua | D79: Out Ports | J79: =(E79*2240)+(F79*112)+(G79*28)+H79 -> 0 | L79: =J79/2240 -> 0
A80: 1748 | B80: Chocolate | C80: Antigua | D80: Out Ports | J80: =(E80*2240)+(F80*112)+(G80*28)+H80 -> 0 | L80: =J80/2240 -> 0
A81: 1748 | B81: Cocheneal | C81: Antigua | D81: Out Ports | J81: =(E81*2240)+(F81*112)+(G81*28)+H81 -> 0 | L81: =J81/2240 -> 0
A82: 1748 | B82: Cocoa Nuts | C82: Antigua | D82: Out Ports | F82: 62 | H82: 15 | J82: =(E82*2240)+(F82*112)+(G82*28)+H82 -> 6959 | L82: =J82/2240 -> 3.1066964
A83: 1748 | B83: Cocoa Paste | C83: Antigua | D83: Out Ports | J83: =(E83*2240)+(F83*112)+(G83*28)+H83 -> 0 | L83: =J83/2240 -> 0
A84: 1748 | B84: Coffee | C84: Antigua | D84: Out Ports | J84: =(E84*2240)+(F84*112)+(G84*28)+H84 -> 0 | L84: =J84/2240 -> 0
A85: 1748 | B85: Cortex Peru | C85: Antigua | D85: Out Ports | J85: =(E85*2240)+(F85*112)+(G85*28)+H85 -> 0 | L85: =J85/2240 -> 0
A86: 1748 | B86: Cortex Winteranus | C86: Antigua | D86: Out Ports | J86: =(E86*2240)+(F86*112)+(G86*28)+H86 -> 0 | L86: =J86/2240 -> 0
A87: 1748 | B87: Cotton | C87: Antigua | D87: Out Ports | H87: =398*200 -> 79600 | I87: 398bags | J87: =(E87*2240)+(F87*112)+(G87*28)+H87 -> 79600 | L87: =J87/2240 -> 35.535714
A88: 1748 | B88: Dry Ginger | C88: Antigua | D88: Out Ports | G88: 3 | H88: 21 | J88: =(E88*2240)+(F88*112)+(G88*28)+H88 -> 105 | L88: =J88/2240 -> 0.046875
A89: 1748 | B89: Elephant Teeth | C89: Antigua | D89: Out Ports | F89: 88 | G89: 1 | H89: 10 | J89: =(E89*2240)+(F89*112)+(G89*28)+H89 -> 9894 | L89: =J89/2240 -> 4.4169643
A90: 1748 | B90: Green Ginger | C90: Antigua | D90: Out Ports | J90: =(E90*2240)+(F90*112)+(G90*28)+H90 -> 0 | L90: =J90/2240 -> 0
A91: 1748 | B91: Guinea Grains | C91: Antigua | D91: Out Ports | J91: =(E91*2240)+(F91*112)+(G91*28)+H91 -> 0 | L91: =J91/2240 -> 0
A92: 1748 | B92: Gum Guiaci | C92: Antigua | D92: Out Ports | J92: =(E92*2240)+(F92*112)+(G92*28)+H92 -> 0 | L92: =J92/2240 -> 0
A93: 1748 | B93: Hemp | C93: Antigua | D93: Out Ports | J93: =(E93*2240)+(F93*112)+(G93*28)+H93 -> 0 | L93: =J93/2240 -> 0
A94: 1748 | B94: Hypococania | C94: Antigua | D94: Out Ports | J94: =(E94*2240)+(F94*112)+(G94*28)+H94 -> 0 | L94: =J94/2240 -> 0
A95: 1748 | B95: Indigo | C95: Antigua | D95: Out Ports | J95: =(E95*2240)+(F95*112)+(G95*28)+H95 -> 0 | L95: =J95/2240 -> 0
A96: 1748 | B96: Jallop? | C96: Antigua | D96: Out Ports | J96: =(E96*2240)+(F96*112)+(G96*28)+H96 -> 0 | L96: =J96/2240 -> 0
A97: 1748 | B97: Lemon Water | C97: Antigua | D97: Out Ports | J97: =(E97*2240)+(F97*112)+(G97*28)+H97 -> 0 | L97: =J97/2240 -> 0
A98: 1748 | B98: Lignum Vitae | C98: Antigua | D98: Out Ports | J98: =(E98*2240)+(F98*112)+(G98*28)+H98 -> 0 | L98: =J98/2240 -> 0
A99: 1748 | B99: Lime Juice | C99: Antigua | D99: Out Ports | J99: =(E99*2240)+(F99*112)+(G99*28)+H99 -> 0 | L99: =J99/2240 -> 0
A100: 1748 | B100: Loaf Sugar | C100: Antigua | D100: Out Ports | J100: =(E100*2240)+(F100*112)+(G100*28)+H100 -> 0 | L100: =J100/2240 -> 0
A101: 1748 | B101: Madera Wine | C101: Antigua | D101: Out Ports | H101: 19185 | I101: 7t 2h 28g | J101: =(E101*2240)+(F101*112)+(G101*28)+H101 -> 19185 | L101: =J101/2240 -> 8.5647321
A102: 1748 | B102: Molasses | C102: Antigua | D102: Out Ports | J102: =(E102*2240)+(F102*112)+(G102*28)+H102 -> 0 | L102: =J102/2240 -> 0
A103: 1748 | B103: Old Pewter | C103: Antigua | D103: Out Ports | J103: =(E103*2240)+(F103*112)+(G103*28)+H103 -> 0 | L103: =J103/2240 -> 0
...

Sheet Barbados
A1: YEAR | B1: COMMODITY_NAME | C1: FROM_LOCATION | D1: TO_LOCATION | E1: ton | F1: hh | G1: quarter | H1: lb | J1: Total Pounds | L1: WEIGHT
A2: 1748 | B2: Almonds, Bitter | C2: Barbados | D2: London | J2: =(E2*2240)+(F2*112)+(G2*28)+H2 -> 0 | L2: =J2/2240 -> 0
A3: 1748 | B3: Almonds, Sweet | C3: Barbados | D3: London | J3: =(E3*2240)+(F3*112)+(G3*28)+H3 -> 0 | L3: =J3/2240 -> 0
A4: 1748 | B4: Aloes Epatica | C4: Barbados | D4: London | H4: 12332 | J4: =(E4*2240)+(F4*112)+(G4*28)+H4 -> 12332 | L4: =J4/2240 -> 5.5053571
A5: 1748 | B5: Annatto | C5: Barbados | D5: London | J5: =(E5*2240)+(F5*112)+(G5*28)+H5 -> 0 | L5: =J5/2240 -> 0
A6: 1748 | B6: Anniseeds | C6: Barbados | D6: London | J6: =(E6*2240)+(F6*112)+(G6*28)+H6 -> 0 | L6: =J6/2240 -> 0
A7: 1748 | B7: Balsam Artificial | C7: Barbados | D7: London | H7: 225 | J7: =(E7*2240)+(F7*112)+(G7*28)+H7 -> 225 | L7: =J7/2240 -> 0.10044643
A8: 1748 | B8: Balsam Capavia | C8: Barbados | D8: London | H8: 210 | J8: =(E8*2240)+(F8*112)+(G8*28)+H8 -> 210 | L8: =J8/2240 -> 0.09375
A9: 1748 | B9: Barbados T… | C9: Barbados | D9: London | H9: 5241 | J9: =(E9*2240)+(F9*112)+(G9*28)+H9 -> 5241 | L9: =J9/2240 -> 2.3397321
A10: 1748 | B10: Barrel Staves | C10: Barbados | D10: London | J10: =(E10*2240)+(F10*112)+(G10*28)+H10 -> 0 | L10: =J10/2240 -> 0
A11: 1748 | B11: Bees Wax | C11: Barbados | D11: London | F11: 40 | G11: 1 | J11: =(E11*2240)+(F11*112)+(G11*28)+H11 -> 4508 | L11: =J11/2240 -> 2.0125
A12: 1748 | B12: Brimstone | C12: Barbados | D12: London | J12: =(E12*2240)+(F12*112)+(G12*28)+H12 -> 0 | L12: =J12/2240 -> 0
A13: 1748 | B13: Brown Sugar | C13: Barbados | D13: London | F13: 114251 | G13: 1 | H13: 7 | J13: =(E13*2240)+(F13*112)+(G13*28)+H13 -> 12796147 | L13: =J13/2240 -> 5712.5656
A14: 1748 | B14: Cassia Fistula | C14: Barbados | D14: London | H14: 3580 | J14: =(E14*2240)+(F14*112)+(G14*28)+H14 -> 3580 | L14: =J14/2240 -> 1.5982143
A15: 1748 | B15: Chocolate | C15: Barbados | D15: London | J15: =(E15*2240)+(F15*112)+(G15*28)+H15 -> 0 | L15: =J15/2240 -> 0
A16: 1748 | B16: Cocheneal | C16: Barbados | D16: London | J16: =(E16*2240)+(F16*112)+(G16*28)+H16 -> 0 | L16: =J16/2240 -> 0
A17: 1748 | B17: Cocoa Nuts | C17: Barbados | D17: London | F17: 371 | J17: =(E17*2240)+(F17*112)+(G17*28)+H17 -> 41552 | L17: =J17/2240 -> 18.55
A18: 1748 | B18: Cocoa Paste | C18: Barbados | D18: London | J18: =(E18*2240)+(F18*112)+(G18*28)+H18 -> 0 | L18: =J18/2240 -> 0
A19: 1748 | B19: Coffee | C19: Barbados | D19: London | H19: 11 | J19: =(E19*2240)+(F19*112)+(G19*28)+H19 -> 11 | L19: =J19/2240 -> 0.0049107143
A20: 1748 | B20: Cortex Peru | C20: Barbados | D20: London | J20: =(E20*2240)+(F20*112)+(G20*28)+H20 -> 0 | L20: =J20/2240 -> 0
A21: 1748 | B21: Cotton | C21: Barbados | D21: London | H21: =223*200 -> 44600 | I21: 223bags | J21: =(E21*2240)+(F21*112)+(G21*28)+H21 -> 44600 | L21: =J21/2240 -> 19.910714
A22: 1748 | B22: Dry Ginger | C22: Barbados | D22: London | F22: 2508 | G22: 3 | H22: 18 | J22: =(E22*2240)+(F22*112)+(G22*28)+H22 -> 280998 | L22: =J22/2240 -> 125.44554
A23: 1748 | B23: Elephant Teeth | C23: Barbados | D23: London | F23: 327 | G23: 3 | J23: =(E23*2240)+(F23*112)+(G23*28)+H23 -> 36708 | L23: =J23/2240 -> 16.3875
A24: 1748 | B24: Green Ginger | C24: Barbados | D24: London | H24: 547 | J24: =(E24*2240)+(F24*112)+(G24*28)+H24 -> 547 | L24: =J24/2240 -> 0.24419643
A25: 1748 | B25: Gum Elemni | C25: Barbados | D25: London | H25: 1497 | J25: =(E25*2240)+(F25*112)+(G25*28)+H25 -> 1497 | L25: =J25/2240 -> 0.66830357
A26: 1748 | B26: Hemp | C26: Barbados | D26: London | J26: =(E26*2240)+(F26*112)+(G26*28)+H26 -> 0 | L26: =J26/2240 -> 0
A27: 1748 | B27: Indigo | C27: Barbados | D27: London | J27: =(E27*2240)+(F27*112)+(G27*28)+H27 -> 0 | L27: =J27/2240 -> 0
A28: 1748 | B28: Jollop | C28: Barbados | D28: London | H28: 985 | J28: =(E28*2240)+(F28*112)+(G28*28)+H28 -> 985 | L28: =J28/2240 -> 0.43973214
A29: 1748 | B29: Lemon Water | C29: Barbados | D29: London | J29: =(E29*2240)+(F29*112)+(G29*28)+H29 -> 0 | L29: =J29/2240 -> 0
A30: 1748 | B30: Lignum Vitae | C30: Barbados | D30: London | J30: =(E30*2240)+(F30*112)+(G30*28)+H30 -> 0 | L30: =J30/2240 -> 0
A31: 1748 | B31: Lime Juice | C31: Barbados | D31: London | J31: =(E31*2240)+(F31*112)+(G31*28)+H31 -> 0 | L31: =J31/2240 -> 0
A32: 1748 | B32: Loaf Sugar | C32: Barbados | D32: London | J32: =(E32*2240)+(F32*112)+(G32*28)+H32 -> 0 | L32: =J32/2240 -> 0
A33: 1748 | B33: Madera Wine | C33: Barbados | D33: London | H33: 196280.5 | I33: 77t 3h 30g | J33: =(E33*2240)+(F33*112)+(G33*28)+H33 -> 196280.5 | L33: =J33/2240 -> 87.625223
A34: 1748 | B34: Molasses | C34: Barbados | D34: London | J34: =(E34*2240)+(F34*112)+(G34*28)+H34 -> 0 | L34: =J34/2240 -> 0
A35: 1748 | B35: Oranges | C35: Barbados | D35: London | J35: =(E35*2240)+(F35*112)+(G35*28)+H35 -> 0 | L35: =J35/2240 -> 0
A36: 1748 | B36: Pickles | C36: Barbados | D36: London | H36: 510 | I36: 51g | J36: =(E36*2240)+(F36*112)+(G36*28)+H36 -> 510 | L36: =J36/2240 -> 0.22767857
A37: 1748 | B37: Pimento | C37: Barbados | D37: London | J37: =(E37*2240)+(F37*112)+(G37*28)+H37 -> 0 | L37: =J37/2240 -> 0
A38: 1748 | B38: Port | C38: Barbados | D38: London | H38: 35939 | I38: 14t 1h 2g | J38: =(E38*2240)+(F38*112)+(G38*28)+H38 -> 35939 | L38: =J38/2240 -> 16.044196
A39: 1748 | B39: Rice | C39: Barbados | D39: London | J39: =(E39*2240)+(F39*112)+(G39*28)+H39 -> 0 | L39: =J39/2240 -> 0
A40: 1748 | B40: Rum | C40: Barbados | D40: London | H40: 445164.5 | I40: 44505g | J40: =(E40*2240)+(F40*112)+(G40*28)+H40 -> 445164.5 | L40: =J40/2240 -> 198.73415
A41: 1748 | B41: Sasparilla | C41: Barbados | D41: London | J41: =(E41*2240)+(F41*112)+(G41*28)+H41 -> 0 | L41: =J41/2240 -> 0
A42: 1748 | B42: Shruff | C42: Barbados | D42: London | J42: =(E42*2240)+(F42*112)+(G42*28)+H42 -> 0 | L42: =J42/2240 -> 0
A43: 1748 | B43: Snuff | C43: Barbados | D43: London | H43: 25 | J43: =(E43*2240)+(F43*112)+(G43*28)+H43 -> 25 | L43: =J43/2240 -> 0.011160714
A44: 1748 | B44: Succads | C44: Barbados | D44: London | J44: =(E44*2240)+(F44*112)+(G44*28)+H44 -> 0 | L44: =J44/2240 -> 0
A45: 1748 | B45: Tamarinds | C45: Barbados | D45: London | H45: 5287 | J45: =(E45*2240)+(F45*112)+(G45*28)+H45 -> 5287 | L45: =J45/2240 -> 2.3602679
A46: 1748 | B46: Tobacco | C46: Barbados | D46: London | J46: =(E46*2240)+(F46*112)+(G46*28)+H46 -> 0 | L46: =J46/2240 -> 0
A47: 1748 | B47: Tortoise Shell | C47: Barbados | D47: London | H47: 37 | J47: =(E47*2240)+(F47*112)+(G47*28)+H47 -> 37 | L47: =J47/2240 -> 0.016517857
A48: 1748 | B48: White Sugar | C48: Barbados | D48: London | J48: =(E48*2240)+(F48*112)+(G48*28)+H48 -> 0 | L48: =J48/2240 -> 0
A49: 1748 | B49: Wood, Braziletto | C49: Barbados | D49: London | J49: =(E49*2240)+(F49*112)+(G49*28)+H49 -> 0 | L49: =J49/2240 -> 0
A50: 1748 | B50: Wood, Fustick | C50: Barbados | D50: London | E50: 10 | F50: 4 | J50: =(E50*2240)+(F50*112)+(G50*28)+H50 -> 22848 | L50: =J50/2240 -> 10.2
A51: 1748 | B51: Wood, Logwood | C51: Barbados | D51: London | J51: =(E51*2240)+(F51*112)+(G51*28)+H51 -> 0 | L51: =J51/2240 -> 0
A52: 1748 | B52: Wood, Mahogany | C52: Barbados | D52: London | E52: 3 | J52: =(E52*2240)+(F52*112)+(G52*28)+H52 -> 6720 | L52: =J52/2240 -> 3
A53: 1748 | B53: Wood, Nicaragua | C53: Barbados | D53: London | J53: =(E53*2240)+(F53*112)+(G53*28)+H53 -> 0 | L53: =J53/2240 -> 0
A54: 1748 | B54: Wood, Redwood | C54: Barbados | D54: London | E54: 2 | J54: =(E54*2240)+(F54*112)+(G54*28)+H54 -> 4480 | L54: =J54/2240 -> 2
A55: 1748 | B55: Wood, Sweetwood | C55: Barbados | D55: London | J55: =(E55*2240)+(F55*112)+(G55*28)+H55 -> 0 | L55: =J55/2240 -> 0
A56: 1748 | B56: Almonds, Bitter | C56: Barbados | D56: Out Ports | J56: =(E56*2240)+(F56*112)+(G56*28)+H56 -> 0 | L56: =J56/2240 -> 0
A57: 1748 | B57: Almonds, Sweet | C57: Barbados | D57: Out Ports | J57: =(E57*2240)+(F57*112)+(G57*28)+H57 -> 0 | L57: =J57/2240 -> 0
A58: 1748 | B58: Aloes Epatica | C58: Barbados | D58: Out Ports | H58: 83 | J58: =(E58*2240)+(F58*112)+(G58*28)+H58 -> 83 | L58: =J58/2240 -> 0.037053571
A59: 1748 | B59: Annatto | C59: Barbados | D59: Out Ports | J59: =(E59*2240)+(F59*112)+(G59*28)+H59 -> 0 | L59: =J59/2240 -> 0
A60: 1748 | B60: Anniseeds | C60: Barbados | D60: Out Ports | J60: =(E60*2240)+(F60*112)+(G60*28)+H60 -> 0 | L60: =J60/2240 -> 0
A61: 1748 | B61: Barbados T… | C61: Barbados | D61: Out Ports | J61: =(E61*2240)+(F61*112)+(G61*28)+H61 -> 0 | L61: =J61/2240 -> 0
A62: 1748 | B62: Barrel Staves | C62: Barbados | D62: Out Ports | J62: =(E62*2240)+(F62*112)+(G62*28)+H62 -> 0 | L62: =J62/2240 -> 0
A63: 1748 | B63: Bees Wax | C63: Barbados | D63: Out Ports | F63: 64 | G63: 3 | H63: 16 | J63: =(E63*2240)+(F63*112)+(G63*28)+H63 -> 7268 | L63: =J63/2240 -> 3.2446429
A64: 1748 | B64: Brimstone | C64: Barbados | D64: Out Ports | J64: =(E64*2240)+(F64*112)+(G64*28)+H64 -> 0 | L64: =J64/2240 -> 0
A65: 1748 | B65: Brown Sugar | C65: Barbados | D65: Out Ports | F65: 38781 | G65: 2 | H65: 2 | J65: =(E65*2240)+(F65*112)+(G65*28)+H65 -> 4343530 | L65: =J65/2240 -> 1939.0759
A66: 1748 | B66: Cassia Fistula | C66: Barbados | D66: Out Ports | J66: =(E66*2240)+(F66*112)+(G66*28)+H66 -> 0 | L66: =J66/2240 -> 0
A67: 1748 | B67: Chocolate Paste | C67: Barbados | D67: Out Ports | J67: =(E67*2240)+(F67*112)+(G67*28)+H67 -> 0 | L67: =J67/2240 -> 0
A68: 1748 | B68: Cocheneal | C68: Barbados | D68: Out Ports | J68: =(E68*2240)+(F68*112)+(G68*28)+H68 -> 0 | L68: =J68/2240 -> 0
A69: 1748 | B69: Cocoa Nuts | C69: Barbados | D69: Out Ports | J69: =(E69*2240)+(F69*112)+(G69*28)+H69 -> 0 | L69: =J69/2240 -> 0
A70: 1748 | B70: Cocoa Paste | C70: Barbados | D70: Out Ports | J70: =(E70*2240)+(F70*112)+(G70*28)+H70 -> 0 | L70: =J70/2240 -> 0
A71: 1748 | B71: Cotton | C71: Barbados | D71: Out Ports | H71: =800*200 -> 160000 | I71: 800bags | J71: =(E71*2240)+(F71*112)+(G71*28)+H71 -> 160000 | L71: =J71/2240 -> 71.428571
A72: 1748 | B72: Dry Ginger | C72: Barbados | D72: Out Ports | F72: 929 | H72: 26 | J72: =(E72*2240)+(F72*112)+(G72*28)+H72 -> 104074 | L72: =J72/2240 -> 46.461607
A73: 1748 | B73: Elephant Teeth | C73: Barbados | D73: Out Ports | F73: 213 | G73: 2 | H73: 14 | J73: =(E73*2240)+(F73*112)+(G73*28)+H73 -> 23926 | L73: =J73/2240 -> 10.68125
A74: 1748 | B74: Green Ginger | C74: Barbados | D74: Out Ports | H74: 18 | J74: =(E74*2240)+(F74*112)+(G74*28)+H74 -> 18 | L74: =J74/2240 -> 0.0080357143
A75: 1748 | B75: Guinea Grains | C75: Barbados | D75: Out Ports | J75: =(E75*2240)+(F75*112)+(G75*28)+H75 -> 0 | L75: =J75/2240 -> 0
A76: 1748 | B76: Hemp | C76: Barbados | D76: Out Ports | J76: =(E76*2240)+(F76*112)+(G76*28)+H76 -> 0 | L76: =J76/2240 -> 0
A77: 1748 | B77: Indigo | C77: Barbados | D77: Out Ports | J77: =(E77*2240)+(F77*112)+(G77*28)+H77 -> 0 | L77: =J77/2240 -> 0
A78: 1748 | B78: Lemon Water | C78: Barbados | D78: Out Ports | J78: =(E78*2240)+(F78*112)+(G78*28)+H78 -> 0 | L78: =J78/2240 -> 0
A79: 1748 | B79: Lignum Vitae | C79: Barbados | D79: Out Ports | J79: =(E79*2240)+(F79*112)+(G79*28)+H79 -> 0 | L79: =J79/2240 -> 0
A80: 1748 | B80: Lime Juice | C80: Barbados | D80: Out Ports | J80: =(E80*2240)+(F80*112)+(G80*28)+H80 -> 0 | L80: =J80/2240 -> 0
A81: 1748 | B81: Loaf Sugar | C81: Barbados | D81: Out Ports | J81: =(E81*2240)+(F81*112)+(G81*28)+H81 -> 0 | L81: =J81/2240 -> 0
A82: 1748 | B82: Madera Wine | C82: Barbados | D82: Out Ports | H82: 2780.5 | I82: 1t 26g | J82: =(E82*2240)+(F82*112)+(G82*28)+H82 -> 2780.5 | L82: =J82/2240 -> 1.2412946
A83: 1748 | B83: Molasses | C83: Barbados | D83: Out Ports | J83: =(E83*2240)+(F83*112)+(G83*28)+H83 -> 0 | L83: =J83/2240 -> 0
A84: 1748 | B84: Old Pewter | C84: Barbados | D84: Out Ports | J84: =(E84*2240)+(F84*112)+(G84*28)+H84 -> 0 | L84: =J84/2240 -> 0
A85: 1748 | B85: Oranges | C85: Barbados | D85: Out Ports | J85: =(E85*2240)+(F85*112)+(G85*28)+H85 -> 0 | L85: =J85/2240 -> 0
A86: 1748 | B86: Pickles | C86: Barbados | D86: Out Ports | J86: =(E86*2240)+(F86*112)+(G86*28)+H86 -> 0 | L86: =J86/2240 -> 0
A87: 1748 | B87: Pimento | C87: Barbados | D87: Out Ports | J87: =(E87*2240)+(F87*112)+(G87*28)+H87 -> 0 | L87: =J87/2240 -> 0
A88: 1748 | B88: Potatoes | C88: Barbados | D88: Out Ports | J88: =(E88*2240)+(F88*112)+(G88*28)+H88 -> 0 | L88: =J88/2240 -> 0
A89: 1748 | B89: Rice | C89: Barbados | D89: Out Ports | J89: =(E89*2240)+(F89*112)+(G89*28)+H89 -> 0 | L89: =J89/2240 -> 0
A90: 1748 | B90: Rum | C90: Barbados | D90: Out Ports | H90: 133624.5 | I90: 13359g | J90: =(E90*2240)+(F90*112)+(G90*28)+H90 -> 133624.5 | L90: =J90/2240 -> 59.653795
A91: 1748 | B91: Sasparilla | C91: Barbados | D91: Out Ports | J91: =(E91*2240)+(F91*112)+(G91*28)+H91 -> 0 | L91: =J91/2240 -> 0
A92: 1748 | B92: Shruff | C92: Barbados | D92: Out Ports | F92: 1 | G92: 2 | H92: 25 | J92: =(E92*2240)+(F92*112)+(G92*28)+H92 -> 193 | L92: =J92/2240 -> 0.086160714
A93: 1748 | B93: Snuff | C93: Barbados | D93: Out Ports | J93: =(E93*2240)+(F93*112)+(G93*28)+H93 -> 0 | L93: =J93/2240 -> 0
A94: 1748 | B94: Succads | C94: Barbados | D94: Out Ports | J94: =(E94*2240)+(F94*112)+(G94*28)+H94 -> 0 | L94: =J94/2240 -> 0
A95: 1748 | B95: Tamarinds | C95: Barbados | D95: Out Ports | H95: 450 | J95: =(E95*2240)+(F95*112)+(G95*28)+H95 -> 450 | L95: =J95/2240 -> 0.20089286
A96: 1748 | B96: Tobacco | C96: Barbados | D96: Out Ports | J96: =(E96*2240)+(F96*112)+(G96*28)+H96 -> 0 | L96: =J96/2240 -> 0
A97: 1748 | B97: Tortoise Shell | C97: Barbados | D97: Out Ports | J97: =(E97*2240)+(F97*112)+(G97*28)+H97 -> 0 | L97: =J97/2240 -> 0
A98: 1748 | B98: White Sugar | C98: Barbados | D98: Out Ports | J98: =(E98*2240)+(F98*112)+(G98*28)+H98 -> 0 | L98: =J98/2240 -> 0
A99: 1748 | B99: Wood, Braziletto | C99: Barbados | D99: Out Ports | J99: =(E99*2240)+(F99*112)+(G99*28)+H99 -> 0 | L99: =J99/2240 -> 0
A100: 1748 | B100: Wood, Camwood | C100: Barbados | D100: Out Ports | F100: 30 | J100: =(E100*2240)+(F100*112)+(G100*28)+H100 -> 3360 | L100: =J100/2240 -> 1.5
...

Sheet Bermuda
A1: YEAR | B1: COMMODITY_NAME | C1: FROM_LOCATION | D1: TO_LOCATION | E1: ton | F1: hh | G1: quarter | H1: lb | J1: Total Pounds | L1: WEIGHT
A2: 1748 | B2: Bermudos Plat | C2: Bermuda | D2: London | J2: =(E2*2240)+(F2*112)+(G2*28)+H2 -> 0 | L2: =J2/2240 -> 0
A3: 1748 | B3: Brown Sugar | C3: Bermuda | D3: London | J3: =(E3*2240)+(F3*112)+(G3*28)+H3 -> 0 | L3: =J3/2240 -> 0
A4: 1748 | B4: Cocoa Nuts | C4: Bermuda | D4: London | F4: 1 | G4: 2 | H4: 20 | J4: =(E4*2240)+(F4*112)+(G4*28)+H4 -> 188 | L4: =J4/2240 -> 0.083928571
A5: 1748 | B5: Cotton | C5: Bermuda | D5: London | H5: =1.25*200 -> 250 | I5: 1.25bags | J5: =(E5*2240)+(F5*112)+(G5*28)+H5 -> 250 | L5: =J5/2240 -> 0.11160714
A6: 1748 | B6: Elephant Teeth | C6: Bermuda | D6: London | J6: =(E6*2240)+(F6*112)+(G6*28)+H6 -> 0 | L6: =J6/2240 -> 0
A7: 1748 | B7: Indigo | C7: Bermuda | D7: London | J7: =(E7*2240)+(F7*112)+(G7*28)+H7 -> 0 | L7: =J7/2240 -> 0
A8: 1748 | B8: Madera Wine | C8: Bermuda | D8: London | H8: 1890.5 | I8: 3h | J8: =(E8*2240)+(F8*112)+(G8*28)+H8 -> 1890.5 | L8: =J8/2240 -> 0.84397321
A9: 1748 | B9: Molasses | C9: Bermuda | D9: London | J9: =(E9*2240)+(F9*112)+(G9*28)+H9 -> 0 | L9: =J9/2240 -> 0
A10: 1748 | B10: Rice | C10: Bermuda | D10: London | J10: =(E10*2240)+(F10*112)+(G10*28)+H10 -> 0 | L10: =J10/2240 -> 0
A11: 1748 | B11: Rum | C11: Bermuda | D11: London | H11: 1470.5 | I11: 147g | J11: =(E11*2240)+(F11*112)+(G11*28)+H11 -> 1470.5 | L11: =J11/2240 -> 0.65647321
A12: 1748 | B12: Shruff | C12: Bermuda | D12: London | J12: =(E12*2240)+(F12*112)+(G12*28)+H12 -> 0 | L12: =J12/2240 -> 0
A13: 1748 | B13: Tortoise Shell | C13: Bermuda | D13: London | H13: 12 | J13: =(E13*2240)+(F13*112)+(G13*28)+H13 -> 12 | L13: =J13/2240 -> 0.0053571429
A14: 1748 | B14: Turpentine | C14: Bermuda | D14: London | J14: =(E14*2240)+(F14*112)+(G14*28)+H14 -> 0 | L14: =J14/2240 -> 0
A15: 1748 | B15: Wood, Braziletto | C15: Bermuda | D15: London | J15: =(E15*2240)+(F15*112)+(G15*28)+H15 -> 0 | L15: =J15/2240 -> 0
A16: 1748 | B16: Wood, Fustick | C16: Bermuda | D16: London | J16: =(E16*2240)+(F16*112)+(G16*28)+H16 -> 0 | L16: =J16/2240 -> 0
A17: 1748 | B17: Wood, Logwood | C17: Bermuda | D17: London | J17: =(E17*2240)+(F17*112)+(G17*28)+H17 -> 0 | L17: =J17/2240 -> 0
A18: 1748 | B18: Brown Sugar | C18: Bermuda | D18: Out Ports | J18: =(E18*2240)+(F18*112)+(G18*28)+H18 -> 0 | L18: =J18/2240 -> 0
A19: 1748 | B19: Indigo | C19: Bermuda | D19: Out Ports | J19: =(E19*2240)+(F19*112)+(G19*28)+H19 -> 0 | L19: =J19/2240 -> 0
A20: 1748 | B20: Logwood | C20: Bermuda | D20: Out Ports | J20: =(E20*2240)+(F20*112)+(G20*28)+H20 -> 0 | L20: =J20/2240 -> 0
A21: 1748 | B21: Madera Wine | C21: Bermuda | D21: Out Ports | J21: =(E21*2240)+(F21*112)+(G21*28)+H21 -> 0 | L21: =J21/2240 -> 0
A22: 1748 | B22: Rice | C22: Bermuda | D22: Out Ports | J22: =(E22*2240)+(F22*112)+(G22*28)+H22 -> 0 | L22: =J22/2240 -> 0
A23: 1748 | B23: Shruff | C23: Bermuda | D23: Out Ports | J23: =(E23*2240)+(F23*112)+(G23*28)+H23 -> 0 | L23: =J23/2240 -> 0
A24: 1748 | B24: Succads | C24: Bermuda | D24: Out Ports | J24: =(E24*2240)+(F24*112)+(G24*28)+H24 -> 0 | L24: =J24/2240 -> 0
A25: 1748 | B25: Cotton | C25: Bermuda | D25: Out Ports | J25: =(E25*2240)+(F25*112)+(G25*28)+H25 -> 0 | L25: =J25/2240 -> 0
... A28: 1748 | B28: Wood, Logwood | C28: Bermuda | D28: Out Ports | J28: =(E28*2240)+(F28*112)+(G28*28)+H28 -> 0 | L28: =J28/2240 -> 0

Sheet Jamaica
A1: YEAR | B1: COMMODITY_NAME | C1: FROM_LOCATION | D1: TO_LOCATION | E1: ton | F1: hh | G1: quarter | H1: lb | J1: Total Pounds | L1: WEIGHT
A2: 1748 | B2: Almonds, Bitter | C2: Jamaica | D2: London | J2: =(E2*2240)+(F2*112)+(G2*28)+H2 -> 0 | L2: =J2/2240 -> 0
A3: 1748 | B3: Almonds, Sweet | C3: Jamaica | D3: London | J3: =(E3*2240)+(F3*112)+(G3*28)+H3 -> 0 | L3: =J3/2240 -> 0
A4: 1748 | B4: Aloes Epatica | C4: Jamaica | D4: London | J4: =(E4*2240)+(F4*112)+(G4*28)+H4 -> 0 | L4: =J4/2240 -> 0
A5: 1748 | B5: Annatto | C5: Jamaica | D5: London | J5: =(E5*2240)+(F5*112)+(G5*28)+H5 -> 0 | L5: =J5/2240 -> 0
A6: 1748 | B6: Anniseeds | C6: Jamaica | D6: London | J6: =(E6*2240)+(F6*112)+(G6*28)+H6 -> 0 | L6: =J6/2240 -> 0
A7: 1748 | B7: Bacon | C7: Jamaica | D7: London | J7: =(E7*2240)+(F7*112)+(G7*28)+H7 -> 0 | L7: =J7/2240 -> 0
A8: 1748 | B8: Balsam Artificial | C8: Jamaica | D8: London | H8: 246 | J8: =(E8*2240)+(F8*112)+(G8*28)+H8 -> 246 | L8: =J8/2240 -> 0.10982143
A9: 1748 | B9: Balsam Natural | C9: Jamaica | D9: London | H9: 31.5 | J9: =(E9*2240)+(F9*112)+(G9*28)+H9 -> 31.5 | L9: =J9/2240 -> 0.0140625
A10: 1748 | B10: Barrel Staves | C10: Jamaica | D10: London | J10: =(E10*2240)+(F10*112)+(G10*28)+H10 -> 0 | L10: =J10/2240 -> 0
A11: 1748 | B11: Bay Berries | C11: Jamaica | D11: London | J11: =(E11*2240)+(F11*112)+(G11*28)+H11 -> 0 | L11: =J11/2240 -> 0
A12: 1748 | B12: Bees Wax | C12: Jamaica | D12: London | J12: =(E12*2240)+(F12*112)+(G12*28)+H12 -> 0 | L12: =J12/2240 -> 0
A13: 1748 | B13: Brimstone | C13: Jamaica | D13: London | J13: =(E13*2240)+(F13*112)+(G13*28)+H13 -> 0 | L13: =J13/2240 -> 0
A14: 1748 | B14: Brown Sugar | C14: Jamaica | D14: London | F14: 223527 | H14: 18 | J14: =(E14*2240)+(F14*112)+(G14*28)+H14 -> 25035042 | L14: =J14/2240 -> 11176.358
A15: 1748 | B15: Cascarilla | C15: Jamaica | D15: London | J15: =(E15*2240)+(F15*112)+(G15*28)+H15 -> 0 | L15: =J15/2240 -> 0
A16: 1748 | B16: Cassia Fistula | C16: Jamaica | D16: London | H16: 2 | J16: =(E16*2240)+(F16*112)+(G16*28)+H16 -> 2 | L16: =J16/2240 -> 0.00089285714
A17: 1748 | B17: Chocolate | C17: Jamaica | D17: London | J17: =(E17*2240)+(F17*112)+(G17*28)+H17 -> 0 | L17: =J17/2240 -> 0
A18: 1748 | B18: Cocheneal | C18: Jamaica | D18: London | H18: 20 | J18: =(E18*2240)+(F18*112)+(G18*28)+H18 -> 20 | L18: =J18/2240 -> 0.0089285714
A19: 1748 | B19: Cocoa Nuts | C19: Jamaica | D19: London | F19: 4590 | G19: 1 | H19: 10 | J19: =(E19*2240)+(F19*112)+(G19*28)+H19 -> 514118 | L19: =J19/2240 -> 229.51696
A20: 1748 | B20: Cocoa Paste | C20: Jamaica | D20: London | J20: =(E20*2240)+(F20*112)+(G20*28)+H20 -> 0 | L20: =J20/2240 -> 0
A21: 1748 | B21: Coffee | C21: Jamaica | D21: London | F21: 319 | G21: 1 | J21: =(E21*2240)+(F21*112)+(G21*28)+H21 -> 35756 | L21: =J21/2240 -> 15.9625
A22: 1748 | B22: Cortex Peru | C22: Jamaica | D22: London | H22: 12261 | J22: =(E22*2240)+(F22*112)+(G22*28)+H22 -> 12261 | L22: =J22/2240 -> 5.4736607
A23: 1748 | B23: Cortex Winteranus | C23: Jamaica | D23: London | H23: 250 | J23: =(E23*2240)+(F23*112)+(G23*28)+H23 -> 250 | L23: =J23/2240 -> 0.11160714
A24: 1748 | B24: Cotton | C24: Jamaica | D24: London | H24: =205*200 -> 41000 | I24: 205bags | J24: =(E24*2240)+(F24*112)+(G24*28)+H24 -> 41000 | L24: =J24/2240 -> 18.303571
A25: 1748 | B25: Dry Ginger | C25: Jamaica | D25: London | F25: 1163 | G25: 1 | H25: 18 | J25: =(E25*2240)+(F25*112)+(G25*28)+H25 -> 130302 | L25: =J25/2240 -> 58.170536
A26: 1748 | B26: Elephant Teeth | C26: Jamaica | D26: London | F26: 124 | G26: 2 | H26: 10 | J26: =(E26*2240)+(F26*112)+(G26*28)+H26 -> 13954 | L26: =J26/2240 -> 6.2294643
A27: 1748 | B27: Green Ginger | C27: Jamaica | D27: London | H27: 250 | J27: =(E27*2240)+(F27*112)+(G27*28)+H27 -> 250 | L27: =J27/2240 -> 0.11160714
A28: 1748 | B28: Guinea Grains | C28: Jamaica | D28: London | J28: =(E28*2240)+(F28*112)+(G28*28)+H28 -> 0 | L28: =J28/2240 -> 0
A29: 1748 | B29: Gum Guiaci | C29: Jamaica | D29: London | H29: 522 | J29: =(E29*2240)+(F29*112)+(G29*28)+H29 -> 522 | L29: =J29/2240 -> 0.23303571
A30: 1748 | B30: Hemp | C30: Jamaica | D30: London | J30: =(E30*2240)+(F30*112)+(G30*28)+H30 -> 0 | L30: =J30/2240 -> 0
A31: 1748 | B31: Hypococania | C31: Jamaica | D31: London | J31: =(E31*2240)+(F31*112)+(G31*28)+H31 -> 0 | L31: =J31/2240 -> 0
A32: 1748 | B32: Indigo | C32: Jamaica | D32: London | H32: 181270 | J32: =(E32*2240)+(F32*112)+(G32*28)+H32 -> 181270 | L32: =J32/2240 -> 80.924107
A33: 1748 | B33: Jallop? | C33: Jamaica | D33: London | J33: =(E33*2240)+(F33*112)+(G33*28)+H33 -> 0 | L33: =J33/2240 -> 0
A34: 1748 | B34: Lemon Water | C34: Jamaica | D34: London | J34: =(E34*2240)+(F34*112)+(G34*28)+H34 -> 0 | L34: =J34/2240 -> 0
A35: 1748 | B35: Lignum Vitae | C35: Jamaica | D35: London | E35: 40 | F35: 11 | G35: 1 | H35: 18 | J35: =(E35*2240)+(F35*112)+(G35*28)+H35 -> 90878 | L35: =J35/2240 -> 40.570536
A36: 1748 | B36: Lime Juice | C36: Jamaica | D36: London | J36: =(E36*2240)+(F36*112)+(G36*28)+H36 -> 0 | L36: =J36/2240 -> 0
A37: 1748 | B37: Loaf Sugar | C37: Jamaica | D37: London | J37: =(E37*2240)+(F37*112)+(G37*28)+H37 -> 0 | L37: =J37/2240 -> 0
A38: 1748 | B38: Madera Wine | C38: Jamaica | D38: London | H38: 49242.5 | I38: 19t 2h 9g | J38: =(E38*2240)+(F38*112)+(G38*28)+H38 -> 49242.5 | L38: =J38/2240 -> 21.983259
A39: 1748 | B39: Molasses | C39: Jamaica | D39: London | J39: =(E39*2240)+(F39*112)+(G39*28)+H39 -> 0 | L39: =J39/2240 -> 0
A40: 1748 | B40: Oranges | C40: Jamaica | D40: London | J40: =(E40*2240)+(F40*112)+(G40*28)+H40 -> 0 | L40: =J40/2240 -> 0
A41: 1748 | B41: Orchelia | C41: Jamaica | D41: London | J41: =(E41*2240)+(F41*112)+(G41*28)+H41 -> 0 | L41: =J41/2240 -> 0
A42: 1748 | B42: Pickles | C42: Jamaica | D42: London | H42: 285 | I42: 28.5g | J42: =(E42*2240)+(F42*112)+(G42*28)+H42 -> 285 | L42: =J42/2240 -> 0.12723214
A43: 1748 | B43: Pimento | C43: Jamaica | D43: London | H43: 50410 | J43: =(E43*2240)+(F43*112)+(G43*28)+H43 -> 50410 | L43: =J43/2240 -> 22.504464
A44: 1748 | B44: Port | C44: Jamaica | D44: London | H44: 4101 | I44: 1t 2h 32g | J44: =(E44*2240)+(F44*112)+(G44*28)+H44 -> 4101 | L44: =J44/2240 -> 1.8308036
A45: 1748 | B45: Quicksilver | C45: Jamaica | D45: London | H45: 73 | J45: =(E45*2240)+(F45*112)+(G45*28)+H45 -> 73 | L45: =J45/2240 -> 0.032589286
A46: 1748 | B46: Rice | C46: Jamaica | D46: London | J46: =(E46*2240)+(F46*112)+(G46*28)+H46 -> 0 | L46: =J46/2240 -> 0
A47: 1748 | B47: Rum | C47: Jamaica | D47: London | H47: 3612077.5 | I47: 361115g | J47: =(E47*2240)+(F47*112)+(G47*28)+H47 -> 3612077.5 | L47: =J47/2240 -> 1612.5346
A48: 1748 | B48: Sasparilla | C48: Jamaica | D48: London | H48: 800 | J48: =(E48*2240)+(F48*112)+(G48*28)+H48 -> 800 | L48: =J48/2240 -> 0.35714286
A49: 1748 | B49: Saunders Yellow | C49: Jamaica | D49: London | J49: =(E49*2240)+(F49*112)+(G49*28)+H49 -> 0 | L49: =J49/2240 -> 0
A50: 1748 | B50: Shruff | C50: Jamaica | D50: London | J50: =(E50*2240)+(F50*112)+(G50*28)+H50 -> 0 | L50: =J50/2240 -> 0
A51: 1748 | B51: Snuff | C51: Jamaica | D51: London | H51: 171 | J51: =(E51*2240)+(F51*112)+(G51*28)+H51 -> 171 | L51: =J51/2240 -> 0.076339286
A52: 1748 | B52: Smalts | C52: Jamaica | D52: London | J52: =(E52*2240)+(F52*112)+(G52*28)+H52 -> 0 | L52: =J52/2240 -> 0
A53: 1748 | B53: Succads | C53: Jamaica | D53: London | H53: 1327 | J53: =(E53*2240)+(F53*112)+(G53*28)+H53 -> 1327 | L53: =J53/2240 -> 0.59241071
A54: 1748 | B54: Tamarinds | C54: Jamaica | D54: London | H54: 1572 | J54: =(E54*2240)+(F54*112)+(G54*28)+H54 -> 1572 | L54: =J54/2240 -> 0.70178571
A55: 1748 | B55: Tobacco | C55: Jamaica | D55: London | H55: 2259 | J55: =(E55*2240)+(F55*112)+(G55*28)+H55 -> 2259 | L55: =J55/2240 -> 1.0084821
A56: 1748 | B56: Tortoise Shell | C56: Jamaica | D56: London | H56: 4052 | J56: =(E56*2240)+(F56*112)+(G56*28)+H56 -> 4052 | L56: =J56/2240 -> 1.8089286
A57: 1748 | B57: Turpentine | C57: Jamaica | D57: London | J57: =(E57*2240)+(F57*112)+(G57*28)+H57 -> 0 | L57: =J57/2240 -> 0
A58: 1748 | B58: White Sugar | C58: Jamaica | D58: London | J58: =(E58*2240)+(F58*112)+(G58*28)+H58 -> 0 | L58: =J58/2240 -> 0
A59: 1748 | B59: Wood, Braziletto | C59: Jamaica | D59: London | E59: 15 | F59: 12 | J59: =(E59*2240)+(F59*112)+(G59*28)+H59 -> 34944 | L59: =J59/2240 -> 15.6
A60: 1748 | B60: Wood, Cocus | C60: Jamaica | D60: London | J60: =(E60*2240)+(F60*112)+(G60*28)+H60 -> 0 | L60: =J60/2240 -> 0
A61: 1748 | B61: Wood, Ebony | C61: Jamaica | D61: London | E61: 59 | F61: 9 | G61: 1 | J61: =(E61*2240)+(F61*112)+(G61*28)+H61 -> 133196 | L61: =J61/2240 -> 59.4625
A62: 1748 | B62: Wood, Fustick | C62: Jamaica | D62: London | E62: 527 | F62: 18 | G62: 3 | H62: 16 | J62: =(E62*2240)+(F62*112)+(G62*28)+H62 -> 1182596 | L62: =J62/2240 -> 527.94464
A63: 1748 | B63: Wood, Iron | C63: Jamaica | D63: London | J63: =(E63*2240)+(F63*112)+(G63*28)+H63 -> 0 | L63: =J63/2240 -> 0
A64: 1748 | B64: Wood, Logwood | C64: Jamaica | D64: London | E64: 431 | G64: 1 | H64: 6 | J64: =(E64*2240)+(F64*112)+(G64*28)+H64 -> 965474 | L64: =J64/2240 -> 431.01518
A65: 1748 | B65: Wood, Mahogany | C65: Jamaica | D65: London | E65: 358 | F65: 13 | H65: 32041 | J65: =(E65*2240)+(F65*112)+(G65*28)+H65 -> 835417 | L65: =J65/2240 -> 372.95402
A66: 1748 | B66: Wood, Nicaragua | C66: Jamaica | D66: London | E66: 9 | F66: 10 | J66: =(E66*2240)+(F66*112)+(G66*28)+H66 -> 21280 | L66: =J66/2240 -> 9.5
A67: 1748 | B67: Wood, Redwood | C67: Jamaica | D67: London | E67: 1 | F67: 18 | J67: =(E67*2240)+(F67*112)+(G67*28)+H67 -> 4256 | L67: =J67/2240 -> 1.9
A68: 1748 | B68: Wood, Sweetwood | C68: Jamaica | D68: London | J68: =(E68*2240)+(F68*112)+(G68*28)+H68 -> 0 | L68: =J68/2240 -> 0
A69: 1748 | B69: Almonds, Bitter | C69: Jamaica | D69: Out Ports | J69: =(E69*2240)+(F69*112)+(G69*28)+H69 -> 0 | L69: =J69/2240 -> 0
A70: 1748 | B70: Almonds, Sweet | C70: Jamaica | D70: Out Ports | J70: =(E70*2240)+(F70*112)+(G70*28)+H70 -> 0 | L70: =J70/2240 -> 0
A71: 1748 | B71: Aloes Epatica | C71: Jamaica | D71: Out Ports | J71: =(E71*2240)+(F71*112)+(G71*28)+H71 -> 0 | L71: =J71/2240 -> 0
A72: 1748 | B72: Annatto | C72: Jamaica | D72: Out Ports | J72: =(E72*2240)+(F72*112)+(G72*28)+H72 -> 0 | L72: =J72/2240 -> 0
A73: 1748 | B73: Anniseeds | C73: Jamaica | D73: Out Ports | J73: =(E73*2240)+(F73*112)+(G73*28)+H73 -> 0 | L73: =J73/2240 -> 0
A74: 1748 | B74: Bacon | C74: Jamaica | D74: Out Ports | J74: =(E74*2240)+(F74*112)+(G74*28)+H74 -> 0 | L74: =J74/2240 -> 0
A75: 1748 | B75: Balsam Artificial | C75: Jamaica | D75: Out Ports | H75: 156 | J75: =(E75*2240)+(F75*112)+(G75*28)+H75 -> 156 | L75: =J75/2240 -> 0.069642857
A76: 1748 | B76: Balsam Natural | C76: Jamaica | D76: Out Ports | J76: =(E76*2240)+(F76*112)+(G76*28)+H76 -> 0 | L76: =J76/2240 -> 0
A77: 1748 | B77: Barrel Staves | C77: Jamaica | D77: Out Ports | J77: =(E77*2240)+(F77*112)+(G77*28)+H77 -> 0 | L77: =J77/2240 -> 0
A78: 1748 | B78: Bay Berries | C78: Jamaica | D78: Out Ports | J78: =(E78*2240)+(F78*112)+(G78*28)+H78 -> 0 | L78: =J78/2240 -> 0
A79: 1748 | B79: Bees Wax | C79: Jamaica | D79: Out Ports | J79: =(E79*2240)+(F79*112)+(G79*28)+H79 -> 0 | L79: =J79/2240 -> 0
A80: 1748 | B80: Brimstone | C80: Jamaica | D80: Out Ports | J80: =(E80*2240)+(F80*112)+(G80*28)+H80 -> 0 | L80: =J80/2240 -> 0
A81: 1748 | B81: Brown Sugar | C81: Jamaica | D81: Out Ports | F81: 157687 | G81: 1 | H81: 12 | J81: =(E81*2240)+(F81*112)+(G81*28)+H81 -> 17660984 | L81: =J81/2240 -> 7884.3679
A82: 1748 | B82: Cassia Fistula | C82: Jamaica | D82: Out Ports | J82: =(E82*2240)+(F82*112)+(G82*28)+H82 -> 0 | L82: =J82/2240 -> 0
A83: 1748 | B83: Chocolate Paste | C83: Jamaica | D83: Out Ports | J83: =(E83*2240)+(F83*112)+(G83*28)+H83 -> 0 | L83: =J83/2240 -> 0
A84: 1748 | B84: Cocheneal | C84: Jamaica | D84: Out Ports | J84: =(E84*2240)+(F84*112)+(G84*28)+H84 -> 0 | L84: =J84/2240 -> 0
A85: 1748 | B85: Cocoa Nuts | C85: Jamaica | D85: Out Ports | J85: =(E85*2240)+(F85*112)+(G85*28)+H85 -> 0 | L85: =J85/2240 -> 0
A86: 1748 | B86: Cocoa Paste | C86: Jamaica | D86: Out Ports | J86: =(E86*2240)+(F86*112)+(G86*28)+H86 -> 0 | L86: =J86/2240 -> 0
A87: 1748 | B87: Coffee | C87: Jamaica | D87: Out Ports | F87: 4 | H87: 11 | J87: =(E87*2240)+(F87*112)+(G87*28)+H87 -> 459 | L87: =J87/2240 -> 0.20491071
A88: 1748 | B88: Cortex Peru | C88: Jamaica | D88: Out Ports | H88: 2500 | J88: =(E88*2240)+(F88*112)+(G88*28)+H88 -> 2500 | L88: =J88/2240 -> 1.1160714
A89: 1748 | B89: Cortex Winteranus | C89: Jamaica | D89: Out Ports | J89: =(E89*2240)+(F89*112)+(G89*28)+H89 -> 0 | L89: =J89/2240 -> 0
A90: 1748 | B90: Cotton | C90: Jamaica | D90: Out Ports | H90: =971*200 -> 194200 | I90: 971bags | J90: =(E90*2240)+(F90*112)+(G90*28)+H90 -> 194200 | L90: =J90/2240 -> 86.696429
A91: 1748 | B91: Dry Ginger | C91: Jamaica | D91: Out Ports | F91: 800 | G91: 1 | H91: 23 | J91: =(E91*2240)+(F91*112)+(G91*28)+H91 -> 89651 | L91: =J91/2240 -> 40.022768
A92: 1748 | B92: Elephant Teeth | C92: Jamaica | D92: Out Ports | F92: 442 | H92: 11 | J92: =(E92*2240)+(F92*112)+(G92*28)+H92 -> 49515 | L92: =J92/2240 -> 22.104911
A93: 1748 | B93: Green Ginger | C93: Jamaica | D93: Out Ports | J93: =(E93*2240)+(F93*112)+(G93*28)+H93 -> 0 | L93: =J93/2240 -> 0
A94: 1748 | B94: Guinea Grains | C94: Jamaica | D94: Out Ports | J94: =(E94*2240)+(F94*112)+(G94*28)+H94 -> 0 | L94: =J94/2240 -> 0
A95: 1748 | B95: Gum Balsam | C95: Jamaica | D95: Out Ports | H95: 60 | J95: =(E95*2240)+(F95*112)+(G95*28)+H95 -> 60 | L95: =J95/2240 -> 0.026785714
A96: 1748 | B96: Gum Guiaci | C96: Jamaica | D96: Out Ports | H96: 40 | J96: =(E96*2240)+(F96*112)+(G96*28)+H96 -> 40 | L96: =J96/2240 -> 0.017857143
A97: 1748 | B97: Hemp | C97: Jamaica | D97: Out Ports | J97: =(E97*2240)+(F97*112)+(G97*28)+H97 -> 0 | L97: =J97/2240 -> 0
A98: 1748 | B98: Hypococania | C98: Jamaica | D98: Out Ports | J98: =(E98*2240)+(F98*112)+(G98*28)+H98 -> 0 | L98: =J98/2240 -> 0
A99: 1748 | B99: Indigo | C99: Jamaica | D99: Out Ports | H99: 96538 | J99: =(E99*2240)+(F99*112)+(G99*28)+H99 -> 96538 | L99: =J99/2240 -> 43.097321
A100: 1748 | B100: Jallop? | C100: Jamaica | D100: Out Ports | J100: =(E100*2240)+(F100*112)+(G100*28)+H100 -> 0 | L100: =J100/2240 -> 0
...

Sheet Mountserat
A1: YEAR | B1: COMMODITY_NAME | C1: FROM_LOCATION | D1: TO_LOCATION | E1: ton | F1: hh | G1: quarter | H1: lb | J1: Total Pounds | L1: WEIGHT
A2: 1748 | B2: Almonds, Bitter | C2: Mountserat | D2: London | J2: =(E2*2240)+(F2*112)+(G2*28)+H2 -> 0 | L2: =J2/2240 -> 0
A3: 1748 | B3: Almonds, Sweet | C3: Mountserat | D3: London | J3: =(E3*2240)+(F3*112)+(G3*28)+H3 -> 0 | L3: =J3/2240 -> 0
A4: 1748 | B4: Aloes Epatica | C4: Mountserat | D4: London | J4: =(E4*2240)+(F4*112)+(G4*28)+H4 -> 0 | L4: =J4/2240 -> 0
A5: 1748 | B5: Annatto | C5: Mountserat | D5: London | J5: =(E5*2240)+(F5*112)+(G5*28)+H5 -> 0 | L5: =J5/2240 -> 0
A6: 1748 | B6: Anniseeds | C6: Mountserat | D6: London | J6: =(E6*2240)+(F6*112)+(G6*28)+H6 -> 0 | L6: =J6/2240 -> 0
A7: 1748 | B7: Bacon | C7: Mountserat | D7: London | J7: =(E7*2240)+(F7*112)+(G7*28)+H7 -> 0 | L7: =J7/2240 -> 0
A8: 1748 | B8: Barrel Staves | C8: Mountserat | D8: London | J8: =(E8*2240)+(F8*112)+(G8*28)+H8 -> 0 | L8: =J8/2240 -> 0
A9: 1748 | B9: Bay Berries | C9: Mountserat | D9: London | J9: =(E9*2240)+(F9*112)+(G9*28)+H9 -> 0 | L9: =J9/2240 -> 0
A10: 1748 | B10: Bees Wax | C10: Mountserat | D10: London | J10: =(E10*2240)+(F10*112)+(G10*28)+H10 -> 0 | L10: =J10/2240 -> 0
A11: 1748 | B11: Brimstone | C11: Mountserat | D11: London | J11: =(E11*2240)+(F11*112)+(G11*28)+H11 -> 0 | L11: =J11/2240 -> 0
A12: 1748 | B12: Brown Sugar | C12: Mountserat | D12: London | F12: 41003 | G12: 1 | H12: 12 | J12: =(E12*2240)+(F12*112)+(G12*28)+H12 -> 4592376 | L12: =J12/2240 -> 2050.1679
A13: 1748 | B13: Cascarilla | C13: Mountserat | D13: London | J13: =(E13*2240)+(F13*112)+(G13*28)+H13 -> 0 | L13: =J13/2240 -> 0
A14: 1748 | B14: Cassia Fistula | C14: Mountserat | D14: London | J14: =(E14*2240)+(F14*112)+(G14*28)+H14 -> 0 | L14: =J14/2240 -> 0
A15: 1748 | B15: Chocolate | C15: Mountserat | D15: London | J15: =(E15*2240)+(F15*112)+(G15*28)+H15 -> 0 | L15: =J15/2240 -> 0
A16: 1748 | B16: Cocheneal | C16: Mountserat | D16: London | J16: =(E16*2240)+(F16*112)+(G16*28)+H16 -> 0 | L16: =J16/2240 -> 0
A17: 1748 | B17: Cocoa Nuts | C17: Mountserat | D17: London | J17: =(E17*2240)+(F17*112)+(G17*28)+H17 -> 0 | L17: =J17/2240 -> 0
A18: 1748 | B18: Cocoa Paste | C18: Mountserat | D18: London | J18: =(E18*2240)+(F18*112)+(G18*28)+H18 -> 0 | L18: =J18/2240 -> 0
A19: 1748 | B19: Coffee | C19: Mountserat | D19: London | J19: =(E19*2240)+(F19*112)+(G19*28)+H19 -> 0 | L19: =J19/2240 -> 0
A20: 1748 | B20: Cortex Peru | C20: Mountserat | D20: London | J20: =(E20*2240)+(F20*112)+(G20*28)+H20 -> 0 | L20: =J20/2240 -> 0
A21: 1748 | B21: Cortex Winteranus | C21: Mountserat | D21: London | J21: =(E21*2240)+(F21*112)+(G21*28)+H21 -> 0 | L21: =J21/2240 -> 0
A22: 1748 | B22: Cotton | C22: Mountserat | D22: London | H22: =76*200 -> 15200 | I22: 76bags | J22: =(E22*2240)+(F22*112)+(G22*28)+H22 -> 15200 | L22: =J22/2240 -> 6.7857143
A23: 1748 | B23: Dry Ginger | C23: Mountserat | D23: London | J23: =(E23*2240)+(F23*112)+(G23*28)+H23 -> 0 | L23: =J23/2240 -> 0
A24: 1748 | B24: Elephant Teeth | C24: Mountserat | D24: London | J24: =(E24*2240)+(F24*112)+(G24*28)+H24 -> 0 | L24: =J24/2240 -> 0
A25: 1748 | B25: Green Ginger | C25: Mountserat | D25: London | J25: =(E25*2240)+(F25*112)+(G25*28)+H25 -> 0 | L25: =J25/2240 -> 0
A26: 1748 | B26: Guinea Grains | C26: Mountserat | D26: London | J26: =(E26*2240)+(F26*112)+(G26*28)+H26 -> 0 | L26: =J26/2240 -> 0
A27: 1748 | B27: Gum Guiaci | C27: Mountserat | D27: London | J27: =(E27*2240)+(F27*112)+(G27*28)+H27 -> 0 | L27: =J27/2240 -> 0
A28: 1748 | B28: Hemp | C28: Mountserat | D28: London | J28: =(E28*2240)+(F28*112)+(G28*28)+H28 -> 0 | L28: =J28/2240 -> 0
A29: 1748 | B29: Hypococania | C29: Mountserat | D29: London | J29: =(E29*2240)+(F29*112)+(G29*28)+H29 -> 0 | L29: =J29/2240 -> 0
A30: 1748 | B30: Indigo | C30: Mountserat | D30: London | H30: 1900 | J30: =(E30*2240)+(F30*112)+(G30*28)+H30 -> 1900 | L30: =J30/2240 -> 0.84821429
A31: 1748 | B31: Jallop? | C31: Mountserat | D31: London | J31: =(E31*2240)+(F31*112)+(G31*28)+H31 -> 0 | L31: =J31/2240 -> 0
A32: 1748 | B32: Lemon Water | C32: Mountserat | D32: London | J32: =(E32*2240)+(F32*112)+(G32*28)+H32 -> 0 | L32: =J32/2240 -> 0
A33: 1748 | B33: Lignum Vitae | C33: Mountserat | D33: London | J33: =(E33*2240)+(F33*112)+(G33*28)+H33 -> 0 | L33: =J33/2240 -> 0
A34: 1748 | B34: Lime Juice | C34: Mountserat | D34: London | J34: =(E34*2240)+(F34*112)+(G34*28)+H34 -> 0 | L34: =J34/2240 -> 0
A35: 1748 | B35: Loaf Sugar | C35: Mountserat | D35: London | J35: =(E35*2240)+(F35*112)+(G35*28)+H35 -> 0 | L35: =J35/2240 -> 0
A36: 1748 | B36: Madera Wine | C36: Mountserat | D36: London | H36: 3271 | I36: 1t 1h 12g | J36: =(E36*2240)+(F36*112)+(G36*28)+H36 -> 3271 | L36: =J36/2240 -> 1.4602679
A37: 1748 | B37: Molasses | C37: Mountserat | D37: London | J37: =(E37*2240)+(F37*112)+(G37*28)+H37 -> 0 | L37: =J37/2240 -> 0
A38: 1748 | B38: Oranges | C38: Mountserat | D38: London | J38: =(E38*2240)+(F38*112)+(G38*28)+H38 -> 0 | L38: =J38/2240 -> 0
A39: 1748 | B39: Orchelia | C39: Mountserat | D39: London | J39: =(E39*2240)+(F39*112)+(G39*28)+H39 -> 0 | L39: =J39/2240 -> 0
A40: 1748 | B40: Pickles | C40: Mountserat | D40: London | H40: 20 | I40: 2g | J40: =(E40*2240)+(F40*112)+(G40*28)+H40 -> 20 | L40: =J40/2240 -> 0.0089285714
A41: 1748 | B41: Pimento | C41: Mountserat | D41: London | J41: =(E41*2240)+(F41*112)+(G41*28)+H41 -> 0 | L41: =J41/2240 -> 0
A42: 1748 | B42: Rice | C42: Mountserat | D42: London | J42: =(E42*2240)+(F42*112)+(G42*28)+H42 -> 0 | L42: =J42/2240 -> 0
A43: 1748 | B43: Rum | C43: Mountserat | D43: London | H43: 30328 | I43: 3032g | J43: =(E43*2240)+(F43*112)+(G43*28)+H43 -> 30328 | L43: =J43/2240 -> 13.539286
A44: 1748 | B44: Sasparilla | C44: Mountserat | D44: London | J44: =(E44*2240)+(F44*112)+(G44*28)+H44 -> 0 | L44: =J44/2240 -> 0
A45: 1748 | B45: Saunders Yellow | C45: Mountserat | D45: London | J45: =(E45*2240)+(F45*112)+(G45*28)+H45 -> 0 | L45: =J45/2240 -> 0
A46: 1748 | B46: Shruff | C46: Mountserat | D46: London | J46: =(E46*2240)+(F46*112)+(G46*28)+H46 -> 0 | L46: =J46/2240 -> 0
A47: 1748 | B47: Snuff | C47: Mountserat | D47: London | J47: =(E47*2240)+(F47*112)+(G47*28)+H47 -> 0 | L47: =J47/2240 -> 0
A48: 1748 | B48: Smalts | C48: Mountserat | D48: London | J48: =(E48*2240)+(F48*112)+(G48*28)+H48 -> 0 | L48: =J48/2240 -> 0
A49: 1748 | B49: Succads | C49: Mountserat | D49: London | H49: 300 | J49: =(E49*2240)+(F49*112)+(G49*28)+H49 -> 300 | L49: =J49/2240 -> 0.13392857
A50: 1748 | B50: Tamarinds | C50: Mountserat | D50: London | H50: 4 | J50: =(E50*2240)+(F50*112)+(G50*28)+H50 -> 4 | L50: =J50/2240 -> 0.0017857143
A51: 1748 | B51: Tobacco | C51: Mountserat | D51: London | J51: =(E51*2240)+(F51*112)+(G51*28)+H51 -> 0 | L51: =J51/2240 -> 0
A52: 1748 | B52: Tortoise Shell | C52: Mountserat | D52: London | J52: =(E52*2240)+(F52*112)+(G52*28)+H52 -> 0 | L52: =J52/2240 -> 0
A53: 1748 | B53: White Sugar | C53: Mountserat | D53: London | J53: =(E53*2240)+(F53*112)+(G53*28)+H53 -> 0 | L53: =J53/2240 -> 0
A54: 1748 | B54: Wood, Braziletto | C54: Mountserat | D54: London | J54: =(E54*2240)+(F54*112)+(G54*28)+H54 -> 0 | L54: =J54/2240 -> 0
A55: 1748 | B55: Wood, Cocoa | C55: Mountserat | D55: London | J55: =(E55*2240)+(F55*112)+(G55*28)+H55 -> 0 | L55: =J55/2240 -> 0
A56: 1748 | B56: Wood, Ebony | C56: Mountserat | D56: London | J56: =(E56*2240)+(F56*112)+(G56*28)+H56 -> 0 | L56: =J56/2240 -> 0
A57: 1748 | B57: Wood, Fustick | C57: Mountserat | D57: London | J57: =(E57*2240)+(F57*112)+(G57*28)+H57 -> 0 | L57: =J57/2240 -> 0
A58: 1748 | B58: Wood, Iron | C58: Mountserat | D58: London | J58: =(E58*2240)+(F58*112)+(G58*28)+H58 -> 0 | L58: =J58/2240 -> 0
A59: 1748 | B59: Wood, Logwood | C59: Mountserat | D59: London | J59: =(E59*2240)+(F59*112)+(G59*28)+H59 -> 0 | L59: =J59/2240 -> 0
A60: 1748 | B60: Wood, Mahogany | C60: Mountserat | D60: London | J60: =(E60*2240)+(F60*112)+(G60*28)+H60 -> 0 | L60: =J60/2240 -> 0
A61: 1748 | B61: Wood, Nicaragua | C61: Mountserat | D61: London | J61: =(E61*2240)+(F61*112)+(G61*28)+H61 -> 0 | L61: =J61/2240 -> 0
A62: 1748 | B62: Wood, Redwood | C62: Mountserat | D62: London | J62: =(E62*2240)+(F62*112)+(G62*28)+H62 -> 0 | L62: =J62/2240 -> 0
... A73: 1748 | B73: Brimstone | C73: Mountserat | D73: Out Ports | J73: =(E73*2240)+(F73*112)+(G73*28)+H73 -> 0 | L73: =J73/2240 -> 0
A74: 1748 | B74: Brown Sugar | C74: Mountserat | D74: Out Ports | F74: 8464 | G74: 2 | H74: 15 | J74: =(E74*2240)+(F74*112)+(G74*28)+H74 -> 948039 | L74: =J74/2240 -> 423.2317
A75: 1748 | B75: Cassia Fistula | C75: Mountserat | D75: Out Ports | J75: =(E75*2240)+(F75*112)+(G75*28)+H75 -> 0 | L75: =J75/2240 -> 0
A76: 1748 | B76: Chocolate | C76: Mountserat | D76: Out Ports | J76: =(E76*2240)+(F76*112)+(G76*28)+H76 -> 0 | L76: =J76/2240 -> 0
A77: 1748 | B77: Cocheneal | C77: Mountserat | D77: Out Ports | J77: =(E77*2240)+(F77*112)+(G77*28)+H77 -> 0 | L77: =J77/2240 -> 0
A78: 1748 | B78: Cocoa Nuts | C78: Mountserat | D78: Out Ports | J78: =(E78*2240)+(F78*112)+(G78*28)+H78 -> 0 | L78: =J78/2240 -> 0
A79: 1748 | B79: Cocoa Paste | C79: Mountserat | D79: Out Ports | J79: =(E79*2240)+(F79*112)+(G79*28)+H79 -> 0 | L79: =J79/2240 -> 0
A80: 1748 | B80: Coffee | C80: Mountserat | D80: Out Ports | J80: =(E80*2240)+(F80*112)+(G80*28)+H80 -> 0 | L80: =J80/2240 -> 0
A81: 1748 | B81: Cortex Peru | C81: Mountserat | D81: Out Ports | J81: =(E81*2240)+(F81*112)+(G81*28)+H81 -> 0 | L81: =J81/2240 -> 0
A82: 1748 | B82: Cortex Winteranus | C82: Mountserat | D82: Out Ports | J82: =(E82*2240)+(F82*112)+(G82*28)+H82 -> 0 | L82: =J82/2240 -> 0
A83: 1748 | B83: Cotton | C83: Mountserat | D83: Out Ports | H83: =151*200 -> 30200 | I83: 151bags | J83: =(E83*2240)+(F83*112)+(G83*28)+H83 -> 30200 | L83: =J83/2240 -> 13.482143
A84: 1748 | B84: Dry Ginger | C84: Mountserat | D84: Out Ports | J84: =(E84*2240)+(F84*112)+(G84*28)+H84 -> 0 | L84: =J84/2240 -> 0
A85: 1748 | B85: Elephant Teeth | C85: Mountserat | D85: Out Ports | J85: =(E85*2240)+(F85*112)+(G85*28)+H85 -> 0 | L85: =J85/2240 -> 0
A86: 1748 | B86: Green Ginger | C86: Mountserat | D86: Out Ports | J86: =(E86*2240)+(F86*112)+(G86*28)+H86 -> 0 | L86: =J86/2240 -> 0
A87: 1748 | B87: Guinea Grains | C87: Mountserat | D87: Out Ports | J87: =(E87*2240)+(F87*112)+(G87*28)+H87 -> 0 | L87: =J87/2240 -> 0
A88: 1748 | B88: Gum Guiaci | C88: Mountserat | D88: Out Ports | J88: =(E88*2240)+(F88*112)+(G88*28)+H88 -> 0 | L88: =J88/2240 -> 0
A89: 1748 | B89: Hemp | C89: Mountserat | D89: Out Ports | J89: =(E89*2240)+(F89*112)+(G89*28)+H89 -> 0 | L89: =J89/2240 -> 0
A90: 1748 | B90: Hypococania | C90: Mountserat | D90: Out Ports | J90: =(E90*2240)+(F90*112)+(G90*28)+H90 -> 0 | L90: =J90/2240 -> 0
A91: 1748 | B91: Indigo | C91: Mountserat | D91: Out Ports | H91: 80 | J91: =(E91*2240)+(F91*112)+(G91*28)+H91 -> 80 | L91: =J91/2240 -> 0.035714286
A92: 1748 | B92: Jallop? | C92: Mountserat | D92: Out Ports | J92: =(E92*2240)+(F92*112)+(G92*28)+H92 -> 0 | L92: =J92/2240 -> 0
A93: 1748 | B93: Lemon Water | C93: Mountserat | D93: Out Ports | J93: =(E93*2240)+(F93*112)+(G93*28)+H93 -> 0 | L93: =J93/2240 -> 0
A94: 1748 | B94: Lignum Vitae | C94: Mountserat | D94: Out Ports | J94: =(E94*2240)+(F94*112)+(G94*28)+H94 -> 0 | L94: =J94/2240 -> 0
A95: 1748 | B95: Lime Juice | C95: Mountserat | D95: Out Ports | J95: =(E95*2240)+(F95*112)+(G95*28)+H95 -> 0 | L95: =J95/2240 -> 0
A96: 1748 | B96: Loaf Sugar | C96: Mountserat | D96: Out Ports | J96: =(E96*2240)+(F96*112)+(G96*28)+H96 -> 0 | L96: =J96/2240 -> 0
A97: 1748 | B97: Madera Wine | C97: Mountserat | D97: Out Ports | J97: =(E97*2240)+(F97*112)+(G97*28)+H97 -> 0 | L97: =J97/2240 -> 0
A98: 1748 | B98: Molasses | C98: Mountserat | D98: Out Ports | J98: =(E98*2240)+(F98*112)+(G98*28)+H98 -> 0 | L98: =J98/2240 -> 0
A99: 1748 | B99: Old Pewter | C99: Mountserat | D99: Out Ports | J99: =(E99*2240)+(F99*112)+(G99*28)+H99 -> 0 | L99: =J99/2240 -> 0
A100: 1748 | B100: Oranges | C100: Mountserat | D100: Out Ports | J100: =(E100*2240)+(F100*112)+(G100*28)+H100 -> 0 | L100: =J100/2240 -> 0
A101: 1748 | B101: Orchelia | C101: Mountserat | D101: Out Ports | J101: =(E101*2240)+(F101*112)+(G101*28)+H101 -> 0 | L101: =J101/2240 -> 0
A102: 1748 | B102: Pickles | C102: Mountserat | D102: Out Ports | J102: =(E102*2240)+(F102*112)+(G102*28)+H102 -> 0 | L102: =J102/2240 -> 0
A103: 1748 | B103: Pimento | C103: Mountserat | D103: Out Ports | J103: =(E103*2240)+(F103*112)+(G103*28)+H103 -> 0 | L103: =J103/2240 -> 0
A104: 1748 | B104: Rice | C104: Mountserat | D104: Out Ports | J104: =(E104*2240)+(F104*112)+(G104*28)+H104 -> 0 | L104: =J104/2240 -> 0
A105: 1748 | B105: Rum | C105: Mountserat | D105: Out Ports | H105: 46172 | I105: 4616g | J105: =(E105*2240)+(F105*112)+(G105*28)+H105 -> 46172 | L105: =J105/2240 -> 20.6125
A106: 1748 | B106: Sasparilla | C106: Mountserat | D106: Out Ports | J106: =(E106*2240)+(F106*112)+(G106*28)+H106 -> 0 | L106: =J106/2240 -> 0
A107: 1748 | B107: Saunders Yellow | C107: Mountserat | D107: Out Ports | J107: =(E107*2240)+(F107*112)+(G107*28)+H107 -> 0 | L107: =J107/2240 -> 0
A108: 1748 | B108: Shruff | C108: Mountserat | D108: Out Ports | J108: =(E108*2240)+(F108*112)+(G108*28)+H108 -> 0 | L108: =J108/2240 -> 0
A109: 1748 | B109: Snuff | C109: Mountserat | D109: Out Ports | J109: =(E109*2240)+(F109*112)+(G109*28)+H109 -> 0 | L109: =J109/2240 -> 0
A110: 1748 | B110: Smalts | C110: Mountserat | D110: Out Ports | J110: =(E110*2240)+(F110*112)+(G110*28)+H110 -> 0 | L110: =J110/2240 -> 0
...

Sheet Nevis
A1: YEAR | B1: COMMODITY_NAME | C1: FROM_LOCATION | D1: TO_LOCATION | E1: ton | F1: hh | G1: quarter | H1: lb | J1: Total Pounds | L1: WEIGHT
A2: 1748 | B2: Almonds, Bitter | C2: Nevis | D2: London | J2: =(E2*2240)+(F2*112)+(G2*28)+H2 -> 0 | L2: =J2/2240 -> 0
A3: 1748 | B3: Almonds, Sweet | C3: Nevis | D3: London | J3: =(E3*2240)+(F3*112)+(G3*28)+H3 -> 0 | L3: =J3/2240 -> 0
A4: 1748 | B4: Aloes Epatica | C4: Nevis | D4: London | J4: =(E4*2240)+(F4*112)+(G4*28)+H4 -> 0 | L4: =J4/2240 -> 0
A5: 1748 | B5: Annatto | C5: Nevis | D5: London | J5: =(E5*2240)+(F5*112)+(G5*28)+H5 -> 0 | L5: =J5/2240 -> 0
A6: 1748 | B6: Anniseeds | C6: Nevis | D6: London | J6: =(E6*2240)+(F6*112)+(G6*28)+H6 -> 0 | L6: =J6/2240 -> 0
A7: 1748 | B7: Bacon | C7: Nevis | D7: London | J7: =(E7*2240)+(F7*112)+(G7*28)+H7 -> 0 | L7: =J7/2240 -> 0
A8: 1748 | B8: Barrel Staves | C8: Nevis | D8: London | J8: =(E8*2240)+(F8*112)+(G8*28)+H8 -> 0 | L8: =J8/2240 -> 0
A9: 1748 | B9: Bay Berries | C9: Nevis | D9: London | J9: =(E9*2240)+(F9*112)+(G9*28)+H9 -> 0 | L9: =J9/2240 -> 0
A10: 1748 | B10: Bees Wax | C10: Nevis | D10: London | J10: =(E10*2240)+(F10*112)+(G10*28)+H10 -> 0 | L10: =J10/2240 -> 0
A11: 1748 | B11: Brimstone | C11: Nevis | D11: London | J11: =(E11*2240)+(F11*112)+(G11*28)+H11 -> 0 | L11: =J11/2240 -> 0
A12: 1748 | B12: Brown Sugar | C12: Nevis | D12: London | F12: 35382 | G12: 1 | H12: 12 | J12: =(E12*2240)+(F12*112)+(G12*28)+H12 -> 3962824 | L12: =J12/2240 -> 1769.1179
A13: 1748 | B13: Cascarilla | C13: Nevis | D13: London | J13: =(E13*2240)+(F13*112)+(G13*28)+H13 -> 0 | L13: =J13/2240 -> 0
A14: 1748 | B14: Cassia Fistula | C14: Nevis | D14: London | J14: =(E14*2240)+(F14*112)+(G14*28)+H14 -> 0 | L14: =J14/2240 -> 0
A15: 1748 | B15: Chocolate | C15: Nevis | D15: London | J15: =(E15*2240)+(F15*112)+(G15*28)+H15 -> 0 | L15: =J15/2240 -> 0
A16: 1748 | B16: Cocheneal | C16: Nevis | D16: London | J16: =(E16*2240)+(F16*112)+(G16*28)+H16 -> 0 | L16: =J16/2240 -> 0
A17: 1748 | B17: Cocoa Nuts | C17: Nevis | D17: London | J17: =(E17*2240)+(F17*112)+(G17*28)+H17 -> 0 | L17: =J17/2240 -> 0
A18: 1748 | B18: Cocoa Paste | C18: Nevis | D18: London | J18: =(E18*2240)+(F18*112)+(G18*28)+H18 -> 0 | L18: =J18/2240 -> 0
A19: 1748 | B19: Coffee | C19: Nevis | D19: London | J19: =(E19*2240)+(F19*112)+(G19*28)+H19 -> 0 | L19: =J19/2240 -> 0
A20: 1748 | B20: Cortex Peru | C20: Nevis | D20: London | J20: =(E20*2240)+(F20*112)+(G20*28)+H20 -> 0 | L20: =J20/2240 -> 0
A21: 1748 | B21: Cortex Winteranus | C21: Nevis | D21: London | J21: =(E21*2240)+(F21*112)+(G21*28)+H21 -> 0 | L21: =J21/2240 -> 0
A22: 1748 | B22: Cotton | C22: Nevis | D22: London | J22: =(E22*2240)+(F22*112)+(G22*28)+H22 -> 0 | L22: =J22/2240 -> 0
A23: 1748 | B23: Dry Ginger | C23: Nevis | D23: London | J23: =(E23*2240)+(F23*112)+(G23*28)+H23 -> 0 | L23: =J23/2240 -> 0
A24: 1748 | B24: Elephant Teeth | C24: Nevis | D24: London | F24: 3 | G24: 1 | H24: 20 | J24: =(E24*2240)+(F24*112)+(G24*28)+H24 -> 384 | L24: =J24/2240 -> 0.17142857
A25: 1748 | B25: Green Ginger | C25: Nevis | D25: London | H25: 27 | J25: =(E25*2240)+(F25*112)+(G25*28)+H25 -> 27 | L25: =J25/2240 -> 0.012053571
A26: 1748 | B26: Guinea Grains | C26: Nevis | D26: London | J26: =(E26*2240)+(F26*112)+(G26*28)+H26 -> 0 | L26: =J26/2240 -> 0
A27: 1748 | B27: Gum Guiaci | C27: Nevis | D27: London | J27: =(E27*2240)+(F27*112)+(G27*28)+H27 -> 0 | L27: =J27/2240 -> 0
A28: 1748 | B28: Hemp | C28: Nevis | D28: London | J28: =(E28*2240)+(F28*112)+(G28*28)+H28 -> 0 | L28: =J28/2240 -> 0
A29: 1748 | B29: Hypococania | C29: Nevis | D29: London | J29: =(E29*2240)+(F29*112)+(G29*28)+H29 -> 0 | L29: =J29/2240 -> 0
A30: 1748 | B30: Indigo | C30: Nevis | D30: London | H30: 1200 | J30: =(E30*2240)+(F30*112)+(G30*28)+H30 -> 1200 | L30: =J30/2240 -> 0.53571429
A31: 1748 | B31: Jallop? | C31: Nevis | D31: London | J31: =(E31*2240)+(F31*112)+(G31*28)+H31 -> 0 | L31: =J31/2240 -> 0
A32: 1748 | B32: Lemon Water | C32: Nevis | D32: London | J32: =(E32*2240)+(F32*112)+(G32*28)+H32 -> 0 | L32: =J32/2240 -> 0
A33: 1748 | B33: Lignum Vitae | C33: Nevis | D33: London | J33: =(E33*2240)+(F33*112)+(G33*28)+H33 -> 0 | L33: =J33/2240 -> 0
A34: 1748 | B34: Lime Juice | C34: Nevis | D34: London | J34: =(E34*2240)+(F34*112)+(G34*28)+H34 -> 0 | L34: =J34/2240 -> 0
A35: 1748 | B35: Loaf Sugar | C35: Nevis | D35: London | J35: =(E35*2240)+(F35*112)+(G35*28)+H35 -> 0 | L35: =J35/2240 -> 0
A36: 1748 | B36: Madera Wine | C36: Nevis | D36: London | H36: 1110.5 | I36: 1h 48g | J36: =(E36*2240)+(F36*112)+(G36*28)+H36 -> 1110.5 | L36: =J36/2240 -> 0.49575893
A37: 1748 | B37: Molasses | C37: Nevis | D37: London | F37: 9 | G37: 2 | J37: =(E37*2240)+(F37*112)+(G37*28)+H37 -> 1064 | L37: =J37/2240 -> 0.475
A38: 1748 | B38: Oranges | C38: Nevis | D38: London | J38: =(E38*2240)+(F38*112)+(G38*28)+H38 -> 0 | L38: =J38/2240 -> 0
A39: 1748 | B39: Orchelia | C39: Nevis | D39: London | J39: =(E39*2240)+(F39*112)+(G39*28)+H39 -> 0 | L39: =J39/2240 -> 0
A40: 1748 | B40: Pickles | C40: Nevis | D40: London | H40: 55 | I40: 5.5g | J40: =(E40*2240)+(F40*112)+(G40*28)+H40 -> 55 | L40: =J40/2240 -> 0.024553571
A41: 1748 | B41: Pimento | C41: Nevis | D41: London | H41: 14300 | J41: =(E41*2240)+(F41*112)+(G41*28)+H41 -> 14300 | L41: =J41/2240 -> 6.3839286
A42: 1748 | B42: Potatoes | C42: Nevis | D42: London | F42: 1 | H42: 14 | J42: =(E42*2240)+(F42*112)+(G42*28)+H42 -> 126 | L42: =J42/2240 -> 0.05625
A43: 1748 | B43: Rice | C43: Nevis | D43: London | J43: =(E43*2240)+(F43*112)+(G43*28)+H43 -> 0 | L43: =J43/2240 -> 0
A44: 1748 | B44: Rum | C44: Nevis | D44: London | H44: 23971 | I44: 2396.5g | J44: =(E44*2240)+(F44*112)+(G44*28)+H44 -> 23971 | L44: =J44/2240 -> 10.701339
A45: 1748 | B45: Sasparilla | C45: Nevis | D45: London | J45: =(E45*2240)+(F45*112)+(G45*28)+H45 -> 0 | L45: =J45/2240 -> 0
A46: 1748 | B46: Saunders Yellow | C46: Nevis | D46: London | J46: =(E46*2240)+(F46*112)+(G46*28)+H46 -> 0 | L46: =J46/2240 -> 0
A47: 1748 | B47: Shruff | C47: Nevis | D47: London | J47: =(E47*2240)+(F47*112)+(G47*28)+H47 -> 0 | L47: =J47/2240 -> 0
A48: 1748 | B48: Snuff | C48: Nevis | D48: London | J48: =(E48*2240)+(F48*112)+(G48*28)+H48 -> 0 | L48: =J48/2240 -> 0
A49: 1748 | B49: Smalts | C49: Nevis | D49: London | J49: =(E49*2240)+(F49*112)+(G49*28)+H49 -> 0 | L49: =J49/2240 -> 0
A50: 1748 | B50: Succads | C50: Nevis | D50: London | H50: 155 | J50: =(E50*2240)+(F50*112)+(G50*28)+H50 -> 155 | L50: =J50/2240 -> 0.069196429
A51: 1748 | B51: Tamarinds | C51: Nevis | D51: London | H51: 34 | J51: =(E51*2240)+(F51*112)+(G51*28)+H51 -> 34 | L51: =J51/2240 -> 0.015178571
A52: 1748 | B52: Tobacco | C52: Nevis | D52: London | J52: =(E52*2240)+(F52*112)+(G52*28)+H52 -> 0 | L52: =J52/2240 -> 0
A53: 1748 | B53: Tortoise Shell | C53: Nevis | D53: London | J53: =(E53*2240)+(F53*112)+(G53*28)+H53 -> 0 | L53: =J53/2240 -> 0
A54: 1748 | B54: White Sugar | C54: Nevis | D54: London | J54: =(E54*2240)+(F54*112)+(G54*28)+H54 -> 0 | L54: =J54/2240 -> 0
A55: 1748 | B55: Wood, Braziletto | C55: Nevis | D55: London | J55: =(E55*2240)+(F55*112)+(G55*28)+H55 -> 0 | L55: =J55/2240 -> 0
A56: 1748 | B56: Wood, Cocoa | C56: Nevis | D56: London | J56: =(E56*2240)+(F56*112)+(G56*28)+H56 -> 0 | L56: =J56/2240 -> 0
A57: 1748 | B57: Wood, Ebony | C57: Nevis | D57: London | J57: =(E57*2240)+(F57*112)+(G57*28)+H57 -> 0 | L57: =J57/2240 -> 0
A58: 1748 | B58: Wood, Fustick | C58: Nevis | D58: London | J58: =(E58*2240)+(F58*112)+(G58*28)+H58 -> 0 | L58: =J58/2240 -> 0
A59: 1748 | B59: Wood, Iron | C59: Nevis | D59: London | J59: =(E59*2240)+(F59*112)+(G59*28)+H59 -> 0 | L59: =J59/2240 -> 0
A60: 1748 | B60: Wood, Logwood | C60: Nevis | D60: London | J60: =(E60*2240)+(F60*112)+(G60*28)+H60 -> 0 | L60: =J60/2240 -> 0
A61: 1748 | B61: Wood, Mahogany | C61: Nevis | D61: London | J61: =(E61*2240)+(F61*112)+(G61*28)+H61 -> 0 | L61: =J61/2240 -> 0
A62: 1748 | B62: Wood, Nicaragua | C62: Nevis | D62: London | J62: =(E62*2240)+(F62*112)+(G62*28)+H62 -> 0 | L62: =J62/2240 -> 0
A63: 1748 | B63: Wood, Redwood | C63: Nevis | D63: London | J63: =(E63*2240)+(F63*112)+(G63*28)+H63 -> 0 | L63: =J63/2240 -> 0
... A74: 1748 | B74: Brimstone | C74: Nevis | D74: Out Ports | J74: =(E74*2240)+(F74*112)+(G74*28)+H74 -> 0 | L74: =J74/2240 -> 0
A75: 1748 | B75: Brown Sugar | C75: Nevis | D75: Out Ports | F75: 4852 | G75: 2 | J75: =(E75*2240)+(F75*112)+(G75*28)+H75 -> 543480 | L75: =J75/2240 -> 242.625
A76: 1748 | B76: Cassia Fistula | C76: Nevis | D76: Out Ports | J76: =(E76*2240)+(F76*112)+(G76*28)+H76 -> 0 | L76: =J76/2240 -> 0
A77: 1748 | B77: Chocolate | C77: Nevis | D77: Out Ports | J77: =(E77*2240)+(F77*112)+(G77*28)+H77 -> 0 | L77: =J77/2240 -> 0
A78: 1748 | B78: Cocheneal | C78: Nevis | D78: Out Ports | J78: =(E78*2240)+(F78*112)+(G78*28)+H78 -> 0 | L78: =J78/2240 -> 0
A79: 1748 | B79: Cocoa Nuts | C79: Nevis | D79: Out Ports | J79: =(E79*2240)+(F79*112)+(G79*28)+H79 -> 0 | L79: =J79/2240 -> 0
A80: 1748 | B80: Cocoa Paste | C80: Nevis | D80: Out Ports | J80: =(E80*2240)+(F80*112)+(G80*28)+H80 -> 0 | L80: =J80/2240 -> 0
A81: 1748 | B81: Coffee | C81: Nevis | D81: Out Ports | J81: =(E81*2240)+(F81*112)+(G81*28)+H81 -> 0 | L81: =J81/2240 -> 0
A82: 1748 | B82: Cortex Peru | C82: Nevis | D82: Out Ports | J82: =(E82*2240)+(F82*112)+(G82*28)+H82 -> 0 | L82: =J82/2240 -> 0
A83: 1748 | B83: Cortex Winteranus | C83: Nevis | D83: Out Ports | J83: =(E83*2240)+(F83*112)+(G83*28)+H83 -> 0 | L83: =J83/2240 -> 0
A84: 1748 | B84: Cotton | C84: Nevis | D84: Out Ports | H84: =14*200 -> 2800 | I84: 14bags | J84: =(E84*2240)+(F84*112)+(G84*28)+H84 -> 2800 | L84: =J84/2240 -> 1.25
A85: 1748 | B85: Dry Ginger | C85: Nevis | D85: Out Ports | J85: =(E85*2240)+(F85*112)+(G85*28)+H85 -> 0 | L85: =J85/2240 -> 0
A86: 1748 | B86: Elephant Teeth | C86: Nevis | D86: Out Ports | J86: =(E86*2240)+(F86*112)+(G86*28)+H86 -> 0 | L86: =J86/2240 -> 0
A87: 1748 | B87: Green Ginger | C87: Nevis | D87: Out Ports | J87: =(E87*2240)+(F87*112)+(G87*28)+H87 -> 0 | L87: =J87/2240 -> 0
A88: 1748 | B88: Guinea Grains | C88: Nevis | D88: Out Ports | J88: =(E88*2240)+(F88*112)+(G88*28)+H88 -> 0 | L88: =J88/2240 -> 0
A89: 1748 | B89: Gum Guiaci | C89: Nevis | D89: Out Ports | J89: =(E89*2240)+(F89*112)+(G89*28)+H89 -> 0 | L89: =J89/2240 -> 0
A90: 1748 | B90: Hemp | C90: Nevis | D90: Out Ports | J90: =(E90*2240)+(F90*112)+(G90*28)+H90 -> 0 | L90: =J90/2240 -> 0
A91: 1748 | B91: Hypococania | C91: Nevis | D91: Out Ports | J91: =(E91*2240)+(F91*112)+(G91*28)+H91 -> 0 | L91: =J91/2240 -> 0
A92: 1748 | B92: Indigo | C92: Nevis | D92: Out Ports | J92: =(E92*2240)+(F92*112)+(G92*28)+H92 -> 0 | L92: =J92/2240 -> 0
A93: 1748 | B93: Jallop? | C93: Nevis | D93: Out Ports | J93: =(E93*2240)+(F93*112)+(G93*28)+H93 -> 0 | L93: =J93/2240 -> 0
A94: 1748 | B94: Lemon Water | C94: Nevis | D94: Out Ports | J94: =(E94*2240)+(F94*112)+(G94*28)+H94 -> 0 | L94: =J94/2240 -> 0
A95: 1748 | B95: Lignum Vitae | C95: Nevis | D95: Out Ports | J95: =(E95*2240)+(F95*112)+(G95*28)+H95 -> 0 | L95: =J95/2240 -> 0
A96: 1748 | B96: Lime Juice | C96: Nevis | D96: Out Ports | J96: =(E96*2240)+(F96*112)+(G96*28)+H96 -> 0 | L96: =J96/2240 -> 0
... A105: 1748 | B105: Rice | C105: Nevis | D105: Out Ports | J105: =(E105*2240)+(F105*112)+(G105*28)+H105 -> 0 | L105: =J105/2240 -> 0
A106: 1748 | B106: Rum | C106: Nevis | D106: Out Ports | H106: 23056 | I106: 2305g | J106: =(E106*2240)+(F106*112)+(G106*28)+H106 -> 23056 | L106: =J106/2240 -> 10.292857
A107: 1748 | B107: Sasparilla | C107: Nevis | D107: Out Ports | J107: =(E107*2240)+(F107*112)+(G107*28)+H107 -> 0 | L107: =J107/2240 -> 0
A108: 1748 | B108: Saunders Yellow | C108: Nevis | D108: Out Ports | J108: =(E108*2240)+(F108*112)+(G108*28)+H108 -> 0 | L108: =J108/2240 -> 0
A109: 1748 | B109: Shruff | C109: Nevis | D109: Out Ports | F109: 1 | G109: 2 | J109: =(E109*2240)+(F109*112)+(G109*28)+H109 -> 168 | L109: =J109/2240 -> 0.075
A110: 1748 | B110: Snuff | C110: Nevis | D110: Out Ports | J110: =(E110*2240)+(F110*112)+(G110*28)+H110 -> 0 | L110: =J110/2240 -> 0
A111: 1748 | B111: Smalts | C111: Nevis | D111: Out Ports | J111: =(E111*2240)+(F111*112)+(G111*28)+H111 -> 0 | L111: =J111/2240 -> 0
A112: 1748 | B112: Succads | C112: Nevis | D112: Out Ports | J112: =(E112*2240)+(F112*112)+(G112*28)+H112 -> 0 | L112: =J112/2240 -> 0
A113: 1748 | B113: Tamarinds | C113: Nevis | D113: Out Ports | J113: =(E113*2240)+(F113*112)+(G113*28)+H113 -> 0 | L113: =J113/2240 -> 0
A114: 1748 | B114: Tobacco | C114: Nevis | D114: Out Ports | J114: =(E114*2240)+(F114*112)+(G114*28)+H114 -> 0 | L114: =J114/2240 -> 0
A115: 1748 | B115: Tortoise Shell | C115: Nevis | D115: Out Ports | J115: =(E115*2240)+(F115*112)+(G115*28)+H115 -> 0 | L115: =J115/2240 -> 0
A116: 1748 | B116: White Sugar | C116: Nevis | D116: Out Ports | J116: =(E116*2240)+(F116*112)+(G116*28)+H116 -> 0 | L116: =J116/2240 -> 0
A117: 1748 | B117: Wood, Braziletto | C117: Nevis | D117: Out Ports | J117: =(E117*2240)+(F117*112)+(G117*28)+H117 -> 0 | L117: =J117/2240 -> 0
A118: 1748 | B118: Wood, Cam | C118: Nevis | D118: Out Ports | J118: =(E118*2240)+(F118*112)+(G118*28)+H118 -> 0 | L118: =J118/2240 -> 0
...

Sheet St Kitts
A1: YEAR | B1: COMMODITY_NAME | C1: FROM_LOCATION | D1: TO_LOCATION | E1: ton | F1: hh | G1: quarter | H1: lb | J1: Total Pounds | L1: WEIGHT
A2: 1748 | B2: Almonds, Bitter | C2: StKitts | D2: London | J2: =(E2*2240)+(F2*112)+(G2*28)+H2 -> 0 | L2: =J2/2240 -> 0
A3: 1748 | B3: Almonds, Sweet | C3: StKitts | D3: London | J3: =(E3*2240)+(F3*112)+(G3*28)+H3 -> 0 | L3: =J3/2240 -> 0
A4: 1748 | B4: Aloes Epatica | C4: StKitts | D4: London | J4: =(E4*2240)+(F4*112)+(G4*28)+H4 -> 0 | L4: =J4/2240 -> 0
A5: 1748 | B5: Annatto | C5: StKitts | D5: London | J5: =(E5*2240)+(F5*112)+(G5*28)+H5 -> 0 | L5: =J5/2240 -> 0
A6: 1748 | B6: Anniseeds | C6: StKitts | D6: London | J6: =(E6*2240)+(F6*112)+(G6*28)+H6 -> 0 | L6: =J6/2240 -> 0
A7: 1748 | B7: Bacon | C7: StKitts | D7: London | J7: =(E7*2240)+(F7*112)+(G7*28)+H7 -> 0 | L7: =J7/2240 -> 0
A8: 1748 | B8: Barrel Staves | C8: StKitts | D8: London | J8: =(E8*2240)+(F8*112)+(G8*28)+H8 -> 0 | L8: =J8/2240 -> 0
A9: 1748 | B9: Bay Berries | C9: StKitts | D9: London | J9: =(E9*2240)+(F9*112)+(G9*28)+H9 -> 0 | L9: =J9/2240 -> 0
A10: 1748 | B10: Bees Wax | C10: StKitts | D10: London | J10: =(E10*2240)+(F10*112)+(G10*28)+H10 -> 0 | L10: =J10/2240 -> 0
A11: 1748 | B11: Brimstone | C11: StKitts | D11: London | J11: =(E11*2240)+(F11*112)+(G11*28)+H11 -> 0 | L11: =J11/2240 -> 0
A12: 1748 | B12: Brown Sugar | C12: StKitts | D12: London | F12: 157263 | G12: 1 | H12: 20 | J12: =(E12*2240)+(F12*112)+(G12*28)+H12 -> 17613504 | L12: =J12/2240 -> 7863.1714
A13: 1748 | B13: Cascarilla | C13: StKitts | D13: London | J13: =(E13*2240)+(F13*112)+(G13*28)+H13 -> 0 | L13: =J13/2240 -> 0
A14: 1748 | B14: Cassia Fistula | C14: StKitts | D14: London | J14: =(E14*2240)+(F14*112)+(G14*28)+H14 -> 0 | L14: =J14/2240 -> 0
A15: 1748 | B15: Chocolate | C15: StKitts | D15: London | J15: =(E15*2240)+(F15*112)+(G15*28)+H15 -> 0 | L15: =J15/2240 -> 0
A16: 1748 | B16: Cocheneal | C16: StKitts | D16: London | J16: =(E16*2240)+(F16*112)+(G16*28)+H16 -> 0 | L16: =J16/2240 -> 0
A17: 1748 | B17: Cocoa Nuts | C17: StKitts | D17: London | F17: 7 | H17: 5 | J17: =(E17*2240)+(F17*112)+(G17*28)+H17 -> 789 | L17: =J17/2240 -> 0.35223214
A18: 1748 | B18: Cocoa Paste | C18: StKitts | D18: London | J18: =(E18*2240)+(F18*112)+(G18*28)+H18 -> 0 | L18: =J18/2240 -> 0
A19: 1748 | B19: Coffee | C19: StKitts | D19: London | F19: 1 | H19: 8 | J19: =(E19*2240)+(F19*112)+(G19*28)+H19 -> 120 | L19: =J19/2240 -> 0.053571429
A20: 1748 | B20: Cortex Peru | C20: StKitts | D20: London | J20: =(E20*2240)+(F20*112)+(G20*28)+H20 -> 0 | L20: =J20/2240 -> 0
A21: 1748 | B21: Cortex Winteranus | C21: StKitts | D21: London | J21: =(E21*2240)+(F21*112)+(G21*28)+H21 -> 0 | L21: =J21/2240 -> 0
A22: 1748 | B22: Cotton | C22: StKitts | D22: London | H22: =386*200 -> 77200 | I22: 386bags | J22: =(E22*2240)+(F22*112)+(G22*28)+H22 -> 77200 | L22: =J22/2240 -> 34.464286
A23: 1748 | B23: Dry Ginger | C23: StKitts | D23: London | J23: =(E23*2240)+(F23*112)+(G23*28)+H23 -> 0 | L23: =J23/2240 -> 0
A24: 1748 | B24: Elephant Teeth | C24: StKitts | D24: London | F24: 18 | G24: 3 | H24: 10 | J24: =(E24*2240)+(F24*112)+(G24*28)+H24 -> 2110 | L24: =J24/2240 -> 0.94196429
A25: 1748 | B25: Green Ginger | C25: StKitts | D25: London | H25: 87 | J25: =(E25*2240)+(F25*112)+(G25*28)+H25 -> 87 | L25: =J25/2240 -> 0.038839286
A26: 1748 | B26: Guinea Grains | C26: StKitts | D26: London | J26: =(E26*2240)+(F26*112)+(G26*28)+H26 -> 0 | L26: =J26/2240 -> 0
A27: 1748 | B27: Gum Guiaci | C27: StKitts | D27: London | J27: =(E27*2240)+(F27*112)+(G27*28)+H27 -> 0 | L27: =J27/2240 -> 0
A28: 1748 | B28: Hemp | C28: StKitts | D28: London | J28: =(E28*2240)+(F28*112)+(G28*28)+H28 -> 0 | L28: =J28/2240 -> 0
A29: 1748 | B29: Hypococania | C29: StKitts | D29: London | J29: =(E29*2240)+(F29*112)+(G29*28)+H29 -> 0 | L29: =J29/2240 -> 0
A30: 1748 | B30: Indigo | C30: StKitts | D30: London | H30: 1700 | J30: =(E30*2240)+(F30*112)+(G30*28)+H30 -> 1700 | L30: =J30/2240 -> 0.75892857
A31: 1748 | B31: Jallop? | C31: StKitts | D31: London | J31: =(E31*2240)+(F31*112)+(G31*28)+H31 -> 0 | L31: =J31/2240 -> 0
A32: 1748 | B32: Lemon Water | C32: StKitts | D32: London | J32: =(E32*2240)+(F32*112)+(G32*28)+H32 -> 0 | L32: =J32/2240 -> 0
A33: 1748 | B33: Lignum Vitae | C33: StKitts | D33: London | E33: 49 | H33: 12 | J33: =(E33*2240)+(F33*112)+(G33*28)+H33 -> 109772 | L33: =J33/2240 -> 49.005357
A34: 1748 | B34: Lime Juice | C34: StKitts | D34: London | J34: =(E34*2240)+(F34*112)+(G34*28)+H34 -> 0 | L34: =J34/2240 -> 0
A35: 1748 | B35: Loaf Sugar | C35: StKitts | D35: London | J35: =(E35*2240)+(F35*112)+(G35*28)+H35 -> 0 | L35: =J35/2240 -> 0
A36: 1748 | B36: Madera Wine | C36: StKitts | D36: London | H36: 11853 | I36: 4t 2h 51g | J36: =(E36*2240)+(F36*112)+(G36*28)+H36 -> 11853 | L36: =J36/2240 -> 5.2915179
A37: 1748 | B37: Molasses | C37: StKitts | D37: London | F37: 3 | G37: 1 | H37: 14 | J37: =(E37*2240)+(F37*112)+(G37*28)+H37 -> 378 | L37: =J37/2240 -> 0.16875
A38: 1748 | B38: Oranges | C38: StKitts | D38: London | J38: =(E38*2240)+(F38*112)+(G38*28)+H38 -> 0 | L38: =J38/2240 -> 0
A39: 1748 | B39: Orchelia | C39: StKitts | D39: London | J39: =(E39*2240)+(F39*112)+(G39*28)+H39 -> 0 | L39: =J39/2240 -> 0
A40: 1748 | B40: Pickles | C40: StKitts | D40: London | H40: 55 | I40: 5.5g | J40: =(E40*2240)+(F40*112)+(G40*28)+H40 -> 55 | L40: =J40/2240 -> 0.024553571
A41: 1748 | B41: Pimento | C41: StKitts | D41: London | H41: 14 | J41: =(E41*2240)+(F41*112)+(G41*28)+H41 -> 14 | L41: =J41/2240 -> 0.00625
A42: 1748 | B42: Port | C42: StKitts | D42: London | H42: 1840.5 | I42: 2h 58g | J42: =(E42*2240)+(F42*112)+(G42*28)+H42 -> 1840.5 | L42: =J42/2240 -> 0.82165179
A43: 1748 | B43: Potatoes | C43: StKitts | D43: London | H43: 20 | J43: =(E43*2240)+(F43*112)+(G43*28)+H43 -> 20 | L43: =J43/2240 -> 0.0089285714
A44: 1748 | B44: Rice | C44: StKitts | D44: London | J44: =(E44*2240)+(F44*112)+(G44*28)+H44 -> 0 | L44: =J44/2240 -> 0
A45: 1748 | B45: Rum | C45: StKitts | D45: London | H45: 202432 | I45: 20238g | J45: =(E45*2240)+(F45*112)+(G45*28)+H45 -> 202432 | L45: =J45/2240 -> 90.371429
A46: 1748 | B46: Sasparilla | C46: StKitts | D46: London | J46: =(E46*2240)+(F46*112)+(G46*28)+H46 -> 0 | L46: =J46/2240 -> 0
A47: 1748 | B47: Saunders Yellow | C47: StKitts | D47: London | J47: =(E47*2240)+(F47*112)+(G47*28)+H47 -> 0 | L47: =J47/2240 -> 0
A48: 1748 | B48: Shruff | C48: StKitts | D48: London | J48: =(E48*2240)+(F48*112)+(G48*28)+H48 -> 0 | L48: =J48/2240 -> 0
A49: 1748 | B49: Snuff | C49: StKitts | D49: London | H49: 25 | J49: =(E49*2240)+(F49*112)+(G49*28)+H49 -> 25 | L49: =J49/2240 -> 0.011160714
A50: 1748 | B50: Smalts | C50: StKitts | D50: London | J50: =(E50*2240)+(F50*112)+(G50*28)+H50 -> 0 | L50: =J50/2240 -> 0
A51: 1748 | B51: Succads | C51: StKitts | D51: London | H51: 846 | J51: =(E51*2240)+(F51*112)+(G51*28)+H51 -> 846 | L51: =J51/2240 -> 0.37767857
A52: 1748 | B52: Tamarinds | C52: StKitts | D52: London | H52: 207 | J52: =(E52*2240)+(F52*112)+(G52*28)+H52 -> 207 | L52: =J52/2240 -> 0.092410714
A53: 1748 | B53: Tobacco | C53: StKitts | D53: London | H53: 300 | J53: =(E53*2240)+(F53*112)+(G53*28)+H53 -> 300 | L53: =J53/2240 -> 0.13392857
A54: 1748 | B54: Tortoise Shell | C54: StKitts | D54: London | J54: =(E54*2240)+(F54*112)+(G54*28)+H54 -> 0 | L54: =J54/2240 -> 0
A55: 1748 | B55: Whalefins | C55: StKitts | D55: London | F55: 9 | J55: =(E55*2240)+(F55*112)+(G55*28)+H55 -> 1008 | L55: =J55/2240 -> 0.45
A56: 1748 | B56: White Sugar | C56: StKitts | D56: London | J56: =(E56*2240)+(F56*112)+(G56*28)+H56 -> 0 | L56: =J56/2240 -> 0
A57: 1748 | B57: Wood, Braziletto | C57: StKitts | D57: London | J57: =(E57*2240)+(F57*112)+(G57*28)+H57 -> 0 | L57: =J57/2240 -> 0
A58: 1748 | B58: Wood, Cocoa | C58: StKitts | D58: London | J58: =(E58*2240)+(F58*112)+(G58*28)+H58 -> 0 | L58: =J58/2240 -> 0
A59: 1748 | B59: Wood, Ebony | C59: StKitts | D59: London | J59: =(E59*2240)+(F59*112)+(G59*28)+H59 -> 0 | L59: =J59/2240 -> 0
A60: 1748 | B60: Wood, Fustick | C60: StKitts | D60: London | E60: 78 | F60: 14 | J60: =(E60*2240)+(F60*112)+(G60*28)+H60 -> 176288 | L60: =J60/2240 -> 78.7
A61: 1748 | B61: Wood, Iron | C61: StKitts | D61: London | J61: =(E61*2240)+(F61*112)+(G61*28)+H61 -> 0 | L61: =J61/2240 -> 0
A62: 1748 | B62: Wood, Logwood | C62: StKitts | D62: London | J62: =(E62*2240)+(F62*112)+(G62*28)+H62 -> 0 | L62: =J62/2240 -> 0
A63: 1748 | B63: Wood, Mahogany | C63: StKitts | D63: London | J63: =(E63*2240)+(F63*112)+(G63*28)+H63 -> 0 | L63: =J63/2240 -> 0
A64: 1748 | B64: Wood, Nicaragua | C64: StKitts | D64: London | J64: =(E64*2240)+(F64*112)+(G64*28)+H64 -> 0 | L64: =J64/2240 -> 0
A65: 1748 | B65: Wood, Redwood | C65: StKitts | D65: London | E65: 15 | J65: =(E65*2240)+(F65*112)+(G65*28)+H65 -> 33600 | L65: =J65/2240 -> 15
A66: 1748 | B66: Wood, Sweetwood | C66: StKitts | D66: London | J66: =(E66*2240)+(F66*112)+(G66*28)+H66 -> 0 | L66: =J66/2240 -> 0
A67: 1748 | B67: Almonds, Bitter | C67: StKitts | D67: Out Ports | J67: =(E67*2240)+(F67*112)+(G67*28)+H67 -> 0 | L67: =J67/2240 -> 0
A68: 1748 | B68: Almonds, Sweet | C68: StKitts | D68: Out Ports | J68: =(E68*2240)+(F68*112)+(G68*28)+H68 -> 0 | L68: =J68/2240 -> 0
A69: 1748 | B69: Aloes Epatica | C69: StKitts | D69: Out Ports | J69: =(E69*2240)+(F69*112)+(G69*28)+H69 -> 0 | L69: =J69/2240 -> 0
A70: 1748 | B70: Annatto | C70: StKitts | D70: Out Ports | J70: =(E70*2240)+(F70*112)+(G70*28)+H70 -> 0 | L70: =J70/2240 -> 0
A71: 1748 | B71: Anniseeds | C71: StKitts | D71: Out Ports | J71: =(E71*2240)+(F71*112)+(G71*28)+H71 -> 0 | L71: =J71/2240 -> 0
A72: 1748 | B72: Bacon | C72: StKitts | D72: Out Ports | J72: =(E72*2240)+(F72*112)+(G72*28)+H72 -> 0 | L72: =J72/2240 -> 0
A73: 1748 | B73: Barrel Staves | C73: StKitts | D73: Out Ports | J73: =(E73*2240)+(F73*112)+(G73*28)+H73 -> 0 | L73: =J73/2240 -> 0
A74: 1748 | B74: Bay Berries | C74: StKitts | D74: Out Ports | J74: =(E74*2240)+(F74*112)+(G74*28)+H74 -> 0 | L74: =J74/2240 -> 0
A75: 1748 | B75: Bees Wax | C75: StKitts | D75: Out Ports | J75: =(E75*2240)+(F75*112)+(G75*28)+H75 -> 0 | L75: =J75/2240 -> 0
A76: 1748 | B76: Brimstone | C76: StKitts | D76: Out Ports | J76: =(E76*2240)+(F76*112)+(G76*28)+H76 -> 0 | L76: =J76/2240 -> 0
A77: 1748 | B77: Brown Sugar | C77: StKitts | D77: Out Ports | F77: 18534 | G77: 1 | H77: 21 | J77: =(E77*2240)+(F77*112)+(G77*28)+H77 -> 2075857 | L77: =J77/2240 -> 926.72187
A78: 1748 | B78: Cassia Fistula | C78: StKitts | D78: Out Ports | J78: =(E78*2240)+(F78*112)+(G78*28)+H78 -> 0 | L78: =J78/2240 -> 0
A79: 1748 | B79: Chocolate | C79: StKitts | D79: Out Ports | J79: =(E79*2240)+(F79*112)+(G79*28)+H79 -> 0 | L79: =J79/2240 -> 0
A80: 1748 | B80: Cocheneal | C80: StKitts | D80: Out Ports | J80: =(E80*2240)+(F80*112)+(G80*28)+H80 -> 0 | L80: =J80/2240 -> 0
A81: 1748 | B81: Cocoa Nuts | C81: StKitts | D81: Out Ports | J81: =(E81*2240)+(F81*112)+(G81*28)+H81 -> 0 | L81: =J81/2240 -> 0
A82: 1748 | B82: Cocoa Paste | C82: StKitts | D82: Out Ports | J82: =(E82*2240)+(F82*112)+(G82*28)+H82 -> 0 | L82: =J82/2240 -> 0
A83: 1748 | B83: Coffee | C83: StKitts | D83: Out Ports | J83: =(E83*2240)+(F83*112)+(G83*28)+H83 -> 0 | L83: =J83/2240 -> 0
A84: 1748 | B84: Cortex Peru | C84: StKitts | D84: Out Ports | J84: =(E84*2240)+(F84*112)+(G84*28)+H84 -> 0 | L84: =J84/2240 -> 0
A85: 1748 | B85: Cortex Winteranus | C85: StKitts | D85: Out Ports | J85: =(E85*2240)+(F85*112)+(G85*28)+H85 -> 0 | L85: =J85/2240 -> 0
A86: 1748 | B86: Cotton | C86: StKitts | D86: Out Ports | H86: =11032*200 -> 2206400 | I86: 11032bags | J86: =(E86*2240)+(F86*112)+(G86*28)+H86 -> 2206400 | L86: =J86/2240 -> 985
A87: 1748 | B87: Dry Ginger | C87: StKitts | D87: Out Ports | J87: =(E87*2240)+(F87*112)+(G87*28)+H87 -> 0 | L87: =J87/2240 -> 0
A88: 1748 | B88: Elephant Teeth | C88: StKitts | D88: Out Ports | F88: 81 | G88: 2 | H88: 27 | J88: =(E88*2240)+(F88*112)+(G88*28)+H88 -> 9155 | L88: =J88/2240 -> 4.0870536
A89: 1748 | B89: Green Ginger | C89: StKitts | D89: Out Ports | J89: =(E89*2240)+(F89*112)+(G89*28)+H89 -> 0 | L89: =J89/2240 -> 0
A90: 1748 | B90: Guinea Grains | C90: StKitts | D90: Out Ports | J90: =(E90*2240)+(F90*112)+(G90*28)+H90 -> 0 | L90: =J90/2240 -> 0
A91: 1748 | B91: Gum Guiaci | C91: StKitts | D91: Out Ports | J91: =(E91*2240)+(F91*112)+(G91*28)+H91 -> 0 | L91: =J91/2240 -> 0
A92: 1748 | B92: Hemp | C92: StKitts | D92: Out Ports | J92: =(E92*2240)+(F92*112)+(G92*28)+H92 -> 0 | L92: =J92/2240 -> 0
A93: 1748 | B93: Hypococania | C93: StKitts | D93: Out Ports | J93: =(E93*2240)+(F93*112)+(G93*28)+H93 -> 0 | L93: =J93/2240 -> 0
A94: 1748 | B94: Indigo | C94: StKitts | D94: Out Ports | J94: =(E94*2240)+(F94*112)+(G94*28)+H94 -> 0 | L94: =J94/2240 -> 0
A95: 1748 | B95: Jallop? | C95: StKitts | D95: Out Ports | J95: =(E95*2240)+(F95*112)+(G95*28)+H95 -> 0 | L95: =J95/2240 -> 0
A96: 1748 | B96: Lemon Water | C96: StKitts | D96: Out Ports | J96: =(E96*2240)+(F96*112)+(G96*28)+H96 -> 0 | L96: =J96/2240 -> 0
A97: 1748 | B97: Lignum Vitae | C97: StKitts | D97: Out Ports | J97: =(E97*2240)+(F97*112)+(G97*28)+H97 -> 0 | L97: =J97/2240 -> 0
A98: 1748 | B98: Lime Juice | C98: StKitts | D98: Out Ports | J98: =(E98*2240)+(F98*112)+(G98*28)+H98 -> 0 | L98: =J98/2240 -> 0
A99: 1748 | B99: Loaf Sugar | C99: StKitts | D99: Out Ports | J99: =(E99*2240)+(F99*112)+(G99*28)+H99 -> 0 | L99: =J99/2240 -> 0
A100: 1748 | B100: Madera Wine | C100: StKitts | D100: Out Ports | H100: 2220.5 | I100: 3h 33g | J100: =(E100*2240)+(F100*112)+(G100*28)+H100 -> 2220.5 | L100: =J100/2240 -> 0.99129464
...

Sheet Tortola
A1: YEAR | B1: COMMODITY_NAME | C1: FROM_LOCATION | D1: TO_LOCATION | E1: ton | F1: hh | G1: quarter | H1: lb | J1: Total Pounds | L1: WEIGHT
A2: 1748 | B2: Almonds, Bitter | C2: Tortola | D2: London | J2: =(E2*2240)+(F2*112)+(G2*28)+H2 -> 0 | L2: =J2/2240 -> 0
A3: 1748 | B3: Almonds, Sweet | C3: Tortola | D3: London | J3: =(E3*2240)+(F3*112)+(G3*28)+H3 -> 0 | L3: =J3/2240 -> 0
A4: 1748 | B4: Aloes Epatica | C4: Tortola | D4: London | J4: =(E4*2240)+(F4*112)+(G4*28)+H4 -> 0 | L4: =J4/2240 -> 0
A5: 1748 | B5: Annatto | C5: Tortola | D5: London | J5: =(E5*2240)+(F5*112)+(G5*28)+H5 -> 0 | L5: =J5/2240 -> 0
A6: 1748 | B6: Anniseeds | C6: Tortola | D6: London | J6: =(E6*2240)+(F6*112)+(G6*28)+H6 -> 0 | L6: =J6/2240 -> 0
A7: 1748 | B7: Bacon | C7: Tortola | D7: London | J7: =(E7*2240)+(F7*112)+(G7*28)+H7 -> 0 | L7: =J7/2240 -> 0
A8: 1748 | B8: Barrel Staves | C8: Tortola | D8: London | J8: =(E8*2240)+(F8*112)+(G8*28)+H8 -> 0 | L8: =J8/2240 -> 0
A9: 1748 | B9: Bay Berries | C9: Tortola | D9: London | J9: =(E9*2240)+(F9*112)+(G9*28)+H9 -> 0 | L9: =J9/2240 -> 0
A10: 1748 | B10: Bees Wax | C10: Tortola | D10: London | J10: =(E10*2240)+(F10*112)+(G10*28)+H10 -> 0 | L10: =J10/2240 -> 0
A11: 1748 | B11: Brimstone | C11: Tortola | D11: London | J11: =(E11*2240)+(F11*112)+(G11*28)+H11 -> 0 | L11: =J11/2240 -> 0
A12: 1748 | B12: Brown Sugar | C12: Tortola | D12: London | F12: 1475 | G12: 1 | J12: =(E12*2240)+(F12*112)+(G12*28)+H12 -> 165228 | L12: =J12/2240 -> 73.7625
A13: 1748 | B13: Cascarilla | C13: Tortola | D13: London | J13: =(E13*2240)+(F13*112)+(G13*28)+H13 -> 0 | L13: =J13/2240 -> 0
A14: 1748 | B14: Cassia Fistula | C14: Tortola | D14: London | J14: =(E14*2240)+(F14*112)+(G14*28)+H14 -> 0 | L14: =J14/2240 -> 0
A15: 1748 | B15: Chocolate | C15: Tortola | D15: London | J15: =(E15*2240)+(F15*112)+(G15*28)+H15 -> 0 | L15: =J15/2240 -> 0
A16: 1748 | B16: Cocheneal | C16: Tortola | D16: London | J16: =(E16*2240)+(F16*112)+(G16*28)+H16 -> 0 | L16: =J16/2240 -> 0
A17: 1748 | B17: Cocoa Nuts | C17: Tortola | D17: London | J17: =(E17*2240)+(F17*112)+(G17*28)+H17 -> 0 | L17: =J17/2240 -> 0
A18: 1748 | B18: Cocoa Paste | C18: Tortola | D18: London | J18: =(E18*2240)+(F18*112)+(G18*28)+H18 -> 0 | L18: =J18/2240 -> 0
A19: 1748 | B19: Coffee | C19: Tortola | D19: London | J19: =(E19*2240)+(F19*112)+(G19*28)+H19 -> 0 | L19: =J19/2240 -> 0
A20: 1748 | B20: Cortex Peru | C20: Tortola | D20: London | J20: =(E20*2240)+(F20*112)+(G20*28)+H20 -> 0 | L20: =J20/2240 -> 0
A21: 1748 | B21: Cortex Winteranus | C21: Tortola | D21: London | J21: =(E21*2240)+(F21*112)+(G21*28)+H21 -> 0 | L21: =J21/2240 -> 0
A22: 1748 | B22: Cotton | C22: Tortola | D22: London | H22: =575*200 -> 115000 | I22: 575bags | J22: =(E22*2240)+(F22*112)+(G22*28)+H22 -> 115000 | L22: =J22/2240 -> 51.339286
A23: 1748 | B23: Dry Ginger | C23: Tortola | D23: London | J23: =(E23*2240)+(F23*112)+(G23*28)+H23 -> 0 | L23: =J23/2240 -> 0
A24: 1748 | B24: Elephant Teeth | C24: Tortola | D24: London | J24: =(E24*2240)+(F24*112)+(G24*28)+H24 -> 0 | L24: =J24/2240 -> 0
A25: 1748 | B25: Green Ginger | C25: Tortola | D25: London | J25: =(E25*2240)+(F25*112)+(G25*28)+H25 -> 0 | L25: =J25/2240 -> 0
A26: 1748 | B26: Guinea Grains | C26: Tortola | D26: London | J26: =(E26*2240)+(F26*112)+(G26*28)+H26 -> 0 | L26: =J26/2240 -> 0
A27: 1748 | B27: Gum Guiaci | C27: Tortola | D27: London | J27: =(E27*2240)+(F27*112)+(G27*28)+H27 -> 0 | L27: =J27/2240 -> 0
A28: 1748 | B28: Hemp | C28: Tortola | D28: London | J28: =(E28*2240)+(F28*112)+(G28*28)+H28 -> 0 | L28: =J28/2240 -> 0
A29: 1748 | B29: Hypococania | C29: Tortola | D29: London | J29: =(E29*2240)+(F29*112)+(G29*28)+H29 -> 0 | L29: =J29/2240 -> 0
A30: 1748 | B30: Indigo | C30: Tortola | D30: London | J30: =(E30*2240)+(F30*112)+(G30*28)+H30 -> 0 | L30: =J30/2240 -> 0
A31: 1748 | B31: Jallop? | C31: Tortola | D31: London | J31: =(E31*2240)+(F31*112)+(G31*28)+H31 -> 0 | L31: =J31/2240 -> 0
A32: 1748 | B32: Lemon Water | C32: Tortola | D32: London | J32: =(E32*2240)+(F32*112)+(G32*28)+H32 -> 0 | L32: =J32/2240 -> 0
A33: 1748 | B33: Lignum Vitae | C33: Tortola | D33: London | J33: =(E33*2240)+(F33*112)+(G33*28)+H33 -> 0 | L33: =J33/2240 -> 0
A34: 1748 | B34: Lime Juice | C34: Tortola | D34: London | J34: =(E34*2240)+(F34*112)+(G34*28)+H34 -> 0 | L34: =J34/2240 -> 0
... A51: 1748 | B51: Tobacco | C51: Tortola | D51: London | J51: =(E51*2240)+(F51*112)+(G51*28)+H51 -> 0 | L51: =J51/2240 -> 0
A52: 1748 | B52: Tortoise Shell | C52: Tortola | D52: London | H52: 10 | J52: =(E52*2240)+(F52*112)+(G52*28)+H52 -> 10 | L52: =J52/2240 -> 0.0044642857
A53: 1748 | B53: White Sugar | C53: Tortola | D53: London | J53: =(E53*2240)+(F53*112)+(G53*28)+H53 -> 0 | L53: =J53/2240 -> 0
A54: 1748 | B54: Wood, Braziletto | C54: Tortola | D54: London | J54: =(E54*2240)+(F54*112)+(G54*28)+H54 -> 0 | L54: =J54/2240 -> 0
A55: 1748 | B55: Wood, Cocoa | C55: Tortola | D55: London | J55: =(E55*2240)+(F55*112)+(G55*28)+H55 -> 0 | L55: =J55/2240 -> 0
A56: 1748 | B56: Wood, Ebony | C56: Tortola | D56: London | J56: =(E56*2240)+(F56*112)+(G56*28)+H56 -> 0 | L56: =J56/2240 -> 0
A57: 1748 | B57: Wood, Fustick | C57: Tortola | D57: London | E57: 19 | J57: =(E57*2240)+(F57*112)+(G57*28)+H57 -> 42560 | L57: =J57/2240 -> 19
A58: 1748 | B58: Wood, Iron | C58: Tortola | D58: London | J58: =(E58*2240)+(F58*112)+(G58*28)+H58 -> 0 | L58: =J58/2240 -> 0
A59: 1748 | B59: Wood, Logwood | C59: Tortola | D59: London | J59: =(E59*2240)+(F59*112)+(G59*28)+H59 -> 0 | L59: =J59/2240 -> 0
A60: 1748 | B60: Wood, Mahogany | C60: Tortola | D60: London | J60: =(E60*2240)+(F60*112)+(G60*28)+H60 -> 0 | L60: =J60/2240 -> 0
A61: 1748 | B61: Wood, Nicaragua | C61: Tortola | D61: London | J61: =(E61*2240)+(F61*112)+(G61*28)+H61 -> 0 | L61: =J61/2240 -> 0
A62: 1748 | B62: Wood, Redwood | C62: Tortola | D62: London | J62: =(E62*2240)+(F62*112)+(G62*28)+H62 -> 0 | L62: =J62/2240 -> 0
A63: 1748 | B63: Wood, Sweetwood | C63: Tortola | D63: London | J63: =(E63*2240)+(F63*112)+(G63*28)+H63 -> 0 | L63: =J63/2240 -> 0
A64: 1748 | B64: Almonds, Bitter | C64: Tortola | D64: Out Ports | J64: =(E64*2240)+(F64*112)+(G64*28)+H64 -> 0 | L64: =J64/2240 -> 0
A65: 1748 | B65: Almonds, Sweet | C65: Tortola | D65: Out Ports | J65: =(E65*2240)+(F65*112)+(G65*28)+H65 -> 0 | L65: =J65/2240 -> 0
A66: 1748 | B66: Aloes Epatica | C66: Tortola | D66: Out Ports | J66: =(E66*2240)+(F66*112)+(G66*28)+H66 -> 0 | L66: =J66/2240 -> 0
A67: 1748 | B67: Annatto | C67: Tortola | D67: Out Ports | J67: =(E67*2240)+(F67*112)+(G67*28)+H67 -> 0 | L67: =J67/2240 -> 0
A68: 1748 | B68: Anniseeds | C68: Tortola | D68: Out Ports | J68: =(E68*2240)+(F68*112)+(G68*28)+H68 -> 0 | L68: =J68/2240 -> 0
A69: 1748 | B69: Bacon | C69: Tortola | D69: Out Ports | J69: =(E69*2240)+(F69*112)+(G69*28)+H69 -> 0 | L69: =J69/2240 -> 0
... A126: 1748 | B126: Wood, Sweetwood | C126: Tortola | D126: Out Ports | J126: =(E126*2240)+(F126*112)+(G126*28)+H126 -> 0 | L126: =J126/2240 -> 0

Sheet WestIndiesGeneral
A1: YEAR | B1: COMMODITY_NAME | C1: FROM_LOCATION | D1: TO_LOCATION | E1: ton | F1: hh | G1: quarter | H1: lb | J1: Total Pounds | L1: WEIGHT
A2: 1748 | B2: Almonds, Bitter | C2: WestIndiesGeneral | D2: London | J2: =(E2*2240)+(F2*112)+(G2*28)+H2 -> 0 | L2: =J2/2240 -> 0
A3: 1748 | B3: Almonds, Sweet | C3: WestIndiesGeneral | D3: London | J3: =(E3*2240)+(F3*112)+(G3*28)+H3 -> 0 | L3: =J3/2240 -> 0
A4: 1748 | B4: Aloes Epatica | C4: WestIndiesGeneral | D4: London | J4: =(E4*2240)+(F4*112)+(G4*28)+H4 -> 0 | L4: =J4/2240 -> 0
A5: 1748 | B5: Annatto | C5: WestIndiesGeneral | D5: London | J5: =(E5*2240)+(F5*112)+(G5*28)+H5 -> 0 | L5: =J5/2240 -> 0
A6: 1748 | B6: Anniseeds | C6: WestIndiesGeneral | D6: London | J6: =(E6*2240)+(F6*112)+(G6*28)+H6 -> 0 | L6: =J6/2240 -> 0
A7: 1748 | B7: Bacon | C7: WestIndiesGeneral | D7: London | J7: =(E7*2240)+(F7*112)+(G7*28)+H7 -> 0 | L7: =J7/2240 -> 0
A8: 1748 | B8: Barrel Staves | C8: WestIndiesGeneral | D8: London | J8: =(E8*2240)+(F8*112)+(G8*28)+H8 -> 0 | L8: =J8/2240 -> 0
A9: 1748 | B9: Bay Berries | C9: WestIndiesGeneral | D9: London | J9: =(E9*2240)+(F9*112)+(G9*28)+H9 -> 0 | L9: =J9/2240 -> 0
A10: 1748 | B10: Beaver Skins | C10: WestIndiesGeneral | D10: London | J10: =(E10*2240)+(F10*112)+(G10*28)+H10 -> 0 | L10: =J10/2240 -> 0
A11: 1748 | B11: Bees Wax | C11: WestIndiesGeneral | D11: London | J11: =(E11*2240)+(F11*112)+(G11*28)+H11 -> 0 | L11: =J11/2240 -> 0
A12: 1748 | B12: Brimstone | C12: WestIndiesGeneral | D12: London | J12: =(E12*2240)+(F12*112)+(G12*28)+H12 -> 0 | L12: =J12/2240 -> 0
A13: 1748 | B13: Brown Sugar | C13: WestIndiesGeneral | D13: London | F13: 1149 | G13: 2 | J13: =(E13*2240)+(F13*112)+(G13*28)+H13 -> 128744 | L13: =J13/2240 -> 57.475
A14: 1748 | B14: Cascarilla | C14: WestIndiesGeneral | D14: London | J14: =(E14*2240)+(F14*112)+(G14*28)+H14 -> 0 | L14: =J14/2240 -> 0
A15: 1748 | B15: Cassia Fistula | C15: WestIndiesGeneral | D15: London | J15: =(E15*2240)+(F15*112)+(G15*28)+H15 -> 0 | L15: =J15/2240 -> 0
A16: 1748 | B16: Chocolate | C16: WestIndiesGeneral | D16: London | J16: =(E16*2240)+(F16*112)+(G16*28)+H16 -> 0 | L16: =J16/2240 -> 0
A17: 1748 | B17: Cocheneal | C17: WestIndiesGeneral | D17: London | J17: =(E17*2240)+(F17*112)+(G17*28)+H17 -> 0 | L17: =J17/2240 -> 0
A18: 1748 | B18: Cocoa Nuts | C18: WestIndiesGeneral | D18: London | F18: 20 | J18: =(E18*2240)+(F18*112)+(G18*28)+H18 -> 2240 | L18: =J18/2240 -> 1
A19: 1748 | B19: Cocoa Paste | C19: WestIndiesGeneral | D19: London | J19: =(E19*2240)+(F19*112)+(G19*28)+H19 -> 0 | L19: =J19/2240 -> 0
A20: 1748 | B20: Coffee | C20: WestIndiesGeneral | D20: London | J20: =(E20*2240)+(F20*112)+(G20*28)+H20 -> 0 | L20: =J20/2240 -> 0
A21: 1748 | B21: Cortex Peru | C21: WestIndiesGeneral | D21: London | J21: =(E21*2240)+(F21*112)+(G21*28)+H21 -> 0 | L21: =J21/2240 -> 0
A22: 1748 | B22: Cortex Winteranus | C22: WestIndiesGeneral | D22: London | J22: =(E22*2240)+(F22*112)+(G22*28)+H22 -> 0 | L22: =J22/2240 -> 0
A23: 1748 | B23: Cotton | C23: WestIndiesGeneral | D23: London | H23: =378.5*200 -> 75700 | I23: 378.5bags | J23: =(E23*2240)+(F23*112)+(G23*28)+H23 -> 75700 | L23: =J23/2240 -> 33.794643
A24: 1748 | B24: Dry Ginger | C24: WestIndiesGeneral | D24: London | J24: =(E24*2240)+(F24*112)+(G24*28)+H24 -> 0 | L24: =J24/2240 -> 0
A25: 1748 | B25: Elephant Teeth | C25: WestIndiesGeneral | D25: London | F25: 60 | G25: 3 | J25: =(E25*2240)+(F25*112)+(G25*28)+H25 -> 6804 | L25: =J25/2240 -> 3.0375
A26: 1748 | B26: Green Ginger | C26: WestIndiesGeneral | D26: London | J26: =(E26*2240)+(F26*112)+(G26*28)+H26 -> 0 | L26: =J26/2240 -> 0
A27: 1748 | B27: Guinea Grains | C27: WestIndiesGeneral | D27: London | J27: =(E27*2240)+(F27*112)+(G27*28)+H27 -> 0 | L27: =J27/2240 -> 0
A28: 1748 | B28: Gum Guiaci | C28: WestIndiesGeneral | D28: London | J28: =(E28*2240)+(F28*112)+(G28*28)+H28 -> 0 | L28: =J28/2240 -> 0
A29: 1748 | B29: Hemp | C29: WestIndiesGeneral | D29: London | J29: =(E29*2240)+(F29*112)+(G29*28)+H29 -> 0 | L29: =J29/2240 -> 0
A30: 1748 | B30: Hypococania | C30: WestIndiesGeneral | D30: London | J30: =(E30*2240)+(F30*112)+(G30*28)+H30 -> 0 | L30: =J30/2240 -> 0
A31: 1748 | B31: Indigo | C31: WestIndiesGeneral | D31: London | J31: =(E31*2240)+(F31*112)+(G31*28)+H31 -> 0 | L31: =J31/2240 -> 0
A32: 1748 | B32: Jallop? | C32: WestIndiesGeneral | D32: London | J32: =(E32*2240)+(F32*112)+(G32*28)+H32 -> 0 | L32: =J32/2240 -> 0
A33: 1748 | B33: Lemon Water | C33: WestIndiesGeneral | D33: London | J33: =(E33*2240)+(F33*112)+(G33*28)+H33 -> 0 | L33: =J33/2240 -> 0
A34: 1748 | B34: Lignum Vitae | C34: WestIndiesGeneral | D34: London | E34: 4 | J34: =(E34*2240)+(F34*112)+(G34*28)+H34 -> 8960 | L34: =J34/2240 -> 4
A35: 1748 | B35: Lime Juice | C35: WestIndiesGeneral | D35: London | J35: =(E35*2240)+(F35*112)+(G35*28)+H35 -> 0 | L35: =J35/2240 -> 0
A36: 1748 | B36: Loaf Sugar | C36: WestIndiesGeneral | D36: London | J36: =(E36*2240)+(F36*112)+(G36*28)+H36 -> 0 | L36: =J36/2240 -> 0
A37: 1748 | B37: Madera Wine | C37: WestIndiesGeneral | D37: London | J37: =(E37*2240)+(F37*112)+(G37*28)+H37 -> 0 | L37: =J37/2240 -> 0
A38: 1748 | B38: Molasses | C38: WestIndiesGeneral | D38: London | J38: =(E38*2240)+(F38*112)+(G38*28)+H38 -> 0 | L38: =J38/2240 -> 0
A39: 1748 | B39: Oranges | C39: WestIndiesGeneral | D39: London | J39: =(E39*2240)+(F39*112)+(G39*28)+H39 -> 0 | L39: =J39/2240 -> 0
A40: 1748 | B40: Orchelia | C40: WestIndiesGeneral | D40: London | J40: =(E40*2240)+(F40*112)+(G40*28)+H40 -> 0 | L40: =J40/2240 -> 0
A41: 1748 | B41: Pickles | C41: WestIndiesGeneral | D41: London | J41: =(E41*2240)+(F41*112)+(G41*28)+H41 -> 0 | L41: =J41/2240 -> 0
A42: 1748 | B42: Pimento | C42: WestIndiesGeneral | D42: London | J42: =(E42*2240)+(F42*112)+(G42*28)+H42 -> 0 | L42: =J42/2240 -> 0
A43: 1748 | B43: Rice | C43: WestIndiesGeneral | D43: London | J43: =(E43*2240)+(F43*112)+(G43*28)+H43 -> 0 | L43: =J43/2240 -> 0
A44: 1748 | B44: Rum | C44: WestIndiesGeneral | D44: London | I44: 606g | J44: =(E44*2240)+(F44*112)+(G44*28)+H44 -> 0 | L44: =J44/2240 -> 0
A45: 1748 | B45: Sasparilla | C45: WestIndiesGeneral | D45: London | J45: =(E45*2240)+(F45*112)+(G45*28)+H45 -> 0 | L45: =J45/2240 -> 0
A46: 1748 | B46: Saunders Yellow | C46: WestIndiesGeneral | D46: London | J46: =(E46*2240)+(F46*112)+(G46*28)+H46 -> 0 | L46: =J46/2240 -> 0
A47: 1748 | B47: Shruff | C47: WestIndiesGeneral | D47: London | J47: =(E47*2240)+(F47*112)+(G47*28)+H47 -> 0 | L47: =J47/2240 -> 0
A48: 1748 | B48: Snuff | C48: WestIndiesGeneral | D48: London | J48: =(E48*2240)+(F48*112)+(G48*28)+H48 -> 0 | L48: =J48/2240 -> 0
A49: 1748 | B49: Smalts | C49: WestIndiesGeneral | D49: London | J49: =(E49*2240)+(F49*112)+(G49*28)+H49 -> 0 | L49: =J49/2240 -> 0
A50: 1748 | B50: Succads | C50: WestIndiesGeneral | D50: London | J50: =(E50*2240)+(F50*112)+(G50*28)+H50 -> 0 | L50: =J50/2240 -> 0
A51: 1748 | B51: Tamarinds | C51: WestIndiesGeneral | D51: London | H51: 224 | J51: =(E51*2240)+(F51*112)+(G51*28)+H51 -> 224 | L51: =J51/2240 -> 0.1
A52: 1748 | B52: Tobacco | C52: WestIndiesGeneral | D52: London | J52: =(E52*2240)+(F52*112)+(G52*28)+H52 -> 0 | L52: =J52/2240 -> 0
A53: 1748 | B53: Tortoise Shell | C53: WestIndiesGeneral | D53: London | H53: 60 | J53: =(E53*2240)+(F53*112)+(G53*28)+H53 -> 60 | L53: =J53/2240 -> 0.026785714
A54: 1748 | B54: Turpentine | C54: WestIndiesGeneral | D54: London | J54: =(E54*2240)+(F54*112)+(G54*28)+H54 -> 0 | L54: =J54/2240 -> 0
A55: 1748 | B55: White Sugar | C55: WestIndiesGeneral | D55: London | J55: =(E55*2240)+(F55*112)+(G55*28)+H55 -> 0 | L55: =J55/2240 -> 0
A56: 1748 | B56: Wood, Braziletto | C56: WestIndiesGeneral | D56: London | J56: =(E56*2240)+(F56*112)+(G56*28)+H56 -> 0 | L56: =J56/2240 -> 0
A57: 1748 | B57: Wood, Cocus | C57: WestIndiesGeneral | D57: London | J57: =(E57*2240)+(F57*112)+(G57*28)+H57 -> 0 | L57: =J57/2240 -> 0
A58: 1748 | B58: Wood, Ebony | C58: WestIndiesGeneral | D58: London | J58: =(E58*2240)+(F58*112)+(G58*28)+H58 -> 0 | L58: =J58/2240 -> 0
A59: 1748 | B59: Wood, Fustick | C59: WestIndiesGeneral | D59: London | J59: =(E59*2240)+(F59*112)+(G59*28)+H59 -> 0 | L59: =J59/2240 -> 0
A60: 1748 | B60: Wood, Iron | C60: WestIndiesGeneral | D60: London | J60: =(E60*2240)+(F60*112)+(G60*28)+H60 -> 0 | L60: =J60/2240 -> 0
A61: 1748 | B61: Wood, Logwood | C61: WestIndiesGeneral | D61: London | J61: =(E61*2240)+(F61*112)+(G61*28)+H61 -> 0 | L61: =J61/2240 -> 0
A62: 1748 | B62: Wood, Mahogany | C62: WestIndiesGeneral | D62: London | J62: =(E62*2240)+(F62*112)+(G62*28)+H62 -> 0 | L62: =J62/2240 -> 0
A63: 1748 | B63: Wood, Nicaragua | C63: WestIndiesGeneral | D63: London | J63: =(E63*2240)+(F63*112)+(G63*28)+H63 -> 0 | L63: =J63/2240 -> 0
A64: 1748 | B64: Wood, Redwood | C64: WestIndiesGeneral | D64: London | J64: =(E64*2240)+(F64*112)+(G64*28)+H64 -> 0 | L64: =J64/2240 -> 0
A65: 1748 | B65: Wood, Sweetwood | C65: WestIndiesGeneral | D65: London | J65: =(E65*2240)+(F65*112)+(G65*28)+H65 -> 0 | L65: =J65/2240 -> 0
... A128: 1748 | B128: Wood, Sweetwood | C128: WestIndiesGeneral | D128: Out Ports | J128: =(E128*2240)+(F128*112)+(G128*28)+H128 -> 0 | L128: =J128/2240 -> 0
