Workbook

Sheet Master Goods Sheet
A1: Item | B1: Total London | C1: Total Outports | D1: Total | H1: COMMODITY_NAME
A2: Almonds, Bitter | B2: =SUMIFS(Antigua!$L:$L, Antigua!$B:$B, $A2, Antigua!$D:$D, "London") + SUMIFS(Barbados!$L:$L, Barbados!$B:$B, $A2, Barbados!$D:$D, "London") + SUMIFS(Bermuda!$L:$L, Bermuda!$B:$B, $A2, Bermuda!$D:$D, "London") + SUMIFS(Jamaica!$L:$L, Jamaica!$B:$B, $A2, Jamaica!$D:$D, "London") + SUMIFS(Mountserat!$L:$L, Mountserat!$B:$B, $A2, Mountserat!$D:$D, "London") + SUMIFS(Nevis!$L:$L, Nevis!$B:$B, $A2, Nevis!$D:$D, "London") + SUMIFS('St Kitts'!$L:$L, 'St Kitts'!$B:$B, $A2, 'St Kitts'!$D:$D, "London") + SUMIFS(WestIndiesGeneral!$L:$L, WestIndiesGeneral!$B:$B, $A2, WestIndiesGeneral!$D:$D, "London") + SUMIFS(Anguilla!$L:$L, Anguilla!$B:$B, $A2, Anguilla!$D:$D, "London") + SUMIFS(Tortola!$L:$L, Tortola!$B:$B, $A2, Tortola!$D:$D, "London") -> 0 | C2: =SUMIFS(Antigua!$L:$L, Antigua!$B:$B, $A2, Antigua!$D:$D, "Out Ports") + SUMIFS(Barbados!$L:$L, Barbados!$B:$B, $A2, Barbados!$D:$D, "Out Ports") + SUMIFS(Bermuda!$L:$L, Bermuda!$B:$B, $A2, Bermuda!$D:$D, "Out Ports") + SUMIFS(Jamaica!$L:$L, Jamaica!$B:$B, $A2, Jamaica!$D:$D, "Out Ports") + SUMIFS(Mountserat!$L:$L, Mountserat!$B:$B, $A2, Mountserat!$D:$D, "Out Ports") + SUMIFS(Nevis!$L:$L, Nevis!$B:$B, $A2, Nevis!$D:$D, "Out Ports") + SUMIFS('St Kitts'!$L:$L, 'St Kitts'!$B:$B, $A2, 'St Kitts'!$D:$D, "Out Ports") + SUMIFS(WestIndiesGeneral!$L:$L, WestIndiesGeneral!$B:$B, $A2, WestIndiesGeneral!$D:$D, "Out Ports") + SUMIFS(Anguilla!$L:$L, Anguilla!$B:$B, $A2, Anguilla!$D:$D, "Out Ports") + SUMIFS(Tortola!$L:$L, Tortola!$B:$B, $A2, Tortola!$D:$D, "Out Ports") -> 0 | D2: =B2+C2 -> 0
A3: Almonds, Sweet | B3: =SUMIFS(Antigua!$L:$L, Antigua!$B:$B, $A3, Antigua!$D:$D, "London") + SUMIFS(Barbados!$L:$L, Barbados!$B:$B, $A3, Barbados!$D:$D, "London") + SUMIFS(Bermuda!$L:$L, Bermuda!$B:$B, $A3, Bermuda!$D:$D, "London") + SUMIFS(Jamaica!$L:$L, Jamaica!$B:$B, $A3, Jamaica!$D:$D, "London") + SUMIFS(Mountserat!$L:$L, Mountserat!$B:$B, $A3, Mountserat!$D:$D, "London") + SUMIFS(Nevis!$L:$L, Nevis!$B:$B, $A3, Nevis!$D:$D, "London") + SUMIFS('St Kitts'!$L:$L, 'St Kitts'!$B:$B, $A3, 'St Kitts'!$D:$D, "London") + SUMIFS(WestIndiesGeneral!$L:$L, WestIndiesGeneral!$B:$B, $A3, WestIndiesGeneral!$D:$D, "London") + SUMIFS(Anguilla!$L:$L, Anguilla!$B:$B, $A3, Anguilla!$D:$D, "London") + SUMIFS(Tortola!$L:$L, Tortola!$B:$B, $A3, Tortola!$D:$D, "London") -> 0 | C3: =SUMIFS(Antigua!$L:$L, Antigua!$B:$B, $A3, Antigua!$D:$D, "Out Ports") + SUMIFS(Barbados!$L:$L, Barbados!$B:$B, $A3, Barbados!$D:$D, "Out Ports") + SUMIFS(Bermuda!$L:$L, Bermuda!$B:$B, $A3, Bermuda!$D:$D, "Out Ports") + SUMIFS(Jamaica!$L:$L, Jamaica!$B:$B, $A3, Jamaica!$D:$D, "Out Ports") + SUMIFS(Mountserat!$L:$L, Mountserat!$B:$B, $A3, Mountserat!$D:$D, "Out Ports") + SUMIFS(Nevis!$L:$L, Nevis!$B:$B, $A3, Nevis!$D:$D, "Out Ports") + SUMIFS('St Kitts'!$L:$L, 'St Kitts'!$B:$B, $A3, 'St Kitts'!$D:$D, "Out Ports") + SUMIFS(WestIndiesGeneral!$L:$L, WestIndiesGeneral!$B:$B, $A3, WestIndiesGeneral!$D:$D, "Out Ports") + SUMIFS(Anguilla!$L:$L, Anguilla!$B:$B, $A3, Anguilla!$D:$D, "Out Ports") + SUMIFS(Tortola!$L:$L, Tortola!$B:$B, $A3, Tortola!$D:$D, "Out Ports") -> 0 | D3: =B3+C3 -> 0
A4: Aloes Epatica | B4: =SUMIFS(Antigua!$L:$L, Antigua!$B:$B, $A4, Antigua!$D:$D, "London") + SUMIFS(Barbados!$L:$L, Barbados!$B:$B, $A4, Barbados!$D:$D, "London") + SUMIFS(Bermuda!$L:$L, Bermuda!$B:$B, $A4, Bermuda!$D:$D, "London") + SUMIFS(Jamaica!$L:$L, Jamaica!$B:$B, $A4, Jamaica!$D:$D, "London") + SUMIFS(Mountserat!$L:$L, Mountserat!$B:$B, $A4, Mountserat!$D:$D, "London") + SUMIFS(Nevis!$L:$L, Nevis!$B:$B, $A4, Nevis!$D:$D, "London") + SUMIFS('St Kitts'!$L:$L, 'St Kitts'!$B:$B, $A4, 'St Kitts'!$D:$D, "London") + SUMIFS(WestIndiesGeneral!$L:$L, WestIndiesGeneral!$B:$B, $A4, WestIndiesGeneral!$D:$D, "London") + SUMIFS(Anguilla!$L:$L, Anguilla!$B:$B, $A4, Anguilla!$D:$D, "London") + SUMIFS(Tortola!$L:$L, Tortola!$B:$B, $A4, Tortola!$D:$D, "London") -> 7.8370536 | C4: =SUMIFS(Antigua!$L:$L, Antigua!$B:$B, $A4, Antigua!$D:$D, "Out Ports") + SUMIFS(Barbados!$L:$L, Barbados!$B:$B, $A4, Barbados!$D:$D, "Out Ports") + SUMIFS(Bermuda!$L:$L, Bermuda!$B:$B, $A4, Bermuda!$D:$D, "Out Ports") + SUMIFS(Jamaica!$L:$L, Jamaica!$B:$B, $A4, Jamaica!$D:$D, "Out Ports") + SUMIFS(Mountserat!$L:$L, Mountserat!$B:$B, $A4, Mountserat!$D:$D, "Out Ports") + SUMIFS(Nevis!$L:$L, Nevis!$B:$B, $A4, Nevis!$D:$D, "Out Ports") + SUMIFS('St Kitts'!$L:$L, 'St Kitts'!$B:$B, $A4, 'St Kitts'!$D:$D, "Out Ports") + SUMIFS(WestIndiesGeneral!$L:$L, WestIndiesGeneral!$B:$B, $A4, WestIndiesGeneral!$D:$D, "Out Ports") + SUMIFS(Anguilla!$L:$L, Anguilla!$B:$B, $A4, Anguilla!$D:$D, "Out Ports") + SUMIFS(Tortola!$L:$L, Tortola!$B:$B, $A4, Tortola!$D:$D, "Out Ports") -> 0.75446429 | D4: =B4+C4 -> 8.5915179
A5: Annatto | B5: =SUMIFS(Antigua!$L:$L, Antigua!$B:$B, $A5, Antigua!$D:$D, "London") + SUMIFS(Barbados!$L:$L, Barbados!$B:$B, $A5, Barbados!$D:$D, "London") + SUMIFS(Bermuda!$L:$L, Bermuda!$B:$B, $A5, Bermuda!$D:$D, "London") + SUMIFS(Jamaica!$L:$L, Jamaica!$B:$B, $A5, Jamaica!$D:$D, "London") + SUMIFS(Mountserat!$L:$L, Mountserat!$B:$B, $A5, Mountserat!$D:$D, "London") + SUMIFS(Nevis!$L:$L, Nevis!$B:$B, $A5, Nevis!$D:$D, "London") + SUMIFS('St Kitts'!$L:$L, 'St Kitts'!$B:$B, $A5, 'St Kitts'!$D:$D, "London") + SUMIFS(WestIndiesGeneral!$L:$L, WestIndiesGeneral!$B:$B, $A5, WestIndiesGeneral!$D:$D, "London") + SUMIFS(Anguilla!$L:$L, Anguilla!$B:$B, $A5, Anguilla!$D:$D, "London") + SUMIFS(Tortola!$L:$L, Tortola!$B:$B, $A5, Tortola!$D:$D, "London") -> 0 | C5: =SUMIFS(Antigua!$L:$L, Antigua!$B:$B, $A5, Antigua!$D:$D, "Out Ports") + SUMIFS(Barbados!$L:$L, Barbados!$B:$B, $A5, Barbados!$D:$D, "Out Ports") + SUMIFS(Bermuda!$L:$L, Bermuda!$B:$B, $A5, Bermuda!$D:$D, "Out Ports") + SUMIFS(Jamaica!$L:$L, Jamaica!$B:$B, $A5, Jamaica!$D:$D, "Out Ports") + SUMIFS(Mountserat!$L:$L, Mountserat!$B:$B, $A5, Mountserat!$D:$D, "Out Ports") + SUMIFS(Nevis!$L:$L, Nevis!$B:$B, $A5, Nevis!$D:$D, "Out Ports") + SUMIFS('St Kitts'!$L:$L, 'St Kitts'!$B:$B, $A5, 'St Kitts'!$D:$D, "Out Ports") + SUMIFS(WestIndiesGeneral!$L:$L, WestIndiesGeneral!$B:$B, $A5, WestIndiesGeneral!$D:$D, "Out Ports") + SUMIFS(Anguilla!$L:$L, Anguilla!$B:$B, $A5, Anguilla!$D:$D, "Out Ports") + SUMIFS(Tortola!$L:$L, Tortola!$B:$B, $A5, Tortola!$D:$D, "Out Ports") -> 0 | D5: =B5+C5 -> 0
A6: Anniseeds | B6: =SUMIFS(Antigua!$L:$L, Antigua!$B:$B, $A6, Antigua!$D:$D, "London") + SUMIFS(Barbados!$L:$L, Barbados!$B:$B, $A6, Barbados!$D:$D, "London") + SUMIFS(Bermuda!$L:$L, Bermuda!$B:$B, $A6, Bermuda!$D:$D, "London") + SUMIFS(Jamaica!$L:$L, Jamaica!$B:$B, $A6, Jamaica!$D:$D, "London") + SUMIFS(Mountserat!$L:$L, Mountserat!$B:$B, $A6, Mountserat!$D:$D, "London") + SUMIFS(Nevis!$L:$L, Nevis!$B:$B, $A6, Nevis!$D:$D, "London") + SUMIFS('St Kitts'!$L:$L, 'St Kitts'!$B:$B, $A6, 'St Kitts'!$D:$D, "London") + SUMIFS(WestIndiesGeneral!$L:$L, WestIndiesGeneral!$B:$B, $A6, WestIndiesGeneral!$D:$D, "London") + SUMIFS(Anguilla!$L:$L, Anguilla!$B:$B, $A6, Anguilla!$D:$D, "London") + SUMIFS(Tortola!$L:$L, Tortola!$B:$B, $A6, Tortola!$D:$D, "London") -> 0 | C6: =SUMIFS(Antigua!$L:$L, Antigua!$B:$B, $A6, Antigua!$D:$D, "Out Ports") + SUMIFS(Barbados!$L:$L, Barbados!$B:$B, $A6, Barbados!$D:$D, "Out Ports") + SUMIFS(Bermuda!$L:$L, Bermuda!$B:$B, $A6, Bermuda!$D:$D, "Out Ports") + SUMIFS(Jamaica!$L:$L, Jamaica!$B:$B, $A6, Jamaica!$D:$D, "Out Ports") + SUMIFS(Mountserat!$L:$L, Mountserat!$B:$B, $A6, Mountserat!$D:$D, "Out Ports") + SUMIFS(Nevis!$L:$L, Nevis!$B:$B, $A6, Nevis!$D:$D, "Out Ports") + SUMIFS('St Kitts'!$L:$L, 'St Kitts'!$B:$B, $A6, 'St Kitts'!$D:$D, "Out Ports") + SUMIFS(WestIndiesGeneral!$L:$L, WestIndiesGeneral!$B:$B, $A6, WestIndiesGeneral!$D:$D, "Out Ports") + SUMIFS(Anguilla!$L:$L, Anguilla!$B:$B, $A6, Anguilla!$D:$D, "Out Ports") + SUMIFS(Tortola!$L:$L, Tortola!$B:$B, $A6, Tortola!$D:$D, "Out Ports") -> 0 | D6: =B6+C6 -> 0
A7: Archelia | B7: =SUMIFS(Antigua!$L:$L, Antigua!$B:$B, $A7, Antigua!$D:$D, "London") + SUMIFS(Barbados!$L:$L, Barbados!$B:$B, $A7, Barbados!$D:$D, "London") + SUMIFS(Bermuda!$L:$L, Bermuda!$B:$B, $A7, Bermuda!$D:$D, "London") + SUMIFS(Jamaica!$L:$L, Jamaica!$B:$B, $A7, Jamaica!$D:$D, "London") + SUMIFS(Mountserat!$L:$L, Mountserat!$B:$B, $A7, Mountserat!$D:$D, "London") + SUMIFS(Nevis!$L:$L, Nevis!$B:$B, $A7, Nevis!$D:$D, "London") + SUMIFS('St Kitts'!$L:$L, 'St Kitts'!$B:$B, $A7, 'St Kitts'!$D:$D, "London") + SUMIFS(WestIndiesGeneral!$L:$L, WestIndiesGeneral!$B:$B, $A7, WestIndiesGeneral!$D:$D, "London") + SUMIFS(Anguilla!$L:$L, Anguilla!$B:$B, $A7, Anguilla!$D:$D, "London") + SUMIFS(Tortola!$L:$L, Tortola!$B:$B, $A7, Tortola!$D:$D, "London") -> 3 | C7: =SUMIFS(Antigua!$L:$L, Antigua!$B:$B, $A7, Antigua!$D:$D, "Out Ports") + SUMIFS(Barbados!$L:$L, Barbados!$B:$B, $A7, Barbados!$D:$D, "Out Ports") + SUMIFS(Bermuda!$L:$L, Bermuda!$B:$B, $A7, Bermuda!$D:$D, "Out Ports") + SUMIFS(Jamaica!$L:$L, Jamaica!$B:$B, $A7, Jamaica!$D:$D, "Out Ports") + SUMIFS(Mountserat!$L:$L, Mountserat!$B:$B, $A7, Mountserat!$D:$D, "Out Ports") + SUMIFS(Nevis!$L:$L, Nevis!$B:$B, $A7, Nevis!$D:$D, "Out Ports") + SUMIFS('St Kitts'!$L:$L, 'St Kitts'!$B:$B, $A7, 'St Kitts'!$D:$D, "Out Ports") + SUMIFS(WestIndiesGeneral!$L:$L, WestIndiesGeneral!$B:$B, $A7, WestIndiesGeneral!$D:$D, "Out Ports") + SUMIFS(Anguilla!$L:$L, Anguilla!$B:$B, $A7, Anguilla!$D:$D, "Out Ports") + SUMIFS(Tortola!$L:$L, Tortola!$B:$B, $A7, Tortola!$D:$D, "Out Ports") -> 0 | D7: =B7+C7 -> 3
A8: Bacon | B8: =SUMIFS(Antigua!$L:$L, Antigua!$B:$B, $A8, Antigua!$D:$D, "London") + SUMIFS(Barbados!$L:$L, Barbados!$B:$B, $A8, Barbados!$D:$D, "London") + SUMIFS(Bermuda!$L:$L, Bermuda!$B:$B, $A8, Bermuda!$D:$D, "London") + SUMIFS(Jamaica!$L:$L, Jamaica!$B:$B, $A8, Jamaica!$D:$D, "London") + SUMIFS(Mountserat!$L:$L, Mountserat!$B:$B, $A8, Mountserat!$D:$D, "London") + SUMIFS(Nevis!$L:$L, Nevis!$B:$B, $A8, Nevis!$D:$D, "London") + SUMIFS('St Kitts'!$L:$L, 'St Kitts'!$B:$B, $A8, 'St Kitts'!$D:$D, "London") + SUMIFS(WestIndiesGeneral!$L:$L, WestIndiesGeneral!$B:$B, $A8, WestIndiesGeneral!$D:$D, "London") + SUMIFS(Anguilla!$L:$L, Anguilla!$B:$B, $A8, Anguilla!$D:$D, "London") + SUMIFS(Tortola!$L:$L, Tortola!$B:$B, $A8, Tortola!$D:$D, "London") -> 0 | C8: =SUMIFS(Antigua!$L:$L, Antigua!$B:$B, $A8, Antigua!$D:$D, "Out Ports") + SUMIFS(Barbados!$L:$L, Barbados!$B:$B, $A8, Barbados!$D:$D, "Out Ports") + SUMIFS(Bermuda!$L:$L, Bermuda!$B:$B, $A8, Bermuda!$D:$D, "Out Ports") + SUMIFS(Jamaica!$L:$L, Jamaica!$B:$B, $A8, Jamaica!$D:$D, "Out Ports") + SUMIFS(Mountserat!$L:$L, Mountserat!$B:$B, $A8, Mountserat!$D:$D, "Out Ports") + SUMIFS(Nevis!$L:$L, Nevis!$B:$B, $A8, Nevis!$D:$D, "Out Ports") + SUMIFS('St Kitts'!$L:$L, 'St Kitts'!$B:$B, $A8, 'St Kitts'!$D:$D, "Out Ports") + SUMIFS(WestIndiesGeneral!$L:$L, WestIndiesGeneral!$B:$B, $A8, WestIndiesGeneral!$D:$D, "Out Ports") + SUMIFS(Anguilla!$L:$L, Anguilla!$B:$B, $A8, Anguilla!$D:$D, "Out Ports") + SUMIFS(Tortola!$L:$L, Tortola!$B:$B, $A8, Tortola!$D:$D, "Out Ports") -> 0 | D8: =B8+C8 -> 0
A9: Balsam Artificial | B9: =SUMIFS(Antigua!$L:$L, Antigua!$B:$B, $A9, Antigua!$D:$D, "London") + SUMIFS(Barbados!$L:$L, Barbados!$B:$B, $A9, Barbados!$D:$D, "London") + SUMIFS(Bermuda!$L:$L, Bermuda!$B:$B, $A9, Bermuda!$D:$D, "London") + SUMIFS(Jamaica!$L:$L, Jamaica!$B:$B, $A9, Jamaica!$D:$D, "London") + SUMIFS(Mountserat!$L:$L, Mountserat!$B:$B, $A9, Mountserat!$D:$D, "London") + SUMIFS(Nevis!$L:$L, Nevis!$B:$B, $A9, Nevis!$D:$D, "London") + SUMIFS('St Kitts'!$L:$L, 'St Kitts'!$B:$B, $A9, 'St Kitts'!$D:$D, "London") + SUMIFS(WestIndiesGeneral!$L:$L, WestIndiesGeneral!$B:$B, $A9, WestIndiesGeneral!$D:$D, "London") + SUMIFS(Anguilla!$L:$L, Anguilla!$B:$B, $A9, Anguilla!$D:$D, "London") + SUMIFS(Tortola!$L:$L, Tortola!$B:$B, $A9, Tortola!$D:$D, "London") -> 1.4513393 | C9: =SUMIFS(Antigua!$L:$L, Antigua!$B:$B, $A9, Antigua!$D:$D, "Out Ports") + SUMIFS(Barbados!$L:$L, Barbados!$B:$B, $A9, Barbados!$D:$D, "Out Ports") + SUMIFS(Bermuda!$L:$L, Bermuda!$B:$B, $A9, Bermuda!$D:$D, "Out Ports") + SUMIFS(Jamaica!$L:$L, Jamaica!$B:$B, $A9, Jamaica!$D:$D, "Out Ports") + SUMIFS(Mountserat!$L:$L, Mountserat!$B:$B, $A9, Mountserat!$D:$D, "Out Ports") + SUMIFS(Nevis!$L:$L, Nevis!$B:$B, $A9, Nevis!$D:$D, "Out Ports") + SUMIFS('St Kitts'!$L:$L, 'St Kitts'!$B:$B, $A9, 'St Kitts'!$D:$D, "Out Ports") + SUMIFS(WestIndiesGeneral!$L:$L, WestIndiesGeneral!$B:$B, $A9, WestIndiesGeneral!$D:$D, "Out Ports") + SUMIFS(Anguilla!$L:$L, Anguilla!$B:$B, $A9, Anguilla!$D:$D, "Out Ports") + SUMIFS(Tortola!$L:$L, Tortola!$B:$B, $A9, Tortola!$D:$D, "Out Ports") -> 0 | D9: =B9+C9 -> 1.4513393
A10: Balsam Natural | B10: =SUMIFS(Antigua!$L:$L, Antigua!$B:$B, $A10, Antigua!$D:$D, "London") + SUMIFS(Barbados!$L:$L, Barbados!$B:$B, $A10, Barbados!$D:$D, "London") + SUMIFS(Bermuda!$L:$L, Bermuda!$B:$B, $A10, Bermuda!$D:$D, "London") + SUMIFS(Jamaica!$L:$L, Jamaica!$B:$B, $A10, Jamaica!$D:$D, "London") + SUMIFS(Mountserat!$L:$L, Mountserat!$B:$B, $A10, Mountserat!$D:$D, "London") + SUMIFS(Nevis!$L:$L, Nevis!$B:$B, $A10, Nevis!$D:$D, "London") + SUMIFS('St Kitts'!$L:$L, 'St Kitts'!$B:$B, $A10, 'St Kitts'!$D:$D, "London") + SUMIFS(WestIndiesGeneral!$L:$L, WestIndiesGeneral!$B:$B, $A10, WestIndiesGeneral!$D:$D, "London") + SUMIFS(Anguilla!$L:$L, Anguilla!$B:$B, $A10, Anguilla!$D:$D, "London") + SUMIFS(Tortola!$L:$L, Tortola!$B:$B, $A10, Tortola!$D:$D, "London") -> 0 | C10: =SUMIFS(Antigua!$L:$L, Antigua!$B:$B, $A10, Antigua!$D:$D, "Out Ports") + SUMIFS(Barbados!$L:$L, Barbados!$B:$B, $A10, Barbados!$D:$D, "Out Ports") + SUMIFS(Bermuda!$L:$L, Bermuda!$B:$B, $A10, Bermuda!$D:$D, "Out Ports") + SUMIFS(Jamaica!$L:$L, Jamaica!$B:$B, $A10, Jamaica!$D:$D, "Out Ports") + SUMIFS(Mountserat!$L:$L, Mountserat!$B:$B, $A10, Mountserat!$D:$D, "Out Ports") + SUMIFS(Nevis!$L:$L, Nevis!$B:$B, $A10, Nevis!$D:$D, "Out Ports") + SUMIFS('St Kitts'!$L:$L, 'St Kitts'!$B:$B, $A10, 'St Kitts'!$D:$D, "Out Ports") + SUMIFS(WestIndiesGeneral!$L:$L, WestIndiesGeneral!$B:$B, $A10, WestIndiesGeneral!$D:$D, "Out Ports") + SUMIFS(Anguilla!$L:$L, Anguilla!$B:$B, $A10, Anguilla!$D:$D, "Out Ports") + SUMIFS(Tortola!$L:$L, Tortola!$B:$B, $A10, Tortola!$D:$D, "Out Ports") -> 0 | D10: =B10+C10 -> 0
A11: Barbados Tarr | B11: =SUMIFS(Antigua!$L:$L, Antigua!$B:$B, $A11, Antigua!$D:$D, "London") + SUMIFS(Barbados!$L:$L, Barbados!$B:$B, $A11, Barbados!$D:$D, "London") + SUMIFS(Bermuda!$L:$L, Bermuda!$B:$B, $A11, Bermuda!$D:$D, "London") + SUMIFS(Jamaica!$L:$L, Jamaica!$B:$B, $A11, Jamaica!$D:$D, "London") + SUMIFS(Mountserat!$L:$L, Mountserat!$B:$B, $A11, Mountserat!$D:$D, "London") + SUMIFS(Nevis!$L:$L, Nevis!$B:$B, $A11, Nevis!$D:$D, "London") + SUMIFS('St Kitts'!$L:$L, 'St Kitts'!$B:$B, $A11, 'St Kitts'!$D:$D, "London") + SUMIFS(WestIndiesGeneral!$L:$L, WestIndiesGeneral!$B:$B, $A11, WestIndiesGeneral!$D:$D, "London") + SUMIFS(Anguilla!$L:$L, Anguilla!$B:$B, $A11, Anguilla!$D:$D, "London") + SUMIFS(Tortola!$L:$L, Tortola!$B:$B, $A11, Tortola!$D:$D, "London") -> 1.4883929 | C11: =SUMIFS(Antigua!$L:$L, Antigua!$B:$B, $A11, Antigua!$D:$D, "Out Ports") + SUMIFS(Barbados!$L:$L, Barbados!$B:$B, $A11, Barbados!$D:$D, "Out Ports") + SUMIFS(Bermuda!$L:$L, Bermuda!$B:$B, $A11, Bermuda!$D:$D, "Out Ports") + SUMIFS(Jamaica!$L:$L, Jamaica!$B:$B, $A11, Jamaica!$D:$D, "Out Ports") + SUMIFS(Mountserat!$L:$L, Mountserat!$B:$B, $A11, Mountserat!$D:$D, "Out Ports") + SUMIFS(Nevis!$L:$L, Nevis!$B:$B, $A11, Nevis!$D:$D, "Out Ports") + SUMIFS('St Kitts'!$L:$L, 'St Kitts'!$B:$B, $A11, 'St Kitts'!$D:$D, "Out Ports") + SUMIFS(WestIndiesGeneral!$L:$L, WestIndiesGeneral!$B:$B, $A11, WestIndiesGeneral!$D:$D, "Out Ports") + SUMIFS(Anguilla!$L:$L, Anguilla!$B:$B, $A11, Anguilla!$D:$D, "Out Ports") + SUMIFS(Tortola!$L:$L, Tortola!$B:$B, $A11, Tortola!$D:$D, "Out Ports") -> 0 | D11: =B11+C11 -> 1.4883929
A12: Barrel Staves | B12: =SUMIFS(Antigua!$L:$L, Antigua!$B:$B, $A12, Antigua!$D:$D, "London") + SUMIFS(Barbados!$L:$L, Barbados!$B:$B, $A12, Barbados!$D:$D, "London") + SUMIFS(Bermuda!$L:$L, Bermuda!$B:$B, $A12, Bermuda!$D:$D, "London") + SUMIFS(Jamaica!$L:$L, Jamaica!$B:$B, $A12, Jamaica!$D:$D, "London") + SUMIFS(Mountserat!$L:$L, Mountserat!$B:$B, $A12, Mountserat!$D:$D, "London") + SUMIFS(Nevis!$L:$L, Nevis!$B:$B, $A12, Nevis!$D:$D, "London") + SUMIFS('St Kitts'!$L:$L, 'St Kitts'!$B:$B, $A12, 'St Kitts'!$D:$D, "London") + SUMIFS(WestIndiesGeneral!$L:$L, WestIndiesGeneral!$B:$B, $A12, WestIndiesGeneral!$D:$D, "London") + SUMIFS(Anguilla!$L:$L, Anguilla!$B:$B, $A12, Anguilla!$D:$D, "London") + SUMIFS(Tortola!$L:$L, Tortola!$B:$B, $A12, Tortola!$D:$D, "London") -> 0 | C12: =SUMIFS(Antigua!$L:$L, Antigua!$B:$B, $A12, Antigua!$D:$D, "Out Ports") + SUMIFS(Barbados!$L:$L, Barbados!$B:$B, $A12, Barbados!$D:$D, "Out Ports") + SUMIFS(Bermuda!$L:$L, Bermuda!$B:$B, $A12, Bermuda!$D:$D, "Out Ports") + SUMIFS(Jamaica!$L:$L, Jamaica!$B:$B, $A12, Jamaica!$D:$D, "Out Ports") + SUMIFS(Mountserat!$L:$L, Mountserat!$B:$B, $A12, Mountserat!$D:$D, "Out Ports") + SUMIFS(Nevis!$L:$L, Nevis!$B:$B, $A12, Nevis!$D:$D, "Out Ports") + SUMIFS('St Kitts'!$L:$L, 'St Kitts'!$B:$B, $A12, 'St Kitts'!$D:$D, "Out Ports") + SUMIFS(WestIndiesGeneral!$L:$L, WestIndiesGeneral!$B:$B, $A12, WestIndiesGeneral!$D:$D, "Out Ports") + SUMIFS(Anguilla!$L:$L, Anguilla!$B:$B, $A12, Anguilla!$D:$D, "Out Ports") + SUMIFS(Tortola!$L:$L, Tortola!$B:$B, $A12, Tortola!$D:$D, "Out Ports") -> 0 | D12: =B12+C12 -> 0
A13: Bay Berries | B13: =SUMIFS(Antigua!$L:$L, Antigua!$B:$B, $A13, Antigua!$D:$D, "London") + SUMIFS(Barbados!$L:$L, Barbados!$B:$B, $A13, Barbados!$D:$D, "London") + SUMIFS(Bermuda!$L:$L, Bermuda!$B:$B, $A13, Bermuda!$D:$D, "London") + SUMIFS(Jamaica!$L:$L, Jamaica!$B:$B, $A13, Jamaica!$D:$D, "London") + SUMIFS(Mountserat!$L:$L, Mountserat!$B:$B, $A13, Mountserat!$D:$D, "London") + SUMIFS(Nevis!$L:$L, Nevis!$B:$B, $A13, Nevis!$D:$D, "London") + SUMIFS('St Kitts'!$L:$L, 'St Kitts'!$B:$B, $A13, 'St Kitts'!$D:$D, "London") + SUMIFS(WestIndiesGeneral!$L:$L, WestIndiesGeneral!$B:$B, $A13, WestIndiesGeneral!$D:$D, "London") + SUMIFS(Anguilla!$L:$L, Anguilla!$B:$B, $A13, Anguilla!$D:$D, "London") + SUMIFS(Tortola!$L:$L, Tortola!$B:$B, $A13, Tortola!$D:$D, "London") -> 0 | C13: =SUMIFS(Antigua!$L:$L, Antigua!$B:$B, $A13, Antigua!$D:$D, "Out Ports") + SUMIFS(Barbados!$L:$L, Barbados!$B:$B, $A13, Barbados!$D:$D, "Out Ports") + SUMIFS(Bermuda!$L:$L, Bermuda!$B:$B, $A13, Bermuda!$D:$D, "Out Ports") + SUMIFS(Jamaica!$L:$L, Jamaica!$B:$B, $A13, Jamaica!$D:$D, "Out Ports") + SUMIFS(Mountserat!$L:$L, Mountserat!$B:$B, $A13, Mountserat!$D:$D, "Out Ports") + SUMIFS(Nevis!$L:$L, Nevis!$B:$B, $A13, Nevis!$D:$D, "Out Ports") + SUMIFS('St Kitts'!$L:$L, 'St Kitts'!$B:$B, $A13, 'St Kitts'!$D:$D, "Out Ports") + SUMIFS(WestIndiesGeneral!$L:$L, WestIndiesGeneral!$B:$B, $A13, WestIndiesGeneral!$D:$D, "Out Ports") + SUMIFS(Anguilla!$L:$L, Anguilla!$B:$B, $A13, Anguilla!$D:$D, "Out Ports") + SUMIFS(Tortola!$L:$L, Tortola!$B:$B, $A13, Tortola!$D:$D, "Out Ports") -> 0 | D13: =B13+C13 -> 0
... A74: Wood, Sweetwood | B74: =SUMIFS(Antigua!$L:$L, Antigua!$B:$B, $A74, Antigua!$D:$D, "London") + SUMIFS(Barbados!$L:$L, Barbados!$B:$B, $A74, Barbados!$D:$D, "London") + SUMIFS(Bermuda!$L:$L, Bermuda!$B:$B, $A74, Bermuda!$D:$D, "London") + SUMIFS(Jamaica!$L:$L, Jamaica!$B:$B, $A74, Jamaica!$D:$D, "London") + SUMIFS(Mountserat!$L:$L, Mountserat!$B:$B, $A74, Mountserat!$D:$D, "London") + SUMIFS(Nevis!$L:$L, Nevis!$B:$B, $A74, Nevis!$D:$D, "London") + SUMIFS('St Kitts'!$L:$L, 'St Kitts'!$B:$B, $A74, 'St Kitts'!$D:$D, "London") + SUMIFS(WestIndiesGeneral!$L:$L, WestIndiesGeneral!$B:$B, $A74, WestIndiesGeneral!$D:$D, "London") + SUMIFS(Anguilla!$L:$L, Anguilla!$B:$B, $A74, Anguilla!$D:$D, "London") + SUMIFS(Tortola!$L:$L, Tortola!$B:$B, $A74, Tortola!$D:$D, "London") -> 0 | C74: =SUMIFS(Antigua!$L:$L, Antigua!$B:$B, $A74, Antigua!$D:$D, "Out Ports") + SUMIFS(Barbados!$L:$L, Barbados!$B:$B, $A74, Barbados!$D:$D, "Out Ports") + SUMIFS(Bermuda!$L:$L, Bermuda!$B:$B, $A74, Bermuda!$D:$D, "Out Ports") + SUMIFS(Jamaica!$L:$L, Jamaica!$B:$B, $A74, Jamaica!$D:$D, "Out Ports") + SUMIFS(Mountserat!$L:$L, Mountserat!$B:$B, $A74, Mountserat!$D:$D, "Out Ports") + SUMIFS(Nevis!$L:$L, Nevis!$B:$B, $A74, Nevis!$D:$D, "Out Ports") + SUMIFS('St Kitts'!$L:$L, 'St Kitts'!$B:$B, $A74, 'St Kitts'!$D:$D, "Out Ports") + SUMIFS(WestIndiesGeneral!$L:$L, WestIndiesGeneral!$B:$B, $A74, WestIndiesGeneral!$D:$D, "Out Ports") + SUMIFS(Anguilla!$L:$L, Anguilla!$B:$B, $A74, Anguilla!$D:$D, "Out Ports") + SUMIFS(Tortola!$L:$L, Tortola!$B:$B, $A74, Tortola!$D:$D, "Out Ports") -> 0 | D74: =B74+C74 -> 0

Sheet Anguilla
A1: YEAR | B1: COMMODITY_NAME | C1: FROM_LOCATION | D1: TO_LOCATION | E1: ton | F1: hh | G1: quarter | H1: lb | J1: Total Pounds | L1: WEIGHT
A2: 1754 | B2: Almonds, Bitter | C2: Anguilla | D2: London | J2: =(E2*2240)+(F2*112)+(G2*28)+H2 -> 0 | L2: =J2/2240 -> 0
A3: 1754 | B3: Almonds, Sweet | C3: Anguilla | D3: London | J3: =(E3*2240)+(F3*112)+(G3*28)+H3 -> 0 | L3: =J3/2240 -> 0
A4: 1754 | B4: Aloes Epatica | C4: Anguilla | D4: London | J4: =(E4*2240)+(F4*112)+(G4*28)+H4 -> 0 | L4: =J4/2240 -> 0
A5: 1754 | B5: Annatto | C5: Anguilla | D5: London | J5: =(E5*2240)+(F5*112)+(G5*28)+H5 -> 0 | L5: =J5/2240 -> 0
A6: 1754 | B6: Anniseeds | C6: Anguilla | D6: London | J6: =(E6*2240)+(F6*112)+(G6*28)+H6 -> 0 | L6: =J6/2240 -> 0
A7: 1754 | B7: Bacon | C7: Anguilla | D7: London | J7: =(E7*2240)+(F7*112)+(G7*28)+H7 -> 0 | L7: =J7/2240 -> 0
A8: 1754 | B8: Barrel Staves | C8: Anguilla | D8: London | J8: =(E8*2240)+(F8*112)+(G8*28)+H8 -> 0 | L8: =J8/2240 -> 0
A9: 1754 | B9: Bay Berries | C9: Anguilla | D9: London | J9: =(E9*2240)+(F9*112)+(G9*28)+H9 -> 0 | L9: =J9/2240 -> 0
A10: 1754 | B10: Bees Wax | C10: Anguilla | D10: London | J10: =(E10*2240)+(F10*112)+(G10*28)+H10 -> 0 | L10: =J10/2240 -> 0
A11: 1754 | B11: Brimstone | C11: Anguilla | D11: London | J11: =(E11*2240)+(F11*112)+(G11*28)+H11 -> 0 | L11: =J11/2240 -> 0
A12: 1754 | B12: Brown Sugar | C12: Anguilla | D12: London | F12: 80 | J12: =(E12*2240)+(F12*112)+(G12*28)+H12 -> 8960 | L12: =J12/2240 -> 4
A13: 1754 | B13: Cassia Fistula | C13: Anguilla | D13: London | J13: =(E13*2240)+(F13*112)+(G13*28)+H13 -> 0 | L13: =J13/2240 -> 0
A14: 1754 | B14: Chocolate Paste | C14: Anguilla | D14: London | J14: =(E14*2240)+(F14*112)+(G14*28)+H14 -> 0 | L14: =J14/2240 -> 0
A15: 1754 | B15: Cocheneal | C15: Anguilla | D15: London | J15: =(E15*2240)+(F15*112)+(G15*28)+H15 -> 0 | L15: =J15/2240 -> 0
A16: 1754 | B16: Cocoa Nuts | C16: Anguilla | D16: London | J16: =(E16*2240)+(F16*112)+(G16*28)+H16 -> 0 | L16: =J16/2240 -> 0
A17: 1754 | B17: Cocoa Paste | C17: Anguilla | D17: London | J17: =(E17*2240)+(F17*112)+(G17*28)+H17 -> 0 | L17: =J17/2240 -> 0
A18: 1754 | B18: Coffee | C18: Anguilla | D18: London | J18: =(E18*2240)+(F18*112)+(G18*28)+H18 -> 0 | L18: =J18/2240 -> 0
A19: 1754 | B19: Cortex Peru | C19: Anguilla | D19: London | J19: =(E19*2240)+(F19*112)+(G19*28)+H19 -> 0 | L19: =J19/2240 -> 0
A20: 1754 | B20: Cortex Winteranus | C20: Anguilla | D20: London | J20: =(E20*2240)+(F20*112)+(G20*28)+H20 -> 0 | L20: =J20/2240 -> 0
A21: 1754 | B21: Cotton | C21: Anguilla | D21: London | H21: =20*200 -> 4000 | I21: 20bags | J21: =(E21*2240)+(F21*112)+(G21*28)+H21 -> 4000 | L21: =J21/2240 -> 1.7857143
A22: 1754 | B22: Dry Ginger | C22: Anguilla | D22: London | J22: =(E22*2240)+(F22*112)+(G22*28)+H22 -> 0 | L22: =J22/2240 -> 0
A23: 1754 | B23: Elephant Teeth | C23: Anguilla | D23: London | J23: =(E23*2240)+(F23*112)+(G23*28)+H23 -> 0 | L23: =J23/2240 -> 0
A24: 1754 | B24: Green Ginger | C24: Anguilla | D24: London | J24: =(E24*2240)+(F24*112)+(G24*28)+H24 -> 0 | L24: =J24/2240 -> 0
A25: 1754 | B25: Guinea Grains | C25: Anguilla | D25: London | J25: =(E25*2240)+(F25*112)+(G25*28)+H25 -> 0 | L25: =J25/2240 -> 0
A26: 1754 | B26: Gum Guiaci | C26: Anguilla | D26: London | J26: =(E26*2240)+(F26*112)+(G26*28)+H26 -> 0 | L26: =J26/2240 -> 0
A27: 1754 | B27: Hemp | C27: Anguilla | D27: London | J27: =(E27*2240)+(F27*112)+(G27*28)+H27 -> 0 | L27: =J27/2240 -> 0
A28: 1754 | B28: Indigo, Plantation | C28: Anguilla | D28: London | J28: =(E28*2240)+(F28*112)+(G28*28)+H28 -> 0 | L28: =J28/2240 -> 0
A29: 1754 | B29: Indigo, Spanish | C29: Anguilla | D29: London | J29: =(E29*2240)+(F29*112)+(G29*28)+H29 -> 0 | L29: =J29/2240 -> 0
A30: 1754 | B30: Jollop | C30: Anguilla | D30: London | J30: =(E30*2240)+(F30*112)+(G30*28)+H30 -> 0 | L30: =J30/2240 -> 0
A31: 1754 | B31: Lemon Water | C31: Anguilla | D31: London | J31: =(E31*2240)+(F31*112)+(G31*28)+H31 -> 0 | L31: =J31/2240 -> 0
A32: 1754 | B32: Lignum Vitae | C32: Anguilla | D32: London | J32: =(E32*2240)+(F32*112)+(G32*28)+H32 -> 0 | L32: =J32/2240 -> 0
A33: 1754 | B33: Lime Juice | C33: Anguilla | D33: London | J33: =(E33*2240)+(F33*112)+(G33*28)+H33 -> 0 | L33: =J33/2240 -> 0
... A41: 1754 | B41: Rice | C41: Anguilla | D41: London | J41: =(E41*2240)+(F41*112)+(G41*28)+H41 -> 0 | L41: =J41/2240 -> 0
A42: 1754 | B42: Rum | C42: Anguilla | D42: London | H42: 240 | I42: 24g | J42: =(E42*2240)+(F42*112)+(G42*28)+H42 -> 240 | L42: =J42/2240 -> 0.10714286
A43: 1754 | B43: Sasparilla | C43: Anguilla | D43: London | J43: =(E43*2240)+(F43*112)+(G43*28)+H43 -> 0 | L43: =J43/2240 -> 0
A44: 1754 | B44: Saunders Yellow | C44: Anguilla | D44: London | J44: =(E44*2240)+(F44*112)+(G44*28)+H44 -> 0 | L44: =J44/2240 -> 0
A45: 1754 | B45: Shruff | C45: Anguilla | D45: London | J45: =(E45*2240)+(F45*112)+(G45*28)+H45 -> 0 | L45: =J45/2240 -> 0
A46: 1754 | B46: Snuff | C46: Anguilla | D46: London | J46: =(E46*2240)+(F46*112)+(G46*28)+H46 -> 0 | L46: =J46/2240 -> 0
A47: 1754 | B47: Smalts | C47: Anguilla | D47: London | J47: =(E47*2240)+(F47*112)+(G47*28)+H47 -> 0 | L47: =J47/2240 -> 0
A48: 1754 | B48: Succads | C48: Anguilla | D48: London | J48: =(E48*2240)+(F48*112)+(G48*28)+H48 -> 0 | L48: =J48/2240 -> 0
A49: 1754 | B49: Tamerinds | C49: Anguilla | D49: London | J49: =(E49*2240)+(F49*112)+(G49*28)+H49 -> 0 | L49: =J49/2240 -> 0
A50: 1754 | B50: Tobacco | C50: Anguilla | D50: London | J50: =(E50*2240)+(F50*112)+(G50*28)+H50 -> 0 | L50: =J50/2240 -> 0
A51: 1754 | B51: Tortoise Shell | C51: Anguilla | D51: London | J51: =(E51*2240)+(F51*112)+(G51*28)+H51 -> 0 | L51: =J51/2240 -> 0
A52: 1754 | B52: White Sugar | C52: Anguilla | D52: London | J52: =(E52*2240)+(F52*112)+(G52*28)+H52 -> 0 | L52: =J52/2240 -> 0
A53: 1754 | B53: Wood, Braziletto | C53: Anguilla | D53: London | J53: =(E53*2240)+(F53*112)+(G53*28)+H53 -> 0 | L53: =J53/2240 -> 0
A54: 1754 | B54: Wood, Ebony | C54: Anguilla | D54: London | J54: =(E54*2240)+(F54*112)+(G54*28)+H54 -> 0 | L54: =J54/2240 -> 0
A55: 1754 | B55: Wood, Fustick | C55: Anguilla | D55: London | E55: 6 | J55: =(E55*2240)+(F55*112)+(G55*28)+H55 -> 13440 | L55: =J55/2240 -> 6
A56: 1754 | B56: Wood, Iron | C56: Anguilla | D56: London | J56: =(E56*2240)+(F56*112)+(G56*28)+H56 -> 0 | L56: =J56/2240 -> 0
A57: 1754 | B57: Wood, Logwood | C57: Anguilla | D57: London | J57: =(E57*2240)+(F57*112)+(G57*28)+H57 -> 0 | L57: =J57/2240 -> 0
A58: 1754 | B58: Wood, Mahogany | C58: Anguilla | D58: London | J58: =(E58*2240)+(F58*112)+(G58*28)+H58 -> 0 | L58: =J58/2240 -> 0
A59: 1754 | B59: Wood, Nicaragua | C59: Anguilla | D59: London | J59: =(E59*2240)+(F59*112)+(G59*28)+H59 -> 0 | L59: =J59/2240 -> 0
A60: 1754 | B60: Wood, Redwood | C60: Anguilla | D60: London | J60: =(E60*2240)+(F60*112)+(G60*28)+H60 -> 0 | L60: =J60/2240 -> 0
A61: 1754 | B61: Wood, Sweetwood | C61: Anguilla | D61: London | J61: =(E61*2240)+(F61*112)+(G61*28)+H61 -> 0 | L61: =J61/2240 -> 0
A62: 1754 | B62: Annatto | C62: Anguilla | D62: Out Ports | J62: =(E62*2240)+(F62*112)+(G62*28)+H62 -> 0 | L62: =J62/2240 -> 0
A63: 1754 | B63: Brown Sugar | C63: Anguilla | D63: Out Ports | J63: =(E63*2240)+(F63*112)+(G63*28)+H63 -> 0 | L63: =J63/2240 -> 0
A64: 1754 | B64: Cassia Fistula | C64: Anguilla | D64: Out Ports | J64: =(E64*2240)+(F64*112)+(G64*28)+H64 -> 0 | L64: =J64/2240 -> 0
A65: 1754 | B65: Chocolate | C65: Anguilla | D65: Out Ports | J65: =(E65*2240)+(F65*112)+(G65*28)+H65 -> 0 | L65: =J65/2240 -> 0
A66: 1754 | B66: Cocoa Nuts | C66: Anguilla | D66: Out Ports | J66: =(E66*2240)+(F66*112)+(G66*28)+H66 -> 0 | L66: =J66/2240 -> 0
A67: 1754 | B67: Cotton | C67: Anguilla | D67: Out Ports | J67: =(E67*2240)+(F67*112)+(G67*28)+H67 -> 0 | L67: =J67/2240 -> 0
... A88: 1754 | B88: Wood, Redwood | C88: Anguilla | D88: Out Ports | J88: =(E88*2240)+(F88*112)+(G88*28)+H88 -> 0 | L88: =J88/2240 -> 0

Sheet Antigua
A1: YEAR | B1: COMMODITY_NAME | C1: FROM_LOCATION | D1: TO_LOCATION | E1: ton | F1: hh | G1: quarter | H1: lb | J1: Total Pounds | L1: WEIGHT
A2: 1754 | B2: Almonds, Bitter | C2: Antigua | D2: London | J2: =(E2*2240)+(F2*112)+(G2*28)+H2 -> 0 | L2: =J2/2240 -> 0
A3: 1754 | B3: Almonds, Sweet | C3: Antigua | D3: London | J3: =(E3*2240)+(F3*112)+(G3*28)+H3 -> 0 | L3: =J3/2240 -> 0
A4: 1754 | B4: Aloes Epatica | C4: Antigua | D4: London | J4: =(E4*2240)+(F4*112)+(G4*28)+H4 -> 0 | L4: =J4/2240 -> 0
A5: 1754 | B5: Annatto | C5: Antigua | D5: London | J5: =(E5*2240)+(F5*112)+(G5*28)+H5 -> 0 | L5: =J5/2240 -> 0
A6: 1754 | B6: Anniseeds | C6: Antigua | D6: London | J6: =(E6*2240)+(F6*112)+(G6*28)+H6 -> 0 | L6: =J6/2240 -> 0
A7: 1754 | B7: Bacon | C7: Antigua | D7: London | J7: =(E7*2240)+(F7*112)+(G7*28)+H7 -> 0 | L7: =J7/2240 -> 0
A8: 1754 | B8: Balsam Artificial | C8: Antigua | D8: London | J8: =(E8*2240)+(F8*112)+(G8*28)+H8 -> 0 | L8: =J8/2240 -> 0
A9: 1754 | B9: Balsam Natural | C9: Antigua | D9: London | J9: =(E9*2240)+(F9*112)+(G9*28)+H9 -> 0 | L9: =J9/2240 -> 0
A10: 1754 | B10: Barrel Staves | C10: Antigua | D10: London | J10: =(E10*2240)+(F10*112)+(G10*28)+H10 -> 0 | L10: =J10/2240 -> 0
A11: 1754 | B11: Bay Berries | C11: Antigua | D11: London | J11: =(E11*2240)+(F11*112)+(G11*28)+H11 -> 0 | L11: =J11/2240 -> 0
A12: 1754 | B12: Bees Wax | C12: Antigua | D12: London | F12: 2 | G12: 1 | J12: =(E12*2240)+(F12*112)+(G12*28)+H12 -> 252 | L12: =J12/2240 -> 0.1125
A13: 1754 | B13: Brimstone | C13: Antigua | D13: London | J13: =(E13*2240)+(F13*112)+(G13*28)+H13 -> 0 | L13: =J13/2240 -> 0
A14: 1754 | B14: Brown Sugar | C14: Antigua | D14: London | F14: 51365 | G14: 1 | H14: 8 | J14: =(E14*2240)+(F14*112)+(G14*28)+H14 -> 5752916 | L14: =J14/2240 -> 2568.2661
A15: 1754 | B15: Cascarilla | C15: Antigua | D15: London | J15: =(E15*2240)+(F15*112)+(G15*28)+H15 -> 0 | L15: =J15/2240 -> 0
A16: 1754 | B16: Cassia Fistula | C16: Antigua | D16: London | J16: =(E16*2240)+(F16*112)+(G16*28)+H16 -> 0 | L16: =J16/2240 -> 0
A17: 1754 | B17: Chocolate | C17: Antigua | D17: London | J17: =(E17*2240)+(F17*112)+(G17*28)+H17 -> 0 | L17: =J17/2240 -> 0
A18: 1754 | B18: Cocheneal | C18: Antigua | D18: London | J18: =(E18*2240)+(F18*112)+(G18*28)+H18 -> 0 | L18: =J18/2240 -> 0
A19: 1754 | B19: Cocoa Nuts | C19: Antigua | D19: London | F19: 1 | J19: =(E19*2240)+(F19*112)+(G19*28)+H19 -> 112 | L19: =J19/2240 -> 0.05
A20: 1754 | B20: Cocoa Paste | C20: Antigua | D20: London | J20: =(E20*2240)+(F20*112)+(G20*28)+H20 -> 0 | L20: =J20/2240 -> 0
A21: 1754 | B21: Coffee | C21: Antigua | D21: London | J21: =(E21*2240)+(F21*112)+(G21*28)+H21 -> 0 | L21: =J21/2240 -> 0
A22: 1754 | B22: Cortex Peru | C22: Antigua | D22: London | J22: =(E22*2240)+(F22*112)+(G22*28)+H22 -> 0 | L22: =J22/2240 -> 0
A23: 1754 | B23: Cortex Winteranus | C23: Antigua | D23: London | H23: 944 | J23: =(E23*2240)+(F23*112)+(G23*28)+H23 -> 944 | L23: =J23/2240 -> 0.42142857
A24: 1754 | B24: Cotton | C24: Antigua | D24: London | H24: =90*200 -> 18000 | I24: 90bags | J24: =(E24*2240)+(F24*112)+(G24*28)+H24 -> 18000 | L24: =J24/2240 -> 8.0357143
A25: 1754 | B25: Dry Ginger | C25: Antigua | D25: London | F25: 259 | G25: 2 | H25: 16 | J25: =(E25*2240)+(F25*112)+(G25*28)+H25 -> 29080 | L25: =J25/2240 -> 12.982143
A26: 1754 | B26: Elephant Teeth | C26: Antigua | D26: London | F26: 43 | H26: 12 | J26: =(E26*2240)+(F26*112)+(G26*28)+H26 -> 4828 | L26: =J26/2240 -> 2.1553571
A27: 1754 | B27: Green Ginger | C27: Antigua | D27: London | H27: 53 | J27: =(E27*2240)+(F27*112)+(G27*28)+H27 -> 53 | L27: =J27/2240 -> 0.023660714
A28: 1754 | B28: Guinea Grains | C28: Antigua | D28: London | J28: =(E28*2240)+(F28*112)+(G28*28)+H28 -> 0 | L28: =J28/2240 -> 0
A29: 1754 | B29: Gum Guiaci | C29: Antigua | D29: London | H29: 59 | J29: =(E29*2240)+(F29*112)+(G29*28)+H29 -> 59 | L29: =J29/2240 -> 0.026339286
A30: 1754 | B30: Gum Seneca | C30: Antigua | D30: London | J30: =(E30*2240)+(F30*112)+(G30*28)+H30 -> 0 | L30: =J30/2240 -> 0
A31: 1754 | B31: Hemp | C31: Antigua | D31: London | J31: =(E31*2240)+(F31*112)+(G31*28)+H31 -> 0 | L31: =J31/2240 -> 0
A32: 1754 | B32: Hypococania | C32: Antigua | D32: London | J32: =(E32*2240)+(F32*112)+(G32*28)+H32 -> 0 | L32: =J32/2240 -> 0
A33: 1754 | B33: Indigo | C33: Antigua | D33: London | J33: =(E33*2240)+(F33*112)+(G33*28)+H33 -> 0 | L33: =J33/2240 -> 0
A34: 1754 | B34: Jollop | C34: Antigua | D34: London | J34: =(E34*2240)+(F34*112)+(G34*28)+H34 -> 0 | L34: =J34/2240 -> 0
A35: 1754 | B35: Lemon Water | C35: Antigua | D35: London | J35: =(E35*2240)+(F35*112)+(G35*28)+H35 -> 0 | L35: =J35/2240 -> 0
A36: 1754 | B36: Lignum Vitae | C36: Antigua | D36: London | E36: 1 | J36: =(E36*2240)+(F36*112)+(G36*28)+H36 -> 2240 | L36: =J36/2240 -> 1
A37: 1754 | B37: Lime Juice | C37: Antigua | D37: London | J37: =(E37*2240)+(F37*112)+(G37*28)+H37 -> 0 | L37: =J37/2240 -> 0
A38: 1754 | B38: Loaf Sugar | C38: Antigua | D38: London | J38: =(E38*2240)+(F38*112)+(G38*28)+H38 -> 0 | L38: =J38/2240 -> 0
A39: 1754 | B39: Madera Wine | C39: Antigua | D39: London | H39: 224417.5 | I39: 89t 8g | J39: =(E39*2240)+(F39*112)+(G39*28)+H39 -> 224417.5 | L39: =J39/2240 -> 100.18638
A40: 1754 | B40: Molasses | C40: Antigua | D40: London | J40: =(E40*2240)+(F40*112)+(G40*28)+H40 -> 0 | L40: =J40/2240 -> 0
A41: 1754 | B41: Oranges | C41: Antigua | D41: London | J41: =(E41*2240)+(F41*112)+(G41*28)+H41 -> 0 | L41: =J41/2240 -> 0
A42: 1754 | B42: Orchelia | C42: Antigua | D42: London | J42: =(E42*2240)+(F42*112)+(G42*28)+H42 -> 0 | L42: =J42/2240 -> 0
A43: 1754 | B43: Pickles | C43: Antigua | D43: London | H43: 100 | I43: 10g | J43: =(E43*2240)+(F43*112)+(G43*28)+H43 -> 100 | L43: =J43/2240 -> 0.044642857
A44: 1754 | B44: Pimento | C44: Antigua | D44: London | J44: =(E44*2240)+(F44*112)+(G44*28)+H44 -> 0 | L44: =J44/2240 -> 0
A45: 1754 | B45: Rice | C45: Antigua | D45: London | J45: =(E45*2240)+(F45*112)+(G45*28)+H45 -> 0 | L45: =J45/2240 -> 0
A46: 1754 | B46: Rum | C46: Antigua | D46: London | H46: 521674 | I46: 52154g | J46: =(E46*2240)+(F46*112)+(G46*28)+H46 -> 521674 | L46: =J46/2240 -> 232.89018
A47: 1754 | B47: Sasparilla | C47: Antigua | D47: London | H47: 2000 | J47: =(E47*2240)+(F47*112)+(G47*28)+H47 -> 2000 | L47: =J47/2240 -> 0.89285714
A48: 1754 | B48: Saunders Yellow | C48: Antigua | D48: London | J48: =(E48*2240)+(F48*112)+(G48*28)+H48 -> 0 | L48: =J48/2240 -> 0
A49: 1754 | B49: Shruff | C49: Antigua | D49: London | J49: =(E49*2240)+(F49*112)+(G49*28)+H49 -> 0 | L49: =J49/2240 -> 0
A50: 1754 | B50: Snuff | C50: Antigua | D50: London | J50: =(E50*2240)+(F50*112)+(G50*28)+H50 -> 0 | L50: =J50/2240 -> 0
A51: 1754 | B51: Smalts | C51: Antigua | D51: London | J51: =(E51*2240)+(F51*112)+(G51*28)+H51 -> 0 | L51: =J51/2240 -> 0
A52: 1754 | B52: Succads | C52: Antigua | D52: London | H52: 261 | J52: =(E52*2240)+(F52*112)+(G52*28)+H52 -> 261 | L52: =J52/2240 -> 0.11651786
A53: 1754 | B53: Tamarinds | C53: Antigua | D53: London | J53: =(E53*2240)+(F53*112)+(G53*28)+H53 -> 0 | L53: =J53/2240 -> 0
A54: 1754 | B54: Tobacco | C54: Antigua | D54: London | J54: =(E54*2240)+(F54*112)+(G54*28)+H54 -> 0 | L54: =J54/2240 -> 0
A55: 1754 | B55: Tortoise Shell | C55: Antigua | D55: London | H55: 33 | J55: =(E55*2240)+(F55*112)+(G55*28)+H55 -> 33 | L55: =J55/2240 -> 0.014732143
A56: 1754 | B56: White Sugar | C56: Antigua | D56: London | J56: =(E56*2240)+(F56*112)+(G56*28)+H56 -> 0 | L56: =J56/2240 -> 0
A57: 1754 | B57: Wood, Braziletto | C57: Antigua | D57: London | J57: =(E57*2240)+(F57*112)+(G57*28)+H57 -> 0 | L57: =J57/2240 -> 0
A58: 1754 | B58: Wood, Cocoa | C58: Antigua | D58: London | J58: =(E58*2240)+(F58*112)+(G58*28)+H58 -> 0 | L58: =J58/2240 -> 0
A59: 1754 | B59: Wood, Ebony | C59: Antigua | D59: London | E59: 63 | J59: =(E59*2240)+(F59*112)+(G59*28)+H59 -> 141120 | L59: =J59/2240 -> 63
A60: 1754 | B60: Wood, Fustick | C60: Antigua | D60: London | E60: 12 | F60: 5 | J60: =(E60*2240)+(F60*112)+(G60*28)+H60 -> 27440 | L60: =J60/2240 -> 12.25
A61: 1754 | B61: Wood, Iron | C61: Antigua | D61: London | J61: =(E61*2240)+(F61*112)+(G61*28)+H61 -> 0 | L61: =J61/2240 -> 0
A62: 1754 | B62: Wood, Logwood | C62: Antigua | D62: London | J62: =(E62*2240)+(F62*112)+(G62*28)+H62 -> 0 | L62: =J62/2240 -> 0
A63: 1754 | B63: Wood, Mahogany | C63: Antigua | D63: London | J63: =(E63*2240)+(F63*112)+(G63*28)+H63 -> 0 | L63: =J63/2240 -> 0
A64: 1754 | B64: Wood, Nicaragua | C64: Antigua | D64: London | J64: =(E64*2240)+(F64*112)+(G64*28)+H64 -> 0 | L64: =J64/2240 -> 0
A65: 1754 | B65: Wood, Pidgeonwood | C65: Antigua | D65: London | E65: 4 | F65: 1 | G65: 1 | H65: 2 | J65: =(E65*2240)+(F65*112)+(G65*28)+H65 -> 9102 | L65: =J65/2240 -> 4.0633929
A66: 1754 | B66: Wood, Redwood | C66: Antigua | D66: London | E66: 11 | F66: 12 | G66: 1 | H66: 13 | J66: =(E66*2240)+(F66*112)+(G66*28)+H66 -> 26025 | L66: =J66/2240 -> 11.618304
A67: 1754 | B67: Wood, Sweetwood | C67: Antigua | D67: London | J67: =(E67*2240)+(F67*112)+(G67*28)+H67 -> 0 | L67: =J67/2240 -> 0
A68: 1754 | B68: Almonds, Bitter | C68: Antigua | D68: Out Ports | J68: =(E68*2240)+(F68*112)+(G68*28)+H68 -> 0 | L68: =J68/2240 -> 0
A69: 1754 | B69: Almonds, Sweet | C69: Antigua | D69: Out Ports | J69: =(E69*2240)+(F69*112)+(G69*28)+H69 -> 0 | L69: =J69/2240 -> 0
A70: 1754 | B70: Aloes Epatica | C70: Antigua | D70: Out Ports | J70: =(E70*2240)+(F70*112)+(G70*28)+H70 -> 0 | L70: =J70/2240 -> 0
A71: 1754 | B71: Annatto | C71: Antigua | D71: Out Ports | J71: =(E71*2240)+(F71*112)+(G71*28)+H71 -> 0 | L71: =J71/2240 -> 0
A72: 1754 | B72: Anniseeds | C72: Antigua | D72: Out Ports | J72: =(E72*2240)+(F72*112)+(G72*28)+H72 -> 0 | L72: =J72/2240 -> 0
A73: 1754 | B73: Bacon | C73: Antigua | D73: Out Ports | J73: =(E73*2240)+(F73*112)+(G73*28)+H73 -> 0 | L73: =J73/2240 -> 0
A74: 1754 | B74: Barrel Staves | C74: Antigua | D74: Out Ports | J74: =(E74*2240)+(F74*112)+(G74*28)+H74 -> 0 | L74: =J74/2240 -> 0
A75: 1754 | B75: Bay Berries | C75: Antigua | D75: Out Ports | J75: =(E75*2240)+(F75*112)+(G75*28)+H75 -> 0 | L75: =J75/2240 -> 0
A76: 1754 | B76: Bees Wax | C76: Antigua | D76: Out Ports | J76: =(E76*2240)+(F76*112)+(G76*28)+H76 -> 0 | L76: =J76/2240 -> 0
A77: 1754 | B77: Brimstone | C77: Antigua | D77: Out Ports | J77: =(E77*2240)+(F77*112)+(G77*28)+H77 -> 0 | L77: =J77/2240 -> 0
A78: 1754 | B78: Brown Sugar | C78: Antigua | D78: Out Ports | F78: 11810 | H78: 8 | J78: =(E78*2240)+(F78*112)+(G78*28)+H78 -> 1322728 | L78: =J78/2240 -> 590.50357
A79: 1754 | B79: Cassia Fistula | C79: Antigua | D79: Out Ports | J79: =(E79*2240)+(F79*112)+(G79*28)+H79 -> 0 | L79: =J79/2240 -> 0
A80: 1754 | B80: Chocolate | C80: Antigua | D80: Out Ports | J80: =(E80*2240)+(F80*112)+(G80*28)+H80 -> 0 | L80: =J80/2240 -> 0
A81: 1754 | B81: Cocheneal | C81: Antigua | D81: Out Ports | J81: =(E81*2240)+(F81*112)+(G81*28)+H81 -> 0 | L81: =J81/2240 -> 0
A82: 1754 | B82: Cocoa Nuts | C82: Antigua | D82: Out Ports | J82: =(E82*2240)+(F82*112)+(G82*28)+H82 -> 0 | L82: =J82/2240 -> 0
A83: 1754 | B83: Cocoa Paste | C83: Antigua | D83: Out Ports | J83: =(E83*2240)+(F83*112)+(G83*28)+H83 -> 0 | L83: =J83/2240 -> 0
A84: 1754 | B84: Coffee | C84: Antigua | D84: Out Ports | J84: =(E84*2240)+(F84*112)+(G84*28)+H84 -> 0 | L84: =J84/2240 -> 0
A85: 1754 | B85: Cortex Peru | C85: Antigua | D85: Out Ports | J85: =(E85*2240)+(F85*112)+(G85*28)+H85 -> 0 | L85: =J85/2240 -> 0
A86: 1754 | B86: Cortex Winteranus | C86: Antigua | D86: Out Ports | J86: =(E86*2240)+(F86*112)+(G86*28)+H86 -> 0 | L86: =J86/2240 -> 0
A87: 1754 | B87: Cotton | C87: Antigua | D87: Out Ports | H87: =260*200 -> 52000 | I87: 260bags | J87: =(E87*2240)+(F87*112)+(G87*28)+H87 -> 52000 | L87: =J87/2240 -> 23.214286
A88: 1754 | B88: Dry Ginger | C88: Antigua | D88: Out Ports | F88: 88 | G88: 3 | H88: 21 | J88: =(E88*2240)+(F88*112)+(G88*28)+H88 -> 9961 | L88: =J88/2240 -> 4.446875
A89: 1754 | B89: Elephant Teeth | C89: Antigua | D89: Out Ports | J89: =(E89*2240)+(F89*112)+(G89*28)+H89 -> 0 | L89: =J89/2240 -> 0
A90: 1754 | B90: Green Ginger | C90: Antigua | D90: Out Ports | H90: 7 | J90: =(E90*2240)+(F90*112)+(G90*28)+H90 -> 7 | L90: =J90/2240 -> 0.003125
A91: 1754 | B91: Guinea Grains | C91: Antigua | D91: Out Ports | J91: =(E91*2240)+(F91*112)+(G91*28)+H91 -> 0 | L91: =J91/2240 -> 0
A92: 1754 | B92: Gum Guiaci | C92: Antigua | D92: Out Ports | J92: =(E92*2240)+(F92*112)+(G92*28)+H92 -> 0 | L92: =J92/2240 -> 0
A93: 1754 | B93: Hemp | C93: Antigua | D93: Out Ports | J93: =(E93*2240)+(F93*112)+(G93*28)+H93 -> 0 | L93: =J93/2240 -> 0
A94: 1754 | B94: Hypococania | C94: Antigua | D94: Out Ports | J94: =(E94*2240)+(F94*112)+(G94*28)+H94 -> 0 | L94: =J94/2240 -> 0
A95: 1754 | B95: Indigo | C95: Antigua | D95: Out Ports | J95: =(E95*2240)+(F95*112)+(G95*28)+H95 -> 0 | L95: =J95/2240 -> 0
A96: 1754 | B96: Jollop | C96: Antigua | D96: Out Ports | J96: =(E96*2240)+(F96*112)+(G96*28)+H96 -> 0 | L96: =J96/2240 -> 0
A97: 1754 | B97: Lemon Water | C97: Antigua | D97: Out Ports | J97: =(E97*2240)+(F97*112)+(G97*28)+H97 -> 0 | L97: =J97/2240 -> 0
A98: 1754 | B98: Lignum Vitae | C98: Antigua | D98: Out Ports | E98: 15 | F98: 2 | G98: 2 | H98: 8 | J98: =(E98*2240)+(F98*112)+(G98*28)+H98 -> 33888 | L98: =J98/2240 -> 15.128571
A99: 1754 | B99: Lime Juice | C99: Antigua | D99: Out Ports | J99: =(E99*2240)+(F99*112)+(G99*28)+H99 -> 0 | L99: =J99/2240 -> 0
A100: 1754 | B100: Loaf Sugar | C100: Antigua | D100: Out Ports | J100: =(E100*2240)+(F100*112)+(G100*28)+H100 -> 0 | L100: =J100/2240 -> 0
...

Sheet Barbados
A1: YEAR | B1: COMMODITY_NAME | C1: FROM_LOCATION | D1: TO_LOCATION | E1: ton | F1: hh | G1: quarter | H1: lb | J1: Total Pounds | L1: WEIGHT
A2: 1754 | B2: Almonds, Bitter | C2: Barbados | D2: London | J2: =(E2*2240)+(F2*112)+(G2*28)+H2 -> 0 | L2: =J2/2240 -> 0
A3: 1754 | B3: Almonds, Sweet | C3: Barbados | D3: London | J3: =(E3*2240)+(F3*112)+(G3*28)+H3 -> 0 | L3: =J3/2240 -> 0
A4: 1754 | B4: Aloes Epatica | C4: Barbados | D4: London | H4: 16368 | J4: =(E4*2240)+(F4*112)+(G4*28)+H4 -> 16368 | L4: =J4/2240 -> 7.3071429
A5: 1754 | B5: Annatto | C5: Barbados | D5: London | J5: =(E5*2240)+(F5*112)+(G5*28)+H5 -> 0 | L5: =J5/2240 -> 0
A6: 1754 | B6: Anniseeds | C6: Barbados | D6: London | J6: =(E6*2240)+(F6*112)+(G6*28)+H6 -> 0 | L6: =J6/2240 -> 0
A7: 1754 | B7: Archelia | C7: Barbados | D7: London | E7: 3 | J7: =(E7*2240)+(F7*112)+(G7*28)+H7 -> 6720 | L7: =J7/2240 -> 3
A8: 1754 | B8: Barbados Tarr | C8: Barbados | D8: London | H8: 3334 | J8: =(E8*2240)+(F8*112)+(G8*28)+H8 -> 3334 | L8: =J8/2240 -> 1.4883929
A9: 1754 | B9: Barrel Staves | C9: Barbados | D9: London | J9: =(E9*2240)+(F9*112)+(G9*28)+H9 -> 0 | L9: =J9/2240 -> 0
A10: 1754 | B10: Bees Wax | C10: Barbados | D10: London | F10: 30 | H10: 14 | J10: =(E10*2240)+(F10*112)+(G10*28)+H10 -> 3374 | L10: =J10/2240 -> 1.50625
A11: 1754 | B11: Brimstone | C11: Barbados | D11: London | J11: =(E11*2240)+(F11*112)+(G11*28)+H11 -> 0 | L11: =J11/2240 -> 0
A12: 1754 | B12: Brown Sugar | C12: Barbados | D12: London | F12: 79864 | G12: 1 | H12: 24 | J12: =(E12*2240)+(F12*112)+(G12*28)+H12 -> 8944820 | L12: =J12/2240 -> 3993.2232
A13: 1754 | B13: Cassia Fistula | C13: Barbados | D13: London | H13: 1117 | J13: =(E13*2240)+(F13*112)+(G13*28)+H13 -> 1117 | L13: =J13/2240 -> 0.49866071
A14: 1754 | B14: Chocolate | C14: Barbados | D14: London | J14: =(E14*2240)+(F14*112)+(G14*28)+H14 -> 0 | L14: =J14/2240 -> 0
A15: 1754 | B15: Cocheneal | C15: Barbados | D15: London | J15: =(E15*2240)+(F15*112)+(G15*28)+H15 -> 0 | L15: =J15/2240 -> 0
A16: 1754 | B16: Cocoa Nuts | C16: Barbados | D16: London | F16: 90 | H16: 8 | J16: =(E16*2240)+(F16*112)+(G16*28)+H16 -> 10088 | L16: =J16/2240 -> 4.5035714
A17: 1754 | B17: Cocoa Paste | C17: Barbados | D17: London | J17: =(E17*2240)+(F17*112)+(G17*28)+H17 -> 0 | L17: =J17/2240 -> 0
A18: 1754 | B18: Cortex Eletheria | C18: Barbados | D18: London | H18: 20 | J18: =(E18*2240)+(F18*112)+(G18*28)+H18 -> 20 | L18: =J18/2240 -> 0.0089285714
A19: 1754 | B19: Cortex Peru | C19: Barbados | D19: London | J19: =(E19*2240)+(F19*112)+(G19*28)+H19 -> 0 | L19: =J19/2240 -> 0
A20: 1754 | B20: Cotton | C20: Barbados | D20: London | H20: =1196.5*200 -> 239300 | I20: 1196.5bags | J20: =(E20*2240)+(F20*112)+(G20*28)+H20 -> 239300 | L20: =J20/2240 -> 106.83036
A21: 1754 | B21: Dry Ginger | C21: Barbados | D21: London | F21: 3574 | G21: 2 | H21: 10 | J21: =(E21*2240)+(F21*112)+(G21*28)+H21 -> 400354 | L21: =J21/2240 -> 178.72946
A22: 1754 | B22: Elephant Teeth | C22: Barbados | D22: London | F22: 42 | G22: 3 | J22: =(E22*2240)+(F22*112)+(G22*28)+H22 -> 4788 | L22: =J22/2240 -> 2.1375
A23: 1754 | B23: Green Ginger | C23: Barbados | D23: London | H23: 664 | J23: =(E23*2240)+(F23*112)+(G23*28)+H23 -> 664 | L23: =J23/2240 -> 0.29642857
A24: 1754 | B24: Guinea Grains | C24: Barbados | D24: London | H24: 1427 | J24: =(E24*2240)+(F24*112)+(G24*28)+H24 -> 1427 | L24: =J24/2240 -> 0.63705357
A25: 1754 | B25: Gum Seneca | C25: Barbados | D25: London | J25: =(E25*2240)+(F25*112)+(G25*28)+H25 -> 0 | L25: =J25/2240 -> 0
A26: 1754 | B26: Hemp | C26: Barbados | D26: London | J26: =(E26*2240)+(F26*112)+(G26*28)+H26 -> 0 | L26: =J26/2240 -> 0
A27: 1754 | B27: Indigo | C27: Barbados | D27: London | H27: 500 | J27: =(E27*2240)+(F27*112)+(G27*28)+H27 -> 500 | L27: =J27/2240 -> 0.22321429
A28: 1754 | B28: Lemon Water | C28: Barbados | D28: London | J28: =(E28*2240)+(F28*112)+(G28*28)+H28 -> 0 | L28: =J28/2240 -> 0
A29: 1754 | B29: Lignum Vitae | C29: Barbados | D29: London | E29: 21 | J29: =(E29*2240)+(F29*112)+(G29*28)+H29 -> 47040 | L29: =J29/2240 -> 21
A30: 1754 | B30: Lime Juice | C30: Barbados | D30: London | J30: =(E30*2240)+(F30*112)+(G30*28)+H30 -> 0 | L30: =J30/2240 -> 0
A31: 1754 | B31: Loaf Sugar | C31: Barbados | D31: London | J31: =(E31*2240)+(F31*112)+(G31*28)+H31 -> 0 | L31: =J31/2240 -> 0
A32: 1754 | B32: Madera Wine | C32: Barbados | D32: London | H32: 337777 | I32: 134t 1g | J32: =(E32*2240)+(F32*112)+(G32*28)+H32 -> 337777 | L32: =J32/2240 -> 150.7933
A33: 1754 | B33: Molasses | C33: Barbados | D33: London | J33: =(E33*2240)+(F33*112)+(G33*28)+H33 -> 0 | L33: =J33/2240 -> 0
A34: 1754 | B34: Oranges | C34: Barbados | D34: London | J34: =(E34*2240)+(F34*112)+(G34*28)+H34 -> 0 | L34: =J34/2240 -> 0
A35: 1754 | B35: Pickles | C35: Barbados | D35: London | H35: 310 | I35: 31g | J35: =(E35*2240)+(F35*112)+(G35*28)+H35 -> 310 | L35: =J35/2240 -> 0.13839286
A36: 1754 | B36: Pig Iron | C36: Barbados | D36: London | E36: 30 | J36: =(E36*2240)+(F36*112)+(G36*28)+H36 -> 67200 | L36: =J36/2240 -> 30
A37: 1754 | B37: Pimento | C37: Barbados | D37: London | J37: =(E37*2240)+(F37*112)+(G37*28)+H37 -> 0 | L37: =J37/2240 -> 0
A38: 1754 | B38: Rice | C38: Barbados | D38: London | J38: =(E38*2240)+(F38*112)+(G38*28)+H38 -> 0 | L38: =J38/2240 -> 0
A39: 1754 | B39: Rum | C39: Barbados | D39: London | H39: 195027.5 | I39: 19497.75g | J39: =(E39*2240)+(F39*112)+(G39*28)+H39 -> 195027.5 | L39: =J39/2240 -> 87.065848
A40: 1754 | B40: Sasparilla | C40: Barbados | D40: London | H40: 336 | J40: =(E40*2240)+(F40*112)+(G40*28)+H40 -> 336 | L40: =J40/2240 -> 0.15
A41: 1754 | B41: Shruff | C41: Barbados | D41: London | J41: =(E41*2240)+(F41*112)+(G41*28)+H41 -> 0 | L41: =J41/2240 -> 0
A42: 1754 | B42: Snuff | C42: Barbados | D42: London | J42: =(E42*2240)+(F42*112)+(G42*28)+H42 -> 0 | L42: =J42/2240 -> 0
A43: 1754 | B43: Succads | C43: Barbados | D43: London | H43: 1893 | J43: =(E43*2240)+(F43*112)+(G43*28)+H43 -> 1893 | L43: =J43/2240 -> 0.84508929
A44: 1754 | B44: Tamarinds | C44: Barbados | D44: London | H44: 491 | J44: =(E44*2240)+(F44*112)+(G44*28)+H44 -> 491 | L44: =J44/2240 -> 0.21919643
A45: 1754 | B45: Tobacco | C45: Barbados | D45: London | J45: =(E45*2240)+(F45*112)+(G45*28)+H45 -> 0 | L45: =J45/2240 -> 0
A46: 1754 | B46: Tortoise Shell | C46: Barbados | D46: London | H46: 124 | J46: =(E46*2240)+(F46*112)+(G46*28)+H46 -> 124 | L46: =J46/2240 -> 0.055357143
A47: 1754 | B47: White Sugar | C47: Barbados | D47: London | J47: =(E47*2240)+(F47*112)+(G47*28)+H47 -> 0 | L47: =J47/2240 -> 0
A48: 1754 | B48: Wood, Braziletto | C48: Barbados | D48: London | E48: 34 | J48: =(E48*2240)+(F48*112)+(G48*28)+H48 -> 76160 | L48: =J48/2240 -> 34
A49: 1754 | B49: Wood, Fustick | C49: Barbados | D49: London | E49: 297 | F49: 7 | G49: 3 | J49: =(E49*2240)+(F49*112)+(G49*28)+H49 -> 666148 | L49: =J49/2240 -> 297.3875
A50: 1754 | B50: Wood, Logwood | C50: Barbados | D50: London | E50: 10 | J50: =(E50*2240)+(F50*112)+(G50*28)+H50 -> 22400 | L50: =J50/2240 -> 10
A51: 1754 | B51: Wood, Mahogany | C51: Barbados | D51: London | E51: 197 | F51: 5 | J51: =(E51*2240)+(F51*112)+(G51*28)+H51 -> 441840 | L51: =J51/2240 -> 197.25
A52: 1754 | B52: Wood, Nicaragua | C52: Barbados | D52: London | E52: 108 | J52: =(E52*2240)+(F52*112)+(G52*28)+H52 -> 241920 | L52: =J52/2240 -> 108
A53: 1754 | B53: Wood, Redwood | C53: Barbados | D53: London | E53: 21 | F53: 13 | G53: 3 | H53: 9 | J53: =(E53*2240)+(F53*112)+(G53*28)+H53 -> 48589 | L53: =J53/2240 -> 21.691518
A54: 1754 | B54: Wood, Sweetwood | C54: Barbados | D54: London | J54: =(E54*2240)+(F54*112)+(G54*28)+H54 -> 0 | L54: =J54/2240 -> 0
A55: 1754 | B55: Almonds, Bitter | C55: Barbados | D55: Out Ports | J55: =(E55*2240)+(F55*112)+(G55*28)+H55 -> 0 | L55: =J55/2240 -> 0
A56: 1754 | B56: Almonds, Sweet | C56: Barbados | D56: Out Ports | J56: =(E56*2240)+(F56*112)+(G56*28)+H56 -> 0 | L56: =J56/2240 -> 0
A57: 1754 | B57: Aloes Epatica | C57: Barbados | D57: Out Ports | H57: 1690 | J57: =(E57*2240)+(F57*112)+(G57*28)+H57 -> 1690 | L57: =J57/2240 -> 0.75446429
A58: 1754 | B58: Annatto | C58: Barbados | D58: Out Ports | J58: =(E58*2240)+(F58*112)+(G58*28)+H58 -> 0 | L58: =J58/2240 -> 0
A59: 1754 | B59: Anniseeds | C59: Barbados | D59: Out Ports | J59: =(E59*2240)+(F59*112)+(G59*28)+H59 -> 0 | L59: =J59/2240 -> 0
A60: 1754 | B60: Balsam Peru | C60: Barbados | D60: Out Ports | H60: 93 | J60: =(E60*2240)+(F60*112)+(G60*28)+H60 -> 93 | L60: =J60/2240 -> 0.041517857
A61: 1754 | B61: Barbados Tarr | C61: Barbados | D61: Out Ports | J61: =(E61*2240)+(F61*112)+(G61*28)+H61 -> 0 | L61: =J61/2240 -> 0
A62: 1754 | B62: Barrel Staves | C62: Barbados | D62: Out Ports | J62: =(E62*2240)+(F62*112)+(G62*28)+H62 -> 0 | L62: =J62/2240 -> 0
A63: 1754 | B63: Bees Wax | C63: Barbados | D63: Out Ports | F63: 51 | G63: 1 | H63: 20 | J63: =(E63*2240)+(F63*112)+(G63*28)+H63 -> 5760 | L63: =J63/2240 -> 2.5714286
A64: 1754 | B64: Brimstone | C64: Barbados | D64: Out Ports | J64: =(E64*2240)+(F64*112)+(G64*28)+H64 -> 0 | L64: =J64/2240 -> 0
A65: 1754 | B65: Brown Sugar | C65: Barbados | D65: Out Ports | F65: 38780 | G65: 1 | H65: 21 | J65: =(E65*2240)+(F65*112)+(G65*28)+H65 -> 4343409 | L65: =J65/2240 -> 1939.0219
A66: 1754 | B66: Cassia Fistula | C66: Barbados | D66: Out Ports | J66: =(E66*2240)+(F66*112)+(G66*28)+H66 -> 0 | L66: =J66/2240 -> 0
A67: 1754 | B67: Chocolate Paste | C67: Barbados | D67: Out Ports | J67: =(E67*2240)+(F67*112)+(G67*28)+H67 -> 0 | L67: =J67/2240 -> 0
A68: 1754 | B68: Cocheneal | C68: Barbados | D68: Out Ports | J68: =(E68*2240)+(F68*112)+(G68*28)+H68 -> 0 | L68: =J68/2240 -> 0
A69: 1754 | B69: Cocoa Nuts | C69: Barbados | D69: Out Ports | F69: 7 | G69: 3 | H69: 21 | J69: =(E69*2240)+(F69*112)+(G69*28)+H69 -> 889 | L69: =J69/2240 -> 0.396875
A70: 1754 | B70: Cocoa Paste | C70: Barbados | D70: Out Ports | J70: =(E70*2240)+(F70*112)+(G70*28)+H70 -> 0 | L70: =J70/2240 -> 0
A71: 1754 | B71: Cotton | C71: Barbados | D71: Out Ports | H71: =970.25*200 -> 194050 | I71: 970.25bags | J71: =(E71*2240)+(F71*112)+(G71*28)+H71 -> 194050 | L71: =J71/2240 -> 86.629464
A72: 1754 | B72: Dry Ginger | C72: Barbados | D72: Out Ports | F72: 3087 | G72: 1 | H72: 17 | J72: =(E72*2240)+(F72*112)+(G72*28)+H72 -> 345789 | L72: =J72/2240 -> 154.37009
A73: 1754 | B73: Elephant Teeth | C73: Barbados | D73: Out Ports | F73: 218 | G73: 2 | J73: =(E73*2240)+(F73*112)+(G73*28)+H73 -> 24472 | L73: =J73/2240 -> 10.925
A74: 1754 | B74: Green Ginger | C74: Barbados | D74: Out Ports | J74: =(E74*2240)+(F74*112)+(G74*28)+H74 -> 0 | L74: =J74/2240 -> 0
A75: 1754 | B75: Guinea Grains | C75: Barbados | D75: Out Ports | H75: 5017 | J75: =(E75*2240)+(F75*112)+(G75*28)+H75 -> 5017 | L75: =J75/2240 -> 2.2397321
A76: 1754 | B76: Hemp | C76: Barbados | D76: Out Ports | J76: =(E76*2240)+(F76*112)+(G76*28)+H76 -> 0 | L76: =J76/2240 -> 0
A77: 1754 | B77: Indigo | C77: Barbados | D77: Out Ports | J77: =(E77*2240)+(F77*112)+(G77*28)+H77 -> 0 | L77: =J77/2240 -> 0
A78: 1754 | B78: Jollop | C78: Barbados | D78: Out Ports | H78: 504 | J78: =(E78*2240)+(F78*112)+(G78*28)+H78 -> 504 | L78: =J78/2240 -> 0.225
A79: 1754 | B79: Lemon Water | C79: Barbados | D79: Out Ports | J79: =(E79*2240)+(F79*112)+(G79*28)+H79 -> 0 | L79: =J79/2240 -> 0
A80: 1754 | B80: Lignum Vitae | C80: Barbados | D80: Out Ports | E80: 15 | F80: 12 | H80: 11 | J80: =(E80*2240)+(F80*112)+(G80*28)+H80 -> 34955 | L80: =J80/2240 -> 15.604911
A81: 1754 | B81: Lime Juice | C81: Barbados | D81: Out Ports | J81: =(E81*2240)+(F81*112)+(G81*28)+H81 -> 0 | L81: =J81/2240 -> 0
A82: 1754 | B82: Loaf Sugar | C82: Barbados | D82: Out Ports | J82: =(E82*2240)+(F82*112)+(G82*28)+H82 -> 0 | L82: =J82/2240 -> 0
A83: 1754 | B83: Madera Wine | C83: Barbados | D83: Out Ports | H83: 70188 | I83: 27t 3h 24g | J83: =(E83*2240)+(F83*112)+(G83*28)+H83 -> 70188 | L83: =J83/2240 -> 31.333929
A84: 1754 | B84: Molasses | C84: Barbados | D84: Out Ports | J84: =(E84*2240)+(F84*112)+(G84*28)+H84 -> 0 | L84: =J84/2240 -> 0
A85: 1754 | B85: Old Pewter | C85: Barbados | D85: Out Ports | J85: =(E85*2240)+(F85*112)+(G85*28)+H85 -> 0 | L85: =J85/2240 -> 0
A86: 1754 | B86: Oranges | C86: Barbados | D86: Out Ports | J86: =(E86*2240)+(F86*112)+(G86*28)+H86 -> 0 | L86: =J86/2240 -> 0
A87: 1754 | B87: Pickles | C87: Barbados | D87: Out Ports | H87: 110 | I87: 11g | J87: =(E87*2240)+(F87*112)+(G87*28)+H87 -> 110 | L87: =J87/2240 -> 0.049107143
A88: 1754 | B88: Pimento | C88: Barbados | D88: Out Ports | J88: =(E88*2240)+(F88*112)+(G88*28)+H88 -> 0 | L88: =J88/2240 -> 0
A89: 1754 | B89: Potatoes | C89: Barbados | D89: Out Ports | J89: =(E89*2240)+(F89*112)+(G89*28)+H89 -> 0 | L89: =J89/2240 -> 0
A90: 1754 | B90: Rice | C90: Barbados | D90: Out Ports | F90: 1189 | G90: 1 | J90: =(E90*2240)+(F90*112)+(G90*28)+H90 -> 133196 | L90: =J90/2240 -> 59.4625
A91: 1754 | B91: Rum | C91: Barbados | D91: Out Ports | H91: 138820.5 | I91: 13878.5g | J91: =(E91*2240)+(F91*112)+(G91*28)+H91 -> 138820.5 | L91: =J91/2240 -> 61.973438
A92: 1754 | B92: Sasparilla | C92: Barbados | D92: Out Ports | J92: =(E92*2240)+(F92*112)+(G92*28)+H92 -> 0 | L92: =J92/2240 -> 0
A93: 1754 | B93: Shruff | C93: Barbados | D93: Out Ports | J93: =(E93*2240)+(F93*112)+(G93*28)+H93 -> 0 | L93: =J93/2240 -> 0
A94: 1754 | B94: Snuff | C94: Barbados | D94: Out Ports | J94: =(E94*2240)+(F94*112)+(G94*28)+H94 -> 0 | L94: =J94/2240 -> 0
A95: 1754 | B95: Succads | C95: Barbados | D95: Out Ports | H95: 185 | J95: =(E95*2240)+(F95*112)+(G95*28)+H95 -> 185 | L95: =J95/2240 -> 0.082589286
A96: 1754 | B96: Tamarinds | C96: Barbados | D96: Out Ports | H96: 42 | J96: =(E96*2240)+(F96*112)+(G96*28)+H96 -> 42 | L96: =J96/2240 -> 0.01875
A97: 1754 | B97: Tobacco | C97: Barbados | D97: Out Ports | J97: =(E97*2240)+(F97*112)+(G97*28)+H97 -> 0 | L97: =J97/2240 -> 0
A98: 1754 | B98: Tortoise Shell | C98: Barbados | D98: Out Ports | J98: =(E98*2240)+(F98*112)+(G98*28)+H98 -> 0 | L98: =J98/2240 -> 0
A99: 1754 | B99: Turpentine | C99: Barbados | D99: Out Ports | F99: 67 | G99: 3 | H99: 13 | J99: =(E99*2240)+(F99*112)+(G99*28)+H99 -> 7601 | L99: =J99/2240 -> 3.3933036
A100: 1754 | B100: White Sugar | C100: Barbados | D100: Out Ports | J100: =(E100*2240)+(F100*112)+(G100*28)+H100 -> 0 | L100: =J100/2240 -> 0
...

Sheet Bermuda
A1: YEAR | B1: COMMODITY_NAME | C1: FROM_LOCATION | D1: TO_LOCATION | E1: ton | F1: hh | G1: quarter | H1: lb | J1: Total Pounds | L1: WEIGHT
A2: 1754 | B2: Aloes Epatica | C2: Bermuda | D2: London | H2: 963 | J2: =(E2*2240)+(F2*112)+(G2*28)+H2 -> 963 | L2: =J2/2240 -> 0.42991071
A3: 1754 | B3: Bermudos Plat | C3: Bermuda | D3: London | J3: =(E3*2240)+(F3*112)+(G3*28)+H3 -> 0 | L3: =J3/2240 -> 0
A4: 1754 | B4: Brown Sugar | C4: Bermuda | D4: London | J4: =(E4*2240)+(F4*112)+(G4*28)+H4 -> 0 | L4: =J4/2240 -> 0
A5: 1754 | B5: Cocoa Nuts | C5: Bermuda | D5: London | J5: =(E5*2240)+(F5*112)+(G5*28)+H5 -> 0 | L5: =J5/2240 -> 0
A6: 1754 | B6: Cotton | C6: Bermuda | D6: London | H6: =45*200 -> 9000 | I6: 45bags | J6: =(E6*2240)+(F6*112)+(G6*28)+H6 -> 9000 | L6: =J6/2240 -> 4.0178571
A7: 1754 | B7: Elephant Teeth | C7: Bermuda | D7: London | J7: =(E7*2240)+(F7*112)+(G7*28)+H7 -> 0 | L7: =J7/2240 -> 0
A8: 1754 | B8: Gum Guiaci | C8: Bermuda | D8: London | H8: 108 | J8: =(E8*2240)+(F8*112)+(G8*28)+H8 -> 108 | L8: =J8/2240 -> 0.048214286
A9: 1754 | B9: Indigo | C9: Bermuda | D9: London | J9: =(E9*2240)+(F9*112)+(G9*28)+H9 -> 0 | L9: =J9/2240 -> 0
A10: 1754 | B10: Madera Wine | C10: Bermuda | D10: London | J10: =(E10*2240)+(F10*112)+(G10*28)+H10 -> 0 | L10: =J10/2240 -> 0
A11: 1754 | B11: Molasses | C11: Bermuda | D11: London | J11: =(E11*2240)+(F11*112)+(G11*28)+H11 -> 0 | L11: =J11/2240 -> 0
A12: 1754 | B12: Rice | C12: Bermuda | D12: London | J12: =(E12*2240)+(F12*112)+(G12*28)+H12 -> 0 | L12: =J12/2240 -> 0
A13: 1754 | B13: Rum | C13: Bermuda | D13: London | H13: 590 | I13: 59g | J13: =(E13*2240)+(F13*112)+(G13*28)+H13 -> 590 | L13: =J13/2240 -> 0.26339286
A14: 1754 | B14: Shruff | C14: Bermuda | D14: London | J14: =(E14*2240)+(F14*112)+(G14*28)+H14 -> 0 | L14: =J14/2240 -> 0
A15: 1754 | B15: Succads | C15: Bermuda | D15: London | H15: 28 | J15: =(E15*2240)+(F15*112)+(G15*28)+H15 -> 28 | L15: =J15/2240 -> 0.0125
A16: 1754 | B16: Tortoise Shell | C16: Bermuda | D16: London | H16: 336 | J16: =(E16*2240)+(F16*112)+(G16*28)+H16 -> 336 | L16: =J16/2240 -> 0.15
A17: 1754 | B17: Turpentine | C17: Bermuda | D17: London | J17: =(E17*2240)+(F17*112)+(G17*28)+H17 -> 0 | L17: =J17/2240 -> 0
A18: 1754 | B18: Wood, Braziletto | C18: Bermuda | D18: London | E18: 12 | J18: =(E18*2240)+(F18*112)+(G18*28)+H18 -> 26880 | L18: =J18/2240 -> 12
A19: 1754 | B19: Wood, Fustick | C19: Bermuda | D19: London | F19: 2 | G19: 3 | H19: 19 | J19: =(E19*2240)+(F19*112)+(G19*28)+H19 -> 327 | L19: =J19/2240 -> 0.14598214
A20: 1754 | B20: Wood, Logwood | C20: Bermuda | D20: London | E20: 80 | J20: =(E20*2240)+(F20*112)+(G20*28)+H20 -> 179200 | L20: =J20/2240 -> 80
A21: 1754 | B21: Brown Sugar | C21: Bermuda | D21: Out Ports | J21: =(E21*2240)+(F21*112)+(G21*28)+H21 -> 0 | L21: =J21/2240 -> 0
A22: 1754 | B22: Indigo | C22: Bermuda | D22: Out Ports | J22: =(E22*2240)+(F22*112)+(G22*28)+H22 -> 0 | L22: =J22/2240 -> 0
A23: 1754 | B23: Logwood | C23: Bermuda | D23: Out Ports | J23: =(E23*2240)+(F23*112)+(G23*28)+H23 -> 0 | L23: =J23/2240 -> 0
A24: 1754 | B24: Madera Wine | C24: Bermuda | D24: Out Ports | J24: =(E24*2240)+(F24*112)+(G24*28)+H24 -> 0 | L24: =J24/2240 -> 0
A25: 1754 | B25: Rice | C25: Bermuda | D25: Out Ports | J25: =(E25*2240)+(F25*112)+(G25*28)+H25 -> 0 | L25: =J25/2240 -> 0
A26: 1754 | B26: Shruff | C26: Bermuda | D26: Out Ports | J26: =(E26*2240)+(F26*112)+(G26*28)+H26 -> 0 | L26: =J26/2240 -> 0
A27: 1754 | B27: Succads | C27: Bermuda | D27: Out Ports | J27: =(E27*2240)+(F27*112)+(G27*28)+H27 -> 0 | L27: =J27/2240 -> 0
A28: 1754 | B28: Cotton | C28: Bermuda | D28: Out Ports | J28: =(E28*2240)+(F28*112)+(G28*28)+H28 -> 0 | L28: =J28/2240 -> 0
A29: 1754 | B29: Cocoa Nuts | C29: Bermuda | D29: Out Ports | J29: =(E29*2240)+(F29*112)+(G29*28)+H29 -> 0 | L29: =J29/2240 -> 0
A30: 1754 | B30: Wood, Braziletto | C30: Bermuda | D30: Out Ports | J30: =(E30*2240)+(F30*112)+(G30*28)+H30 -> 0 | L30: =J30/2240 -> 0
A31: 1754 | B31: Wood, Logwood | C31: Bermuda | D31: Out Ports | J31: =(E31*2240)+(F31*112)+(G31*28)+H31 -> 0 | L31: =J31/2240 -> 0

Sheet Jamaica
A1: YEAR | B1: COMMODITY_NAME | C1: FROM_LOCATION | D1: TO_LOCATION | E1: ton | F1: hh | G1: quarter | H1: lb | J1: Total Pounds | L1: WEIGHT
A2: 1754 | B2: Almonds, Bitter | C2: Jamaica | D2: London | J2: =(E2*2240)+(F2*112)+(G2*28)+H2 -> 0 | L2: =J2/2240 -> 0
A3: 1754 | B3: Almonds, Sweet | C3: Jamaica | D3: London | J3: =(E3*2240)+(F3*112)+(G3*28)+H3 -> 0 | L3: =J3/2240 -> 0
A4: 1754 | B4: Aloes Epatica | C4: Jamaica | D4: London | H4: 224 | J4: =(E4*2240)+(F4*112)+(G4*28)+H4 -> 224 | L4: =J4/2240 -> 0.1
A5: 1754 | B5: Annatto | C5: Jamaica | D5: London | J5: =(E5*2240)+(F5*112)+(G5*28)+H5 -> 0 | L5: =J5/2240 -> 0
A6: 1754 | B6: Anniseeds | C6: Jamaica | D6: London | J6: =(E6*2240)+(F6*112)+(G6*28)+H6 -> 0 | L6: =J6/2240 -> 0
A7: 1754 | B7: Bacon | C7: Jamaica | D7: London | J7: =(E7*2240)+(F7*112)+(G7*28)+H7 -> 0 | L7: =J7/2240 -> 0
A8: 1754 | B8: Balsam Artificial | C8: Jamaica | D8: London | H8: 3251 | J8: =(E8*2240)+(F8*112)+(G8*28)+H8 -> 3251 | L8: =J8/2240 -> 1.4513393
A9: 1754 | B9: Balsam Natural | C9: Jamaica | D9: London | J9: =(E9*2240)+(F9*112)+(G9*28)+H9 -> 0 | L9: =J9/2240 -> 0
A10: 1754 | B10: Barrel Staves | C10: Jamaica | D10: London | J10: =(E10*2240)+(F10*112)+(G10*28)+H10 -> 0 | L10: =J10/2240 -> 0
A11: 1754 | B11: Bay Berries | C11: Jamaica | D11: London | J11: =(E11*2240)+(F11*112)+(G11*28)+H11 -> 0 | L11: =J11/2240 -> 0
A12: 1754 | B12: Bees Wax | C12: Jamaica | D12: London | F12: 4 | G12: 3 | H12: 9 | J12: =(E12*2240)+(F12*112)+(G12*28)+H12 -> 541 | L12: =J12/2240 -> 0.24151786
A13: 1754 | B13: Brimstone | C13: Jamaica | D13: London | J13: =(E13*2240)+(F13*112)+(G13*28)+H13 -> 0 | L13: =J13/2240 -> 0
A14: 1754 | B14: Brown Sugar | C14: Jamaica | D14: London | F14: 267186 | H14: 6 | J14: =(E14*2240)+(F14*112)+(G14*28)+H14 -> 29924838 | L14: =J14/2240 -> 13359.303
A15: 1754 | B15: Cascarilla | C15: Jamaica | D15: London | J15: =(E15*2240)+(F15*112)+(G15*28)+H15 -> 0 | L15: =J15/2240 -> 0
A16: 1754 | B16: Cassia Fistula | C16: Jamaica | D16: London | J16: =(E16*2240)+(F16*112)+(G16*28)+H16 -> 0 | L16: =J16/2240 -> 0
A17: 1754 | B17: Chocolate | C17: Jamaica | D17: London | J17: =(E17*2240)+(F17*112)+(G17*28)+H17 -> 0 | L17: =J17/2240 -> 0
A18: 1754 | B18: Cocheneal | C18: Jamaica | D18: London | H18: 40 | J18: =(E18*2240)+(F18*112)+(G18*28)+H18 -> 40 | L18: =J18/2240 -> 0.017857143
A19: 1754 | B19: Cocoa Nuts | C19: Jamaica | D19: London | F19: 176 | G19: 1 | H19: 18 | J19: =(E19*2240)+(F19*112)+(G19*28)+H19 -> 19758 | L19: =J19/2240 -> 8.8205357
A20: 1754 | B20: Cocoa Paste | C20: Jamaica | D20: London | J20: =(E20*2240)+(F20*112)+(G20*28)+H20 -> 0 | L20: =J20/2240 -> 0
A21: 1754 | B21: Coffee | C21: Jamaica | D21: London | F21: 702 | H21: 2 | J21: =(E21*2240)+(F21*112)+(G21*28)+H21 -> 78626 | L21: =J21/2240 -> 35.100893
A22: 1754 | B22: Cortex Peru | C22: Jamaica | D22: London | H22: 55983 | J22: =(E22*2240)+(F22*112)+(G22*28)+H22 -> 55983 | L22: =J22/2240 -> 24.992411
A23: 1754 | B23: Cortex Winteranus | C23: Jamaica | D23: London | H23: 784 | J23: =(E23*2240)+(F23*112)+(G23*28)+H23 -> 784 | L23: =J23/2240 -> 0.35
A24: 1754 | B24: Cotton | C24: Jamaica | D24: London | H24: =1078*200 -> 215600 | I24: 1078bags | J24: =(E24*2240)+(F24*112)+(G24*28)+H24 -> 215600 | L24: =J24/2240 -> 96.25
A25: 1754 | B25: Dry Ginger | C25: Jamaica | D25: London | F25: 4732 | G25: 2 | H25: 2 | J25: =(E25*2240)+(F25*112)+(G25*28)+H25 -> 530042 | L25: =J25/2240 -> 236.62589
A26: 1754 | B26: Elephant Teeth | C26: Jamaica | D26: London | F26: 140 | G26: 2 | H26: 14 | J26: =(E26*2240)+(F26*112)+(G26*28)+H26 -> 15750 | L26: =J26/2240 -> 7.03125
A27: 1754 | B27: Green Ginger | C27: Jamaica | D27: London | H27: 499 | J27: =(E27*2240)+(F27*112)+(G27*28)+H27 -> 499 | L27: =J27/2240 -> 0.22276786
A28: 1754 | B28: Guinea Grains | C28: Jamaica | D28: London | H28: 618 | J28: =(E28*2240)+(F28*112)+(G28*28)+H28 -> 618 | L28: =J28/2240 -> 0.27589286
A29: 1754 | B29: Gum Guiaci | C29: Jamaica | D29: London | H29: 4663 | J29: =(E29*2240)+(F29*112)+(G29*28)+H29 -> 4663 | L29: =J29/2240 -> 2.0816964
A30: 1754 | B30: Hemp | C30: Jamaica | D30: London | J30: =(E30*2240)+(F30*112)+(G30*28)+H30 -> 0 | L30: =J30/2240 -> 0
A31: 1754 | B31: Hypococania | C31: Jamaica | D31: London | H31: 3 | J31: =(E31*2240)+(F31*112)+(G31*28)+H31 -> 3 | L31: =J31/2240 -> 0.0013392857
A32: 1754 | B32: Indigo | C32: Jamaica | D32: London | H32: 7954 | J32: =(E32*2240)+(F32*112)+(G32*28)+H32 -> 7954 | L32: =J32/2240 -> 3.5508929
A33: 1754 | B33: Jollop | C33: Jamaica | D33: London | J33: =(E33*2240)+(F33*112)+(G33*28)+H33 -> 0 | L33: =J33/2240 -> 0
A34: 1754 | B34: Lemon Water | C34: Jamaica | D34: London | J34: =(E34*2240)+(F34*112)+(G34*28)+H34 -> 0 | L34: =J34/2240 -> 0
A35: 1754 | B35: Lignum Vitae | C35: Jamaica | D35: London | E35: 115 | F35: 10 | J35: =(E35*2240)+(F35*112)+(G35*28)+H35 -> 258720 | L35: =J35/2240 -> 115.5
A36: 1754 | B36: Lime Juice | C36: Jamaica | D36: London | H36: 4001 | I36: 400g | J36: =(E36*2240)+(F36*112)+(G36*28)+H36 -> 4001 | L36: =J36/2240 -> 1.7861607
A37: 1754 | B37: Loaf Sugar | C37: Jamaica | D37: London | J37: =(E37*2240)+(F37*112)+(G37*28)+H37 -> 0 | L37: =J37/2240 -> 0
A38: 1754 | B38: Madera Wine | C38: Jamaica | D38: London | H38: 176495.5 | I38: 70t 5g | J38: =(E38*2240)+(F38*112)+(G38*28)+H38 -> 176495.5 | L38: =J38/2240 -> 78.792634
A39: 1754 | B39: Molasses | C39: Jamaica | D39: London | J39: =(E39*2240)+(F39*112)+(G39*28)+H39 -> 0 | L39: =J39/2240 -> 0
A40: 1754 | B40: Oranges | C40: Jamaica | D40: London | J40: =(E40*2240)+(F40*112)+(G40*28)+H40 -> 0 | L40: =J40/2240 -> 0
A41: 1754 | B41: Orchelia | C41: Jamaica | D41: London | J41: =(E41*2240)+(F41*112)+(G41*28)+H41 -> 0 | L41: =J41/2240 -> 0
A42: 1754 | B42: Pickles | C42: Jamaica | D42: London | H42: 150 | I42: 15g | J42: =(E42*2240)+(F42*112)+(G42*28)+H42 -> 150 | L42: =J42/2240 -> 0.066964286
A43: 1754 | B43: Pimento | C43: Jamaica | D43: London | H43: 521526 | J43: =(E43*2240)+(F43*112)+(G43*28)+H43 -> 521526 | L43: =J43/2240 -> 232.82411
A44: 1754 | B44: Port | C44: Jamaica | D44: London | H44: 820 | I44: 1h 19g | J44: =(E44*2240)+(F44*112)+(G44*28)+H44 -> 820 | L44: =J44/2240 -> 0.36607143
A45: 1754 | B45: Rice | C45: Jamaica | D45: London | J45: =(E45*2240)+(F45*112)+(G45*28)+H45 -> 0 | L45: =J45/2240 -> 0
A46: 1754 | B46: Rum | C46: Jamaica | D46: London | H46: 6363199.5 | I46: 636156.5g | J46: =(E46*2240)+(F46*112)+(G46*28)+H46 -> 6363199.5 | L46: =J46/2240 -> 2840.7141
A47: 1754 | B47: Sasparilla | C47: Jamaica | D47: London | H47: 25984 | J47: =(E47*2240)+(F47*112)+(G47*28)+H47 -> 25984 | L47: =J47/2240 -> 11.6
A48: 1754 | B48: Saunders Yellow | C48: Jamaica | D48: London | J48: =(E48*2240)+(F48*112)+(G48*28)+H48 -> 0 | L48: =J48/2240 -> 0
A49: 1754 | B49: Shruff | C49: Jamaica | D49: London | J49: =(E49*2240)+(F49*112)+(G49*28)+H49 -> 0 | L49: =J49/2240 -> 0
A50: 1754 | B50: Snuff | C50: Jamaica | D50: London | H50: 1716 | J50: =(E50*2240)+(F50*112)+(G50*28)+H50 -> 1716 | L50: =J50/2240 -> 0.76607143
A51: 1754 | B51: Smalts | C51: Jamaica | D51: London | J51: =(E51*2240)+(F51*112)+(G51*28)+H51 -> 0 | L51: =J51/2240 -> 0
A52: 1754 | B52: Succads | C52: Jamaica | D52: London | H52: 1473 | J52: =(E52*2240)+(F52*112)+(G52*28)+H52 -> 1473 | L52: =J52/2240 -> 0.65758929
A53: 1754 | B53: Tamarinds | C53: Jamaica | D53: London | H53: 1304 | J53: =(E53*2240)+(F53*112)+(G53*28)+H53 -> 1304 | L53: =J53/2240 -> 0.58214286
A54: 1754 | B54: Tobacco | C54: Jamaica | D54: London | J54: =(E54*2240)+(F54*112)+(G54*28)+H54 -> 0 | L54: =J54/2240 -> 0
A55: 1754 | B55: Tortoise Shell | C55: Jamaica | D55: London | H55: 3868 | J55: =(E55*2240)+(F55*112)+(G55*28)+H55 -> 3868 | L55: =J55/2240 -> 1.7267857
A56: 1754 | B56: Turpentine | C56: Jamaica | D56: London | J56: =(E56*2240)+(F56*112)+(G56*28)+H56 -> 0 | L56: =J56/2240 -> 0
A57: 1754 | B57: White Sugar | C57: Jamaica | D57: London | J57: =(E57*2240)+(F57*112)+(G57*28)+H57 -> 0 | L57: =J57/2240 -> 0
A58: 1754 | B58: Wood, Braziletto | C58: Jamaica | D58: London | E58: 61 | J58: =(E58*2240)+(F58*112)+(G58*28)+H58 -> 136640 | L58: =J58/2240 -> 61
A59: 1754 | B59: Wood, Cocus | C59: Jamaica | D59: London | J59: =(E59*2240)+(F59*112)+(G59*28)+H59 -> 0 | L59: =J59/2240 -> 0
A60: 1754 | B60: Wood, Ebony | C60: Jamaica | D60: London | E60: 69 | F60: 10 | J60: =(E60*2240)+(F60*112)+(G60*28)+H60 -> 155680 | L60: =J60/2240 -> 69.5
A61: 1754 | B61: Wood, Fustick | C61: Jamaica | D61: London | E61: 1099 | G61: 2 | H61: 14 | J61: =(E61*2240)+(F61*112)+(G61*28)+H61 -> 2461830 | L61: =J61/2240 -> 1099.0312
A62: 1754 | B62: Wood, Iron | C62: Jamaica | D62: London | J62: =(E62*2240)+(F62*112)+(G62*28)+H62 -> 0 | L62: =J62/2240 -> 0
A63: 1754 | B63: Wood, Logwood | C63: Jamaica | D63: London | E63: 1378 | F63: 10 | G63: 3 | H63: 14 | J63: =(E63*2240)+(F63*112)+(G63*28)+H63 -> 3087938 | L63: =J63/2240 -> 1378.5438
A64: 1754 | B64: Wood, Mahogany | C64: Jamaica | D64: London | E64: 1951 | F64: 13 | H64: 34020 | J64: =(E64*2240)+(F64*112)+(G64*28)+H64 -> 4405716 | L64: =J64/2240 -> 1966.8375
A65: 1754 | B65: Wood, Nicaragua | C65: Jamaica | D65: London | E65: 352 | F65: 2 | G65: 1 | H65: 20 | J65: =(E65*2240)+(F65*112)+(G65*28)+H65 -> 788752 | L65: =J65/2240 -> 352.12143
A66: 1754 | B66: Wood, Redwood | C66: Jamaica | D66: London | J66: =(E66*2240)+(F66*112)+(G66*28)+H66 -> 0 | L66: =J66/2240 -> 0
A67: 1754 | B67: Wood, Rosewood | C67: Jamaica | D67: London | E67: 1 | J67: =(E67*2240)+(F67*112)+(G67*28)+H67 -> 2240 | L67: =J67/2240 -> 1
A68: 1754 | B68: Almonds, Bitter | C68: Jamaica | D68: Out Ports | J68: =(E68*2240)+(F68*112)+(G68*28)+H68 -> 0 | L68: =J68/2240 -> 0
A69: 1754 | B69: Almonds, Sweet | C69: Jamaica | D69: Out Ports | J69: =(E69*2240)+(F69*112)+(G69*28)+H69 -> 0 | L69: =J69/2240 -> 0
A70: 1754 | B70: Aloes Epatica | C70: Jamaica | D70: Out Ports | J70: =(E70*2240)+(F70*112)+(G70*28)+H70 -> 0 | L70: =J70/2240 -> 0
A71: 1754 | B71: Annatto | C71: Jamaica | D71: Out Ports | J71: =(E71*2240)+(F71*112)+(G71*28)+H71 -> 0 | L71: =J71/2240 -> 0
A72: 1754 | B72: Anniseeds | C72: Jamaica | D72: Out Ports | J72: =(E72*2240)+(F72*112)+(G72*28)+H72 -> 0 | L72: =J72/2240 -> 0
A73: 1754 | B73: Bacon | C73: Jamaica | D73: Out Ports | J73: =(E73*2240)+(F73*112)+(G73*28)+H73 -> 0 | L73: =J73/2240 -> 0
A74: 1754 | B74: Balsam Natural | C74: Jamaica | D74: Out Ports | J74: =(E74*2240)+(F74*112)+(G74*28)+H74 -> 0 | L74: =J74/2240 -> 0
A75: 1754 | B75: Barrel Staves | C75: Jamaica | D75: Out Ports | J75: =(E75*2240)+(F75*112)+(G75*28)+H75 -> 0 | L75: =J75/2240 -> 0
A76: 1754 | B76: Bay Berries | C76: Jamaica | D76: Out Ports | J76: =(E76*2240)+(F76*112)+(G76*28)+H76 -> 0 | L76: =J76/2240 -> 0
A77: 1754 | B77: Bees Wax | C77: Jamaica | D77: Out Ports | J77: =(E77*2240)+(F77*112)+(G77*28)+H77 -> 0 | L77: =J77/2240 -> 0
A78: 1754 | B78: Brimstone | C78: Jamaica | D78: Out Ports | J78: =(E78*2240)+(F78*112)+(G78*28)+H78 -> 0 | L78: =J78/2240 -> 0
A79: 1754 | B79: Brown Sugar | C79: Jamaica | D79: Out Ports | F79: 200731 | G79: 2 | J79: =(E79*2240)+(F79*112)+(G79*28)+H79 -> 22481928 | L79: =J79/2240 -> 10036.575
A80: 1754 | B80: Cassia Fistula | C80: Jamaica | D80: Out Ports | J80: =(E80*2240)+(F80*112)+(G80*28)+H80 -> 0 | L80: =J80/2240 -> 0
A81: 1754 | B81: Chocolate Paste | C81: Jamaica | D81: Out Ports | J81: =(E81*2240)+(F81*112)+(G81*28)+H81 -> 0 | L81: =J81/2240 -> 0
A82: 1754 | B82: Cocheneal | C82: Jamaica | D82: Out Ports | J82: =(E82*2240)+(F82*112)+(G82*28)+H82 -> 0 | L82: =J82/2240 -> 0
A83: 1754 | B83: Cocoa Nuts | C83: Jamaica | D83: Out Ports | J83: =(E83*2240)+(F83*112)+(G83*28)+H83 -> 0 | L83: =J83/2240 -> 0
A84: 1754 | B84: Cocoa Paste | C84: Jamaica | D84: Out Ports | J84: =(E84*2240)+(F84*112)+(G84*28)+H84 -> 0 | L84: =J84/2240 -> 0
A85: 1754 | B85: Coffee | C85: Jamaica | D85: Out Ports | F85: 31 | G85: 3 | H85: 20 | J85: =(E85*2240)+(F85*112)+(G85*28)+H85 -> 3576 | L85: =J85/2240 -> 1.5964286
A86: 1754 | B86: Cortex Peru | C86: Jamaica | D86: Out Ports | H86: 193 | J86: =(E86*2240)+(F86*112)+(G86*28)+H86 -> 193 | L86: =J86/2240 -> 0.086160714
A87: 1754 | B87: Cortex Winteranus | C87: Jamaica | D87: Out Ports | H87: 282 | J87: =(E87*2240)+(F87*112)+(G87*28)+H87 -> 282 | L87: =J87/2240 -> 0.12589286
A88: 1754 | B88: Cotton | C88: Jamaica | D88: Out Ports | H88: =1682*200 -> 336400 | I88: 1682bags | J88: =(E88*2240)+(F88*112)+(G88*28)+H88 -> 336400 | L88: =J88/2240 -> 150.17857
A89: 1754 | B89: Dry Ginger | C89: Jamaica | D89: Out Ports | F89: 4659 | G89: 1 | H89: 23 | J89: =(E89*2240)+(F89*112)+(G89*28)+H89 -> 521859 | L89: =J89/2240 -> 232.97277
A90: 1754 | B90: Elephant Teeth | C90: Jamaica | D90: Out Ports | F90: 230 | G90: 3 | H90: 23 | J90: =(E90*2240)+(F90*112)+(G90*28)+H90 -> 25867 | L90: =J90/2240 -> 11.547768
A91: 1754 | B91: Green Ginger | C91: Jamaica | D91: Out Ports | H91: 36 | J91: =(E91*2240)+(F91*112)+(G91*28)+H91 -> 36 | L91: =J91/2240 -> 0.016071429
A92: 1754 | B92: Guinea Grains | C92: Jamaica | D92: Out Ports | H92: 3675 | J92: =(E92*2240)+(F92*112)+(G92*28)+H92 -> 3675 | L92: =J92/2240 -> 1.640625
A93: 1754 | B93: Gum Guiaci | C93: Jamaica | D93: Out Ports | H93: 394 | J93: =(E93*2240)+(F93*112)+(G93*28)+H93 -> 394 | L93: =J93/2240 -> 0.17589286
A94: 1754 | B94: Hemp | C94: Jamaica | D94: Out Ports | J94: =(E94*2240)+(F94*112)+(G94*28)+H94 -> 0 | L94: =J94/2240 -> 0
A95: 1754 | B95: Hypococania | C95: Jamaica | D95: Out Ports | J95: =(E95*2240)+(F95*112)+(G95*28)+H95 -> 0 | L95: =J95/2240 -> 0
A96: 1754 | B96: Indigo | C96: Jamaica | D96: Out Ports | H96: 5873 | J96: =(E96*2240)+(F96*112)+(G96*28)+H96 -> 5873 | L96: =J96/2240 -> 2.621875
A97: 1754 | B97: Jollop | C97: Jamaica | D97: Out Ports | J97: =(E97*2240)+(F97*112)+(G97*28)+H97 -> 0 | L97: =J97/2240 -> 0
A98: 1754 | B98: Lemon Water | C98: Jamaica | D98: Out Ports | J98: =(E98*2240)+(F98*112)+(G98*28)+H98 -> 0 | L98: =J98/2240 -> 0
A99: 1754 | B99: Lignum Vitae | C99: Jamaica | D99: Out Ports | E99: 96 | F99: 18 | G99: 3 | H99: 5 | J99: =(E99*2240)+(F99*112)+(G99*28)+H99 -> 217145 | L99: =J99/2240 -> 96.939732
A100: 1754 | B100: Lime Juice | C100: Jamaica | D100: Out Ports | J100: =(E100*2240)+(F100*112)+(G100*28)+H100 -> 0 | L100: =J100/2240 -> 0
...

Sheet Mountserat
A1: YEAR | B1: COMMODITY_NAME | C1: FROM_LOCATION | D1: TO_LOCATION | E1: ton | F1: hh | G1: quarter | H1: lb | J1: Total Pounds | L1: WEIGHT
A2: 1754 | B2: Almonds, Bitter | C2: Mountserat | D2: London | J2: =(E2*2240)+(F2*112)+(G2*28)+H2 -> 0 | L2: =J2/2240 -> 0
A3: 1754 | B3: Almonds, Sweet | C3: Mountserat | D3: London | J3: =(E3*2240)+(F3*112)+(G3*28)+H3 -> 0 | L3: =J3/2240 -> 0
A4: 1754 | B4: Aloes Epatica | C4: Mountserat | D4: London | J4: =(E4*2240)+(F4*112)+(G4*28)+H4 -> 0 | L4: =J4/2240 -> 0
A5: 1754 | B5: Annatto | C5: Mountserat | D5: London | J5: =(E5*2240)+(F5*112)+(G5*28)+H5 -> 0 | L5: =J5/2240 -> 0
A6: 1754 | B6: Anniseeds | C6: Mountserat | D6: London | J6: =(E6*2240)+(F6*112)+(G6*28)+H6 -> 0 | L6: =J6/2240 -> 0
A7: 1754 | B7: Bacon | C7: Mountserat | D7: London | J7: =(E7*2240)+(F7*112)+(G7*28)+H7 -> 0 | L7: =J7/2240 -> 0
A8: 1754 | B8: Barrel Staves | C8: Mountserat | D8: London | J8: =(E8*2240)+(F8*112)+(G8*28)+H8 -> 0 | L8: =J8/2240 -> 0
A9: 1754 | B9: Bay Berries | C9: Mountserat | D9: London | J9: =(E9*2240)+(F9*112)+(G9*28)+H9 -> 0 | L9: =J9/2240 -> 0
A10: 1754 | B10: Bees Wax | C10: Mountserat | D10: London | J10: =(E10*2240)+(F10*112)+(G10*28)+H10 -> 0 | L10: =J10/2240 -> 0
A11: 1754 | B11: Brimstone | C11: Mountserat | D11: London | J11: =(E11*2240)+(F11*112)+(G11*28)+H11 -> 0 | L11: =J11/2240 -> 0
A12: 1754 | B12: Brown Sugar | C12: Mountserat | D12: London | F12: 33178 | G12: 3 | H12: 10 | J12: =(E12*2240)+(F12*112)+(G12*28)+H12 -> 3716030 | L12: =J12/2240 -> 1658.942
A13: 1754 | B13: Cascarilla | C13: Mountserat | D13: London | J13: =(E13*2240)+(F13*112)+(G13*28)+H13 -> 0 | L13: =J13/2240 -> 0
A14: 1754 | B14: Cassia Fistula | C14: Mountserat | D14: London | J14: =(E14*2240)+(F14*112)+(G14*28)+H14 -> 0 | L14: =J14/2240 -> 0
A15: 1754 | B15: Chocolate | C15: Mountserat | D15: London | J15: =(E15*2240)+(F15*112)+(G15*28)+H15 -> 0 | L15: =J15/2240 -> 0
A16: 1754 | B16: Cocheneal | C16: Mountserat | D16: London | J16: =(E16*2240)+(F16*112)+(G16*28)+H16 -> 0 | L16: =J16/2240 -> 0
A17: 1754 | B17: Cocoa Nuts | C17: Mountserat | D17: London | J17: =(E17*2240)+(F17*112)+(G17*28)+H17 -> 0 | L17: =J17/2240 -> 0
A18: 1754 | B18: Cocoa Paste | C18: Mountserat | D18: London | J18: =(E18*2240)+(F18*112)+(G18*28)+H18 -> 0 | L18: =J18/2240 -> 0
A19: 1754 | B19: Coffee | C19: Mountserat | D19: London | J19: =(E19*2240)+(F19*112)+(G19*28)+H19 -> 0 | L19: =J19/2240 -> 0
A20: 1754 | B20: Cortex Peru | C20: Mountserat | D20: London | J20: =(E20*2240)+(F20*112)+(G20*28)+H20 -> 0 | L20: =J20/2240 -> 0
A21: 1754 | B21: Cortex Winteranus | C21: Mountserat | D21: London | J21: =(E21*2240)+(F21*112)+(G21*28)+H21 -> 0 | L21: =J21/2240 -> 0
A22: 1754 | B22: Cotton | C22: Mountserat | D22: London | H22: =120*200 -> 24000 | I22: 120bags | J22: =(E22*2240)+(F22*112)+(G22*28)+H22 -> 24000 | L22: =J22/2240 -> 10.714286
A23: 1754 | B23: Dry Ginger | C23: Mountserat | D23: London | F23: 512 | G23: 2 | H23: 8 | J23: =(E23*2240)+(F23*112)+(G23*28)+H23 -> 57408 | L23: =J23/2240 -> 25.628571
A24: 1754 | B24: Elephant Teeth | C24: Mountserat | D24: London | F24: 3 | G24: 3 | H24: 20 | J24: =(E24*2240)+(F24*112)+(G24*28)+H24 -> 440 | L24: =J24/2240 -> 0.19642857
A25: 1754 | B25: Green Ginger | C25: Mountserat | D25: London | H25: 23 | J25: =(E25*2240)+(F25*112)+(G25*28)+H25 -> 23 | L25: =J25/2240 -> 0.010267857
A26: 1754 | B26: Guinea Grains | C26: Mountserat | D26: London | H26: 419 | J26: =(E26*2240)+(F26*112)+(G26*28)+H26 -> 419 | L26: =J26/2240 -> 0.18705357
A27: 1754 | B27: Gum Guiaci | C27: Mountserat | D27: London | H27: 169 | J27: =(E27*2240)+(F27*112)+(G27*28)+H27 -> 169 | L27: =J27/2240 -> 0.075446429
A28: 1754 | B28: Hemp | C28: Mountserat | D28: London | J28: =(E28*2240)+(F28*112)+(G28*28)+H28 -> 0 | L28: =J28/2240 -> 0
A29: 1754 | B29: Hypococania | C29: Mountserat | D29: London | J29: =(E29*2240)+(F29*112)+(G29*28)+H29 -> 0 | L29: =J29/2240 -> 0
A30: 1754 | B30: Indigo | C30: Mountserat | D30: London | H30: 1275 | J30: =(E30*2240)+(F30*112)+(G30*28)+H30 -> 1275 | L30: =J30/2240 -> 0.56919643
A31: 1754 | B31: Jollop | C31: Mountserat | D31: London | J31: =(E31*2240)+(F31*112)+(G31*28)+H31 -> 0 | L31: =J31/2240 -> 0
A32: 1754 | B32: Lemon Water | C32: Mountserat | D32: London | J32: =(E32*2240)+(F32*112)+(G32*28)+H32 -> 0 | L32: =J32/2240 -> 0
A33: 1754 | B33: Lignum Vitae | C33: Mountserat | D33: London | E33: 14 | F33: 14 | J33: =(E33*2240)+(F33*112)+(G33*28)+H33 -> 32928 | L33: =J33/2240 -> 14.7
A34: 1754 | B34: Lime Juice | C34: Mountserat | D34: London | J34: =(E34*2240)+(F34*112)+(G34*28)+H34 -> 0 | L34: =J34/2240 -> 0
A35: 1754 | B35: Loaf Sugar | C35: Mountserat | D35: London | J35: =(E35*2240)+(F35*112)+(G35*28)+H35 -> 0 | L35: =J35/2240 -> 0
A36: 1754 | B36: Madera Wine | C36: Mountserat | D36: London | H36: 141816.5 | I36: 56t 1h 3g | J36: =(E36*2240)+(F36*112)+(G36*28)+H36 -> 141816.5 | L36: =J36/2240 -> 63.310938
A37: 1754 | B37: Molasses | C37: Mountserat | D37: London | J37: =(E37*2240)+(F37*112)+(G37*28)+H37 -> 0 | L37: =J37/2240 -> 0
A38: 1754 | B38: Oranges | C38: Mountserat | D38: London | J38: =(E38*2240)+(F38*112)+(G38*28)+H38 -> 0 | L38: =J38/2240 -> 0
A39: 1754 | B39: Orchelia | C39: Mountserat | D39: London | J39: =(E39*2240)+(F39*112)+(G39*28)+H39 -> 0 | L39: =J39/2240 -> 0
A40: 1754 | B40: Pickles | C40: Mountserat | D40: London | J40: =(E40*2240)+(F40*112)+(G40*28)+H40 -> 0 | L40: =J40/2240 -> 0
A41: 1754 | B41: Pimento | C41: Mountserat | D41: London | J41: =(E41*2240)+(F41*112)+(G41*28)+H41 -> 0 | L41: =J41/2240 -> 0
A42: 1754 | B42: Rice | C42: Mountserat | D42: London | J42: =(E42*2240)+(F42*112)+(G42*28)+H42 -> 0 | L42: =J42/2240 -> 0
A43: 1754 | B43: Rum | C43: Mountserat | D43: London | H43: 86312 | I43: 8629g | J43: =(E43*2240)+(F43*112)+(G43*28)+H43 -> 86312 | L43: =J43/2240 -> 38.532143
A44: 1754 | B44: Sasparilla | C44: Mountserat | D44: London | J44: =(E44*2240)+(F44*112)+(G44*28)+H44 -> 0 | L44: =J44/2240 -> 0
A45: 1754 | B45: Saunders Yellow | C45: Mountserat | D45: London | J45: =(E45*2240)+(F45*112)+(G45*28)+H45 -> 0 | L45: =J45/2240 -> 0
A46: 1754 | B46: Shruff | C46: Mountserat | D46: London | J46: =(E46*2240)+(F46*112)+(G46*28)+H46 -> 0 | L46: =J46/2240 -> 0
A47: 1754 | B47: Snuff | C47: Mountserat | D47: London | J47: =(E47*2240)+(F47*112)+(G47*28)+H47 -> 0 | L47: =J47/2240 -> 0
A48: 1754 | B48: Smalts | C48: Mountserat | D48: London | J48: =(E48*2240)+(F48*112)+(G48*28)+H48 -> 0 | L48: =J48/2240 -> 0
A49: 1754 | B49: Succads | C49: Mountserat | D49: London | H49: 161 | J49: =(E49*2240)+(F49*112)+(G49*28)+H49 -> 161 | L49: =J49/2240 -> 0.071875
A50: 1754 | B50: Tamarinds | C50: Mountserat | D50: London | H50: 19 | J50: =(E50*2240)+(F50*112)+(G50*28)+H50 -> 19 | L50: =J50/2240 -> 0.0084821429
A51: 1754 | B51: Tobacco | C51: Mountserat | D51: London | J51: =(E51*2240)+(F51*112)+(G51*28)+H51 -> 0 | L51: =J51/2240 -> 0
A52: 1754 | B52: Tortoise Shell | C52: Mountserat | D52: London | H52: 200 | J52: =(E52*2240)+(F52*112)+(G52*28)+H52 -> 200 | L52: =J52/2240 -> 0.089285714
A53: 1754 | B53: White Sugar | C53: Mountserat | D53: London | J53: =(E53*2240)+(F53*112)+(G53*28)+H53 -> 0 | L53: =J53/2240 -> 0
A54: 1754 | B54: Wood, Braziletto | C54: Mountserat | D54: London | J54: =(E54*2240)+(F54*112)+(G54*28)+H54 -> 0 | L54: =J54/2240 -> 0
A55: 1754 | B55: Wood, Cocoa | C55: Mountserat | D55: London | J55: =(E55*2240)+(F55*112)+(G55*28)+H55 -> 0 | L55: =J55/2240 -> 0
A56: 1754 | B56: Wood, Ebony | C56: Mountserat | D56: London | J56: =(E56*2240)+(F56*112)+(G56*28)+H56 -> 0 | L56: =J56/2240 -> 0
A57: 1754 | B57: Wood, Fustick | C57: Mountserat | D57: London | F57: 10 | H57: 308 | J57: =(E57*2240)+(F57*112)+(G57*28)+H57 -> 1428 | L57: =J57/2240 -> 0.6375
A58: 1754 | B58: Wood, Iron | C58: Mountserat | D58: London | J58: =(E58*2240)+(F58*112)+(G58*28)+H58 -> 0 | L58: =J58/2240 -> 0
A59: 1754 | B59: Wood, Logwood | C59: Mountserat | D59: London | J59: =(E59*2240)+(F59*112)+(G59*28)+H59 -> 0 | L59: =J59/2240 -> 0
A60: 1754 | B60: Wood, Mahogany | C60: Mountserat | D60: London | J60: =(E60*2240)+(F60*112)+(G60*28)+H60 -> 0 | L60: =J60/2240 -> 0
A61: 1754 | B61: Wood, Nicaragua | C61: Mountserat | D61: London | J61: =(E61*2240)+(F61*112)+(G61*28)+H61 -> 0 | L61: =J61/2240 -> 0
A62: 1754 | B62: Wood, Redwood | C62: Mountserat | D62: London | J62: =(E62*2240)+(F62*112)+(G62*28)+H62 -> 0 | L62: =J62/2240 -> 0
A63: 1754 | B63: Wood, Sweetwood | C63: Mountserat | D63: London | J63: =(E63*2240)+(F63*112)+(G63*28)+H63 -> 0 | L63: =J63/2240 -> 0
A64: 1754 | B64: Almonds, Bitter | C64: Mountserat | D64: Out Ports | J64: =(E64*2240)+(F64*112)+(G64*28)+H64 -> 0 | L64: =J64/2240 -> 0
A65: 1754 | B65: Almonds, Sweet | C65: Mountserat | D65: Out Ports | J65: =(E65*2240)+(F65*112)+(G65*28)+H65 -> 0 | L65: =J65/2240 -> 0
A66: 1754 | B66: Aloes Epatica | C66: Mountserat | D66: Out Ports | J66: =(E66*2240)+(F66*112)+(G66*28)+H66 -> 0 | L66: =J66/2240 -> 0
A67: 1754 | B67: Annatto | C67: Mountserat | D67: Out Ports | J67: =(E67*2240)+(F67*112)+(G67*28)+H67 -> 0 | L67: =J67/2240 -> 0
A68: 1754 | B68: Anniseeds | C68: Mountserat | D68: Out Ports | J68: =(E68*2240)+(F68*112)+(G68*28)+H68 -> 0 | L68: =J68/2240 -> 0
A69: 1754 | B69: Bacon | C69: Mountserat | D69: Out Ports | J69: =(E69*2240)+(F69*112)+(G69*28)+H69 -> 0 | L69: =J69/2240 -> 0
... A71: 1754 | B71: Bay Berries | C71: Mountserat | D71: Out Ports | J71: =(E71*2240)+(F71*112)+(G71*28)+H71 -> 0 | L71: =J71/2240 -> 0
A72: 1754 | B72: Bees Wax | C72: Mountserat | D72: Out Ports | F72: 5 | J72: =(E72*2240)+(F72*112)+(G72*28)+H72 -> 560 | L72: =J72/2240 -> 0.25
A73: 1754 | B73: Brimstone | C73: Mountserat | D73: Out Ports | J73: =(E73*2240)+(F73*112)+(G73*28)+H73 -> 0 | L73: =J73/2240 -> 0
A74: 1754 | B74: Brown Sugar | C74: Mountserat | D74: Out Ports | F74: 2050 | G74: 2 | J74: =(E74*2240)+(F74*112)+(G74*28)+H74 -> 229656 | L74: =J74/2240 -> 102.525
A75: 1754 | B75: Cassia Fistula | C75: Mountserat | D75: Out Ports | J75: =(E75*2240)+(F75*112)+(G75*28)+H75 -> 0 | L75: =J75/2240 -> 0
A76: 1754 | B76: Chocolate | C76: Mountserat | D76: Out Ports | J76: =(E76*2240)+(F76*112)+(G76*28)+H76 -> 0 | L76: =J76/2240 -> 0
A77: 1754 | B77: Cocheneal | C77: Mountserat | D77: Out Ports | J77: =(E77*2240)+(F77*112)+(G77*28)+H77 -> 0 | L77: =J77/2240 -> 0
A78: 1754 | B78: Cocoa Nuts | C78: Mountserat | D78: Out Ports | J78: =(E78*2240)+(F78*112)+(G78*28)+H78 -> 0 | L78: =J78/2240 -> 0
A79: 1754 | B79: Cocoa Paste | C79: Mountserat | D79: Out Ports | J79: =(E79*2240)+(F79*112)+(G79*28)+H79 -> 0 | L79: =J79/2240 -> 0
A80: 1754 | B80: Coffee | C80: Mountserat | D80: Out Ports | J80: =(E80*2240)+(F80*112)+(G80*28)+H80 -> 0 | L80: =J80/2240 -> 0
A81: 1754 | B81: Cortex Peru | C81: Mountserat | D81: Out Ports | J81: =(E81*2240)+(F81*112)+(G81*28)+H81 -> 0 | L81: =J81/2240 -> 0
A82: 1754 | B82: Cortex Winteranus | C82: Mountserat | D82: Out Ports | J82: =(E82*2240)+(F82*112)+(G82*28)+H82 -> 0 | L82: =J82/2240 -> 0
A83: 1754 | B83: Cotton | C83: Mountserat | D83: Out Ports | H83: =153*200 -> 30600 | I83: 153bags | J83: =(E83*2240)+(F83*112)+(G83*28)+H83 -> 30600 | L83: =J83/2240 -> 13.660714
A84: 1754 | B84: Dry Ginger | C84: Mountserat | D84: Out Ports | J84: =(E84*2240)+(F84*112)+(G84*28)+H84 -> 0 | L84: =J84/2240 -> 0
A85: 1754 | B85: Elephant Teeth | C85: Mountserat | D85: Out Ports | F85: 4 | G85: 2 | J85: =(E85*2240)+(F85*112)+(G85*28)+H85 -> 504 | L85: =J85/2240 -> 0.225
A86: 1754 | B86: Green Ginger | C86: Mountserat | D86: Out Ports | J86: =(E86*2240)+(F86*112)+(G86*28)+H86 -> 0 | L86: =J86/2240 -> 0
A87: 1754 | B87: Guinea Grains | C87: Mountserat | D87: Out Ports | J87: =(E87*2240)+(F87*112)+(G87*28)+H87 -> 0 | L87: =J87/2240 -> 0
A88: 1754 | B88: Gum Guiaci | C88: Mountserat | D88: Out Ports | J88: =(E88*2240)+(F88*112)+(G88*28)+H88 -> 0 | L88: =J88/2240 -> 0
A89: 1754 | B89: Hemp | C89: Mountserat | D89: Out Ports | J89: =(E89*2240)+(F89*112)+(G89*28)+H89 -> 0 | L89: =J89/2240 -> 0
A90: 1754 | B90: Hypococania | C90: Mountserat | D90: Out Ports | J90: =(E90*2240)+(F90*112)+(G90*28)+H90 -> 0 | L90: =J90/2240 -> 0
A91: 1754 | B91: Indigo | C91: Mountserat | D91: Out Ports | J91: =(E91*2240)+(F91*112)+(G91*28)+H91 -> 0 | L91: =J91/2240 -> 0
A92: 1754 | B92: Jollop | C92: Mountserat | D92: Out Ports | J92: =(E92*2240)+(F92*112)+(G92*28)+H92 -> 0 | L92: =J92/2240 -> 0
A93: 1754 | B93: Lemon Water | C93: Mountserat | D93: Out Ports | J93: =(E93*2240)+(F93*112)+(G93*28)+H93 -> 0 | L93: =J93/2240 -> 0
A94: 1754 | B94: Lignum Vitae | C94: Mountserat | D94: Out Ports | E94: 3 | F94: 3 | H94: 10 | J94: =(E94*2240)+(F94*112)+(G94*28)+H94 -> 7066 | L94: =J94/2240 -> 3.1544643
A95: 1754 | B95: Lime Juice | C95: Mountserat | D95: Out Ports | J95: =(E95*2240)+(F95*112)+(G95*28)+H95 -> 0 | L95: =J95/2240 -> 0
A96: 1754 | B96: Loaf Sugar | C96: Mountserat | D96: Out Ports | J96: =(E96*2240)+(F96*112)+(G96*28)+H96 -> 0 | L96: =J96/2240 -> 0
A97: 1754 | B97: Madera Wine | C97: Mountserat | D97: Out Ports | J97: =(E97*2240)+(F97*112)+(G97*28)+H97 -> 0 | L97: =J97/2240 -> 0
A98: 1754 | B98: Molasses | C98: Mountserat | D98: Out Ports | J98: =(E98*2240)+(F98*112)+(G98*28)+H98 -> 0 | L98: =J98/2240 -> 0
A99: 1754 | B99: Old Pewter | C99: Mountserat | D99: Out Ports | J99: =(E99*2240)+(F99*112)+(G99*28)+H99 -> 0 | L99: =J99/2240 -> 0
A100: 1754 | B100: Oranges | C100: Mountserat | D100: Out Ports | J100: =(E100*2240)+(F100*112)+(G100*28)+H100 -> 0 | L100: =J100/2240 -> 0
A101: 1754 | B101: Orchelia | C101: Mountserat | D101: Out Ports | J101: =(E101*2240)+(F101*112)+(G101*28)+H101 -> 0 | L101: =J101/2240 -> 0
...

Sheet Nevis
A1: YEAR | B1: COMMODITY_NAME | C1: FROM_LOCATION | D1: TO_LOCATION | E1: ton | F1: hh | G1: quarter | H1: lb | J1: Total Pounds | L1: WEIGHT
A2: 1754 | B2: Almonds, Bitter | C2: Nevis | D2: London | J2: =(E2*2240)+(F2*112)+(G2*28)+H2 -> 0 | L2: =J2/2240 -> 0
A3: 1754 | B3: Almonds, Sweet | C3: Nevis | D3: London | J3: =(E3*2240)+(F3*112)+(G3*28)+H3 -> 0 | L3: =J3/2240 -> 0
A4: 1754 | B4: Aloes Epatica | C4: Nevis | D4: London | J4: =(E4*2240)+(F4*112)+(G4*28)+H4 -> 0 | L4: =J4/2240 -> 0
A5: 1754 | B5: Annatto | C5: Nevis | D5: London | J5: =(E5*2240)+(F5*112)+(G5*28)+H5 -> 0 | L5: =J5/2240 -> 0
A6: 1754 | B6: Anniseeds | C6: Nevis | D6: London | J6: =(E6*2240)+(F6*112)+(G6*28)+H6 -> 0 | L6: =J6/2240 -> 0
A7: 1754 | B7: Bacon | C7: Nevis | D7: London | J7: =(E7*2240)+(F7*112)+(G7*28)+H7 -> 0 | L7: =J7/2240 -> 0
A8: 1754 | B8: Barrel Staves | C8: Nevis | D8: London | J8: =(E8*2240)+(F8*112)+(G8*28)+H8 -> 0 | L8: =J8/2240 -> 0
A9: 1754 | B9: Bay Berries | C9: Nevis | D9: London | J9: =(E9*2240)+(F9*112)+(G9*28)+H9 -> 0 | L9: =J9/2240 -> 0
A10: 1754 | B10: Bees Wax | C10: Nevis | D10: London | J10: =(E10*2240)+(F10*112)+(G10*28)+H10 -> 0 | L10: =J10/2240 -> 0
A11: 1754 | B11: Brimstone | C11: Nevis | D11: London | J11: =(E11*2240)+(F11*112)+(G11*28)+H11 -> 0 | L11: =J11/2240 -> 0
A12: 1754 | B12: Brown Sugar | C12: Nevis | D12: London | F12: 24568 | H12: 12 | J12: =(E12*2240)+(F12*112)+(G12*28)+H12 -> 2751628 | L12: =J12/2240 -> 1228.4054
A13: 1754 | B13: Cascarilla | C13: Nevis | D13: London | J13: =(E13*2240)+(F13*112)+(G13*28)+H13 -> 0 | L13: =J13/2240 -> 0
A14: 1754 | B14: Cassia Fistula | C14: Nevis | D14: London | J14: =(E14*2240)+(F14*112)+(G14*28)+H14 -> 0 | L14: =J14/2240 -> 0
A15: 1754 | B15: Chocolate | C15: Nevis | D15: London | J15: =(E15*2240)+(F15*112)+(G15*28)+H15 -> 0 | L15: =J15/2240 -> 0
A16: 1754 | B16: Cocheneal | C16: Nevis | D16: London | J16: =(E16*2240)+(F16*112)+(G16*28)+H16 -> 0 | L16: =J16/2240 -> 0
A17: 1754 | B17: Cocoa Nuts | C17: Nevis | D17: London | J17: =(E17*2240)+(F17*112)+(G17*28)+H17 -> 0 | L17: =J17/2240 -> 0
A18: 1754 | B18: Cocoa Paste | C18: Nevis | D18: London | J18: =(E18*2240)+(F18*112)+(G18*28)+H18 -> 0 | L18: =J18/2240 -> 0
A19: 1754 | B19: Coffee | C19: Nevis | D19: London | J19: =(E19*2240)+(F19*112)+(G19*28)+H19 -> 0 | L19: =J19/2240 -> 0
A20: 1754 | B20: Cortex Peru | C20: Nevis | D20: London | J20: =(E20*2240)+(F20*112)+(G20*28)+H20 -> 0 | L20: =J20/2240 -> 0
A21: 1754 | B21: Cortex Winteranus | C21: Nevis | D21: London | J21: =(E21*2240)+(F21*112)+(G21*28)+H21 -> 0 | L21: =J21/2240 -> 0
A22: 1754 | B22: Cotton | C22: Nevis | D22: London | H22: =54*200 -> 10800 | I22: 54bags | J22: =(E22*2240)+(F22*112)+(G22*28)+H22 -> 10800 | L22: =J22/2240 -> 4.8214286
A23: 1754 | B23: Dry Ginger | C23: Nevis | D23: London | J23: =(E23*2240)+(F23*112)+(G23*28)+H23 -> 0 | L23: =J23/2240 -> 0
A24: 1754 | B24: Elephant Teeth | C24: Nevis | D24: London | J24: =(E24*2240)+(F24*112)+(G24*28)+H24 -> 0 | L24: =J24/2240 -> 0
A25: 1754 | B25: Green Ginger | C25: Nevis | D25: London | J25: =(E25*2240)+(F25*112)+(G25*28)+H25 -> 0 | L25: =J25/2240 -> 0
A26: 1754 | B26: Guinea Grains | C26: Nevis | D26: London | J26: =(E26*2240)+(F26*112)+(G26*28)+H26 -> 0 | L26: =J26/2240 -> 0
A27: 1754 | B27: Gum Guiaci | C27: Nevis | D27: London | J27: =(E27*2240)+(F27*112)+(G27*28)+H27 -> 0 | L27: =J27/2240 -> 0
A28: 1754 | B28: Hemp | C28: Nevis | D28: London | J28: =(E28*2240)+(F28*112)+(G28*28)+H28 -> 0 | L28: =J28/2240 -> 0
A29: 1754 | B29: Hypococania | C29: Nevis | D29: London | J29: =(E29*2240)+(F29*112)+(G29*28)+H29 -> 0 | L29: =J29/2240 -> 0
A30: 1754 | B30: Indigo | C30: Nevis | D30: London | J30: =(E30*2240)+(F30*112)+(G30*28)+H30 -> 0 | L30: =J30/2240 -> 0
A31: 1754 | B31: Jollop | C31: Nevis | D31: London | J31: =(E31*2240)+(F31*112)+(G31*28)+H31 -> 0 | L31: =J31/2240 -> 0
A32: 1754 | B32: Lemon Water | C32: Nevis | D32: London | J32: =(E32*2240)+(F32*112)+(G32*28)+H32 -> 0 | L32: =J32/2240 -> 0
A33: 1754 | B33: Lignum Vitae | C33: Nevis | D33: London | J33: =(E33*2240)+(F33*112)+(G33*28)+H33 -> 0 | L33: =J33/2240 -> 0
A34: 1754 | B34: Lime Juice | C34: Nevis | D34: London | J34: =(E34*2240)+(F34*112)+(G34*28)+H34 -> 0 | L34: =J34/2240 -> 0
A35: 1754 | B35: Loaf Sugar | C35: Nevis | D35: London | J35: =(E35*2240)+(F35*112)+(G35*28)+H35 -> 0 | L35: =J35/2240 -> 0
A36: 1754 | B36: Madera Wine | C36: Nevis | D36: London | H36: 3991 | I36: 1t 2h 21g | J36: =(E36*2240)+(F36*112)+(G36*28)+H36 -> 3991 | L36: =J36/2240 -> 1.7816964
A37: 1754 | B37: Molasses | C37: Nevis | D37: London | J37: =(E37*2240)+(F37*112)+(G37*28)+H37 -> 0 | L37: =J37/2240 -> 0
A38: 1754 | B38: Oranges | C38: Nevis | D38: London | J38: =(E38*2240)+(F38*112)+(G38*28)+H38 -> 0 | L38: =J38/2240 -> 0
A39: 1754 | B39: Orchelia | C39: Nevis | D39: London | J39: =(E39*2240)+(F39*112)+(G39*28)+H39 -> 0 | L39: =J39/2240 -> 0
A40: 1754 | B40: Pickles | C40: Nevis | D40: London | J40: =(E40*2240)+(F40*112)+(G40*28)+H40 -> 0 | L40: =J40/2240 -> 0
A41: 1754 | B41: Pimento | C41: Nevis | D41: London | J41: =(E41*2240)+(F41*112)+(G41*28)+H41 -> 0 | L41: =J41/2240 -> 0
A42: 1754 | B42: Rice | C42: Nevis | D42: London | J42: =(E42*2240)+(F42*112)+(G42*28)+H42 -> 0 | L42: =J42/2240 -> 0
A43: 1754 | B43: Rum | C43: Nevis | D43: London | H43: 19405 | I43: 1940g | J43: =(E43*2240)+(F43*112)+(G43*28)+H43 -> 19405 | L43: =J43/2240 -> 8.6629464
A44: 1754 | B44: Sasparilla | C44: Nevis | D44: London | J44: =(E44*2240)+(F44*112)+(G44*28)+H44 -> 0 | L44: =J44/2240 -> 0
A45: 1754 | B45: Saunders Yellow | C45: Nevis | D45: London | J45: =(E45*2240)+(F45*112)+(G45*28)+H45 -> 0 | L45: =J45/2240 -> 0
A46: 1754 | B46: Shruff | C46: Nevis | D46: London | J46: =(E46*2240)+(F46*112)+(G46*28)+H46 -> 0 | L46: =J46/2240 -> 0
A47: 1754 | B47: Snuff | C47: Nevis | D47: London | J47: =(E47*2240)+(F47*112)+(G47*28)+H47 -> 0 | L47: =J47/2240 -> 0
A48: 1754 | B48: Smalts | C48: Nevis | D48: London | J48: =(E48*2240)+(F48*112)+(G48*28)+H48 -> 0 | L48: =J48/2240 -> 0
A49: 1754 | B49: Succads | C49: Nevis | D49: London | H49: 27 | J49: =(E49*2240)+(F49*112)+(G49*28)+H49 -> 27 | L49: =J49/2240 -> 0.012053571
A50: 1754 | B50: Tamarinds | C50: Nevis | D50: London | J50: =(E50*2240)+(F50*112)+(G50*28)+H50 -> 0 | L50: =J50/2240 -> 0
A51: 1754 | B51: Tobacco | C51: Nevis | D51: London | J51: =(E51*2240)+(F51*112)+(G51*28)+H51 -> 0 | L51: =J51/2240 -> 0
A52: 1754 | B52: Tortoise Shell | C52: Nevis | D52: London | J52: =(E52*2240)+(F52*112)+(G52*28)+H52 -> 0 | L52: =J52/2240 -> 0
A53: 1754 | B53: White Sugar | C53: Nevis | D53: London | J53: =(E53*2240)+(F53*112)+(G53*28)+H53 -> 0 | L53: =J53/2240 -> 0
A54: 1754 | B54: Wood, Boxwood | C54: Nevis | D54: London | E54: 1 | F54: 3 | G54: 2 | H54: 21 | J54: =(E54*2240)+(F54*112)+(G54*28)+H54 -> 2653 | L54: =J54/2240 -> 1.184375
A55: 1754 | B55: Wood, Braziletto | C55: Nevis | D55: London | E55: 6 | J55: =(E55*2240)+(F55*112)+(G55*28)+H55 -> 13440 | L55: =J55/2240 -> 6
A56: 1754 | B56: Wood, Cocoa | C56: Nevis | D56: London | J56: =(E56*2240)+(F56*112)+(G56*28)+H56 -> 0 | L56: =J56/2240 -> 0
A57: 1754 | B57: Wood, Ebony | C57: Nevis | D57: London | J57: =(E57*2240)+(F57*112)+(G57*28)+H57 -> 0 | L57: =J57/2240 -> 0
A58: 1754 | B58: Wood, Fustick | C58: Nevis | D58: London | E58: 12 | J58: =(E58*2240)+(F58*112)+(G58*28)+H58 -> 26880 | L58: =J58/2240 -> 12
A59: 1754 | B59: Wood, Iron | C59: Nevis | D59: London | J59: =(E59*2240)+(F59*112)+(G59*28)+H59 -> 0 | L59: =J59/2240 -> 0
A60: 1754 | B60: Wood, Logwood | C60: Nevis | D60: London | J60: =(E60*2240)+(F60*112)+(G60*28)+H60 -> 0 | L60: =J60/2240 -> 0
A61: 1754 | B61: Wood, Mahogany | C61: Nevis | D61: London | E61: 1 | J61: =(E61*2240)+(F61*112)+(G61*28)+H61 -> 2240 | L61: =J61/2240 -> 1
A62: 1754 | B62: Wood, Nicaragua | C62: Nevis | D62: London | J62: =(E62*2240)+(F62*112)+(G62*28)+H62 -> 0 | L62: =J62/2240 -> 0
A63: 1754 | B63: Wood, Redwood | C63: Nevis | D63: London | J63: =(E63*2240)+(F63*112)+(G63*28)+H63 -> 0 | L63: =J63/2240 -> 0
A64: 1754 | B64: Wood, Sweetwood | C64: Nevis | D64: London | J64: =(E64*2240)+(F64*112)+(G64*28)+H64 -> 0 | L64: =J64/2240 -> 0
A65: 1754 | B65: Almonds, Bitter | C65: Nevis | D65: Out Ports | J65: =(E65*2240)+(F65*112)+(G65*28)+H65 -> 0 | L65: =J65/2240 -> 0
A66: 1754 | B66: Almonds, Sweet | C66: Nevis | D66: Out Ports | J66: =(E66*2240)+(F66*112)+(G66*28)+H66 -> 0 | L66: =J66/2240 -> 0
A67: 1754 | B67: Aloes Epatica | C67: Nevis | D67: Out Ports | J67: =(E67*2240)+(F67*112)+(G67*28)+H67 -> 0 | L67: =J67/2240 -> 0
A68: 1754 | B68: Annatto | C68: Nevis | D68: Out Ports | J68: =(E68*2240)+(F68*112)+(G68*28)+H68 -> 0 | L68: =J68/2240 -> 0
A69: 1754 | B69: Anniseeds | C69: Nevis | D69: Out Ports | J69: =(E69*2240)+(F69*112)+(G69*28)+H69 -> 0 | L69: =J69/2240 -> 0
A70: 1754 | B70: Bacon | C70: Nevis | D70: Out Ports | J70: =(E70*2240)+(F70*112)+(G70*28)+H70 -> 0 | L70: =J70/2240 -> 0
A71: 1754 | B71: Barrel Staves | C71: Nevis | D71: Out Ports | J71: =(E71*2240)+(F71*112)+(G71*28)+H71 -> 0 | L71: =J71/2240 -> 0
A72: 1754 | B72: Bay Berries | C72: Nevis | D72: Out Ports | J72: =(E72*2240)+(F72*112)+(G72*28)+H72 -> 0 | L72: =J72/2240 -> 0
A73: 1754 | B73: Bees Wax | C73: Nevis | D73: Out Ports | J73: =(E73*2240)+(F73*112)+(G73*28)+H73 -> 0 | L73: =J73/2240 -> 0
A74: 1754 | B74: Brimstone | C74: Nevis | D74: Out Ports | J74: =(E74*2240)+(F74*112)+(G74*28)+H74 -> 0 | L74: =J74/2240 -> 0
A75: 1754 | B75: Brown Sugar | C75: Nevis | D75: Out Ports | F75: 6168 | G75: 2 | H75: 16 | J75: =(E75*2240)+(F75*112)+(G75*28)+H75 -> 690888 | L75: =J75/2240 -> 308.43214
A76: 1754 | B76: Cassia Fistula | C76: Nevis | D76: Out Ports | J76: =(E76*2240)+(F76*112)+(G76*28)+H76 -> 0 | L76: =J76/2240 -> 0
A77: 1754 | B77: Chocolate | C77: Nevis | D77: Out Ports | J77: =(E77*2240)+(F77*112)+(G77*28)+H77 -> 0 | L77: =J77/2240 -> 0
A78: 1754 | B78: Cocheneal | C78: Nevis | D78: Out Ports | J78: =(E78*2240)+(F78*112)+(G78*28)+H78 -> 0 | L78: =J78/2240 -> 0
A79: 1754 | B79: Cocoa Nuts | C79: Nevis | D79: Out Ports | J79: =(E79*2240)+(F79*112)+(G79*28)+H79 -> 0 | L79: =J79/2240 -> 0
A80: 1754 | B80: Cocoa Paste | C80: Nevis | D80: Out Ports | J80: =(E80*2240)+(F80*112)+(G80*28)+H80 -> 0 | L80: =J80/2240 -> 0
A81: 1754 | B81: Coffee | C81: Nevis | D81: Out Ports | J81: =(E81*2240)+(F81*112)+(G81*28)+H81 -> 0 | L81: =J81/2240 -> 0
A82: 1754 | B82: Cortex Peru | C82: Nevis | D82: Out Ports | J82: =(E82*2240)+(F82*112)+(G82*28)+H82 -> 0 | L82: =J82/2240 -> 0
A83: 1754 | B83: Cortex Winteranus | C83: Nevis | D83: Out Ports | J83: =(E83*2240)+(F83*112)+(G83*28)+H83 -> 0 | L83: =J83/2240 -> 0
A84: 1754 | B84: Cotton | C84: Nevis | D84: Out Ports | H84: =131.5*200 -> 26300 | I84: 131.5bags | J84: =(E84*2240)+(F84*112)+(G84*28)+H84 -> 26300 | L84: =J84/2240 -> 11.741071
A85: 1754 | B85: Dry Ginger | C85: Nevis | D85: Out Ports | J85: =(E85*2240)+(F85*112)+(G85*28)+H85 -> 0 | L85: =J85/2240 -> 0
A86: 1754 | B86: Elephant Teeth | C86: Nevis | D86: Out Ports | J86: =(E86*2240)+(F86*112)+(G86*28)+H86 -> 0 | L86: =J86/2240 -> 0
A87: 1754 | B87: Green Ginger | C87: Nevis | D87: Out Ports | J87: =(E87*2240)+(F87*112)+(G87*28)+H87 -> 0 | L87: =J87/2240 -> 0
A88: 1754 | B88: Guinea Grains | C88: Nevis | D88: Out Ports | J88: =(E88*2240)+(F88*112)+(G88*28)+H88 -> 0 | L88: =J88/2240 -> 0
A89: 1754 | B89: Gum Guiaci | C89: Nevis | D89: Out Ports | H89: 491 | J89: =(E89*2240)+(F89*112)+(G89*28)+H89 -> 491 | L89: =J89/2240 -> 0.21919643
A90: 1754 | B90: Hemp | C90: Nevis | D90: Out Ports | J90: =(E90*2240)+(F90*112)+(G90*28)+H90 -> 0 | L90: =J90/2240 -> 0
A91: 1754 | B91: Hypococania | C91: Nevis | D91: Out Ports | J91: =(E91*2240)+(F91*112)+(G91*28)+H91 -> 0 | L91: =J91/2240 -> 0
A92: 1754 | B92: Indigo | C92: Nevis | D92: Out Ports | J92: =(E92*2240)+(F92*112)+(G92*28)+H92 -> 0 | L92: =J92/2240 -> 0
A93: 1754 | B93: Jollop | C93: Nevis | D93: Out Ports | J93: =(E93*2240)+(F93*112)+(G93*28)+H93 -> 0 | L93: =J93/2240 -> 0
A94: 1754 | B94: Lemon Water | C94: Nevis | D94: Out Ports | J94: =(E94*2240)+(F94*112)+(G94*28)+H94 -> 0 | L94: =J94/2240 -> 0
A95: 1754 | B95: Lignum Vitae | C95: Nevis | D95: Out Ports | J95: =(E95*2240)+(F95*112)+(G95*28)+H95 -> 0 | L95: =J95/2240 -> 0
A96: 1754 | B96: Lime Juice | C96: Nevis | D96: Out Ports | J96: =(E96*2240)+(F96*112)+(G96*28)+H96 -> 0 | L96: =J96/2240 -> 0
A97: 1754 | B97: Loaf Sugar | C97: Nevis | D97: Out Ports | J97: =(E97*2240)+(F97*112)+(G97*28)+H97 -> 0 | L97: =J97/2240 -> 0
A98: 1754 | B98: Madera Wine | C98: Nevis | D98: Out Ports | H98: 10713 | I98: 4t 1h | J98: =(E98*2240)+(F98*112)+(G98*28)+H98 -> 10713 | L98: =J98/2240 -> 4.7825893
A99: 1754 | B99: Molasses | C99: Nevis | D99: Out Ports | J99: =(E99*2240)+(F99*112)+(G99*28)+H99 -> 0 | L99: =J99/2240 -> 0
A100: 1754 | B100: Old Pewter | C100: Nevis | D100: Out Ports | J100: =(E100*2240)+(F100*112)+(G100*28)+H100 -> 0 | L100: =J100/2240 -> 0
...

Sheet St Kitts
A1: YEAR | B1: COMMODITY_NAME | C1: FROM_LOCATION | D1: TO_LOCATION | E1: ton | F1: hh | G1: quarter | H1: lb | J1: Total Pounds | L1: WEIGHT
A2: 1754 | B2: Almonds, Bitter | C2: StKitts | D2: London | J2: =(E2*2240)+(F2*112)+(G2*28)+H2 -> 0 | L2: =J2/2240 -> 0
A3: 1754 | B3: Almonds, Sweet | C3: StKitts | D3: London | J3: =(E3*2240)+(F3*112)+(G3*28)+H3 -> 0 | L3: =J3/2240 -> 0
A4: 1754 | B4: Aloes Epatica | C4: StKitts | D4: London | J4: =(E4*2240)+(F4*112)+(G4*28)+H4 -> 0 | L4: =J4/2240 -> 0
A5: 1754 | B5: Annatto | C5: StKitts | D5: London | J5: =(E5*2240)+(F5*112)+(G5*28)+H5 -> 0 | L5: =J5/2240 -> 0
A6: 1754 | B6: Anniseeds | C6: StKitts | D6: London | J6: =(E6*2240)+(F6*112)+(G6*28)+H6 -> 0 | L6: =J6/2240 -> 0
A7: 1754 | B7: Bacon | C7: StKitts | D7: London | J7: =(E7*2240)+(F7*112)+(G7*28)+H7 -> 0 | L7: =J7/2240 -> 0
A8: 1754 | B8: Barrel Staves | C8: StKitts | D8: London | J8: =(E8*2240)+(F8*112)+(G8*28)+H8 -> 0 | L8: =J8/2240 -> 0
A9: 1754 | B9: Bay Berries | C9: StKitts | D9: London | J9: =(E9*2240)+(F9*112)+(G9*28)+H9 -> 0 | L9: =J9/2240 -> 0
A10: 1754 | B10: Bees Wax | C10: StKitts | D10: London | J10: =(E10*2240)+(F10*112)+(G10*28)+H10 -> 0 | L10: =J10/2240 -> 0
A11: 1754 | B11: Brimstone | C11: StKitts | D11: London | J11: =(E11*2240)+(F11*112)+(G11*28)+H11 -> 0 | L11: =J11/2240 -> 0
A12: 1754 | B12: Brown Sugar | C12: StKitts | D12: London | F12: 108109 | H12: 18 | J12: =(E12*2240)+(F12*112)+(G12*28)+H12 -> 12108226 | L12: =J12/2240 -> 5405.458
A13: 1754 | B13: Cascarilla | C13: StKitts | D13: London | J13: =(E13*2240)+(F13*112)+(G13*28)+H13 -> 0 | L13: =J13/2240 -> 0
A14: 1754 | B14: Cassia Fistula | C14: StKitts | D14: London | J14: =(E14*2240)+(F14*112)+(G14*28)+H14 -> 0 | L14: =J14/2240 -> 0
A15: 1754 | B15: Chocolate | C15: StKitts | D15: London | J15: =(E15*2240)+(F15*112)+(G15*28)+H15 -> 0 | L15: =J15/2240 -> 0
A16: 1754 | B16: Cocheneal | C16: StKitts | D16: London | J16: =(E16*2240)+(F16*112)+(G16*28)+H16 -> 0 | L16: =J16/2240 -> 0
A17: 1754 | B17: Cocoa Nuts | C17: StKitts | D17: London | F17: 1 | G17: 2 | H17: 23 | J17: =(E17*2240)+(F17*112)+(G17*28)+H17 -> 191 | L17: =J17/2240 -> 0.085267857
A18: 1754 | B18: Cocoa Paste | C18: StKitts | D18: London | J18: =(E18*2240)+(F18*112)+(G18*28)+H18 -> 0 | L18: =J18/2240 -> 0
A19: 1754 | B19: Coffee | C19: StKitts | D19: London | J19: =(E19*2240)+(F19*112)+(G19*28)+H19 -> 0 | L19: =J19/2240 -> 0
A20: 1754 | B20: Cortex Peru | C20: StKitts | D20: London | J20: =(E20*2240)+(F20*112)+(G20*28)+H20 -> 0 | L20: =J20/2240 -> 0
A21: 1754 | B21: Cortex Winteranus | C21: StKitts | D21: London | J21: =(E21*2240)+(F21*112)+(G21*28)+H21 -> 0 | L21: =J21/2240 -> 0
A22: 1754 | B22: Cotton | C22: StKitts | D22: London | H22: =121.5*200 -> 24300 | I22: 121.5bags | J22: =(E22*2240)+(F22*112)+(G22*28)+H22 -> 24300 | L22: =J22/2240 -> 10.848214
A23: 1754 | B23: Dry Ginger | C23: StKitts | D23: London | F23: 13 | G23: 1 | H23: 20 | J23: =(E23*2240)+(F23*112)+(G23*28)+H23 -> 1504 | L23: =J23/2240 -> 0.67142857
A24: 1754 | B24: Elephant Teeth | C24: StKitts | D24: London | F24: 6 | G24: 3 | H24: 6 | J24: =(E24*2240)+(F24*112)+(G24*28)+H24 -> 762 | L24: =J24/2240 -> 0.34017857
A25: 1754 | B25: Green Ginger | C25: StKitts | D25: London | J25: =(E25*2240)+(F25*112)+(G25*28)+H25 -> 0 | L25: =J25/2240 -> 0
A26: 1754 | B26: Guinea Grains | C26: StKitts | D26: London | J26: =(E26*2240)+(F26*112)+(G26*28)+H26 -> 0 | L26: =J26/2240 -> 0
A27: 1754 | B27: Gum Guiaci | C27: StKitts | D27: London | H27: 1301 | J27: =(E27*2240)+(F27*112)+(G27*28)+H27 -> 1301 | L27: =J27/2240 -> 0.58080357
A28: 1754 | B28: Hemp | C28: StKitts | D28: London | J28: =(E28*2240)+(F28*112)+(G28*28)+H28 -> 0 | L28: =J28/2240 -> 0
A29: 1754 | B29: Hypococania | C29: StKitts | D29: London | J29: =(E29*2240)+(F29*112)+(G29*28)+H29 -> 0 | L29: =J29/2240 -> 0
A30: 1754 | B30: Indigo | C30: StKitts | D30: London | J30: =(E30*2240)+(F30*112)+(G30*28)+H30 -> 0 | L30: =J30/2240 -> 0
A31: 1754 | B31: Jollop | C31: StKitts | D31: London | J31: =(E31*2240)+(F31*112)+(G31*28)+H31 -> 0 | L31: =J31/2240 -> 0
A32: 1754 | B32: Lemon Water | C32: StKitts | D32: London | J32: =(E32*2240)+(F32*112)+(G32*28)+H32 -> 0 | L32: =J32/2240 -> 0
A33: 1754 | B33: Lignum Vitae | C33: StKitts | D33: London | E33: 36 | F33: 5 | G33: 2 | J33: =(E33*2240)+(F33*112)+(G33*28)+H33 -> 81256 | L33: =J33/2240 -> 36.275
A34: 1754 | B34: Lime Juice | C34: StKitts | D34: London | J34: =(E34*2240)+(F34*112)+(G34*28)+H34 -> 0 | L34: =J34/2240 -> 0
A35: 1754 | B35: Loaf Sugar | C35: StKitts | D35: London | J35: =(E35*2240)+(F35*112)+(G35*28)+H35 -> 0 | L35: =J35/2240 -> 0
A36: 1754 | B36: Madera Wine | C36: StKitts | D36: London | H36: 130093.5 | I36: 51t 2h 28g | J36: =(E36*2240)+(F36*112)+(G36*28)+H36 -> 130093.5 | L36: =J36/2240 -> 58.077455
A37: 1754 | B37: Molasses | C37: StKitts | D37: London | J37: =(E37*2240)+(F37*112)+(G37*28)+H37 -> 0 | L37: =J37/2240 -> 0
A38: 1754 | B38: Oranges | C38: StKitts | D38: London | J38: =(E38*2240)+(F38*112)+(G38*28)+H38 -> 0 | L38: =J38/2240 -> 0
A39: 1754 | B39: Orchelia | C39: StKitts | D39: London | J39: =(E39*2240)+(F39*112)+(G39*28)+H39 -> 0 | L39: =J39/2240 -> 0
A40: 1754 | B40: Pickles | C40: StKitts | D40: London | H40: 12.5 | I40: 1.25g | J40: =(E40*2240)+(F40*112)+(G40*28)+H40 -> 12.5 | L40: =J40/2240 -> 0.0055803571
A41: 1754 | B41: Pimento | C41: StKitts | D41: London | J41: =(E41*2240)+(F41*112)+(G41*28)+H41 -> 0 | L41: =J41/2240 -> 0
A42: 1754 | B42: Port | C42: StKitts | D42: London | H42: 13423.5 | I42: 5t 1h 19g | J42: =(E42*2240)+(F42*112)+(G42*28)+H42 -> 13423.5 | L42: =J42/2240 -> 5.9926339
A43: 1754 | B43: Rice | C43: StKitts | D43: London | J43: =(E43*2240)+(F43*112)+(G43*28)+H43 -> 0 | L43: =J43/2240 -> 0
A44: 1754 | B44: Rum | C44: StKitts | D44: London | H44: 134419.5 | I44: 13438.5g | J44: =(E44*2240)+(F44*112)+(G44*28)+H44 -> 134419.5 | L44: =J44/2240 -> 60.008705
A45: 1754 | B45: Sasparilla | C45: StKitts | D45: London | J45: =(E45*2240)+(F45*112)+(G45*28)+H45 -> 0 | L45: =J45/2240 -> 0
A46: 1754 | B46: Saunders Yellow | C46: StKitts | D46: London | J46: =(E46*2240)+(F46*112)+(G46*28)+H46 -> 0 | L46: =J46/2240 -> 0
A47: 1754 | B47: Shruff | C47: StKitts | D47: London | J47: =(E47*2240)+(F47*112)+(G47*28)+H47 -> 0 | L47: =J47/2240 -> 0
A48: 1754 | B48: Snuff | C48: StKitts | D48: London | J48: =(E48*2240)+(F48*112)+(G48*28)+H48 -> 0 | L48: =J48/2240 -> 0
A49: 1754 | B49: Smalts | C49: StKitts | D49: London | J49: =(E49*2240)+(F49*112)+(G49*28)+H49 -> 0 | L49: =J49/2240 -> 0
A50: 1754 | B50: Succads | C50: StKitts | D50: London | H50: 895 | J50: =(E50*2240)+(F50*112)+(G50*28)+H50 -> 895 | L50: =J50/2240 -> 0.39955357
A51: 1754 | B51: Tamarinds | C51: StKitts | D51: London | H51: 20 | J51: =(E51*2240)+(F51*112)+(G51*28)+H51 -> 20 | L51: =J51/2240 -> 0.0089285714
A52: 1754 | B52: Tobacco | C52: StKitts | D52: London | J52: =(E52*2240)+(F52*112)+(G52*28)+H52 -> 0 | L52: =J52/2240 -> 0
A53: 1754 | B53: Tortoise Shell | C53: StKitts | D53: London | H53: 52 | J53: =(E53*2240)+(F53*112)+(G53*28)+H53 -> 52 | L53: =J53/2240 -> 0.023214286
A54: 1754 | B54: White Sugar | C54: StKitts | D54: London | J54: =(E54*2240)+(F54*112)+(G54*28)+H54 -> 0 | L54: =J54/2240 -> 0
A55: 1754 | B55: Wood, Braziletto | C55: StKitts | D55: London | J55: =(E55*2240)+(F55*112)+(G55*28)+H55 -> 0 | L55: =J55/2240 -> 0
A56: 1754 | B56: Wood, Cocoa | C56: StKitts | D56: London | J56: =(E56*2240)+(F56*112)+(G56*28)+H56 -> 0 | L56: =J56/2240 -> 0
A57: 1754 | B57: Wood, Ebony | C57: StKitts | D57: London | J57: =(E57*2240)+(F57*112)+(G57*28)+H57 -> 0 | L57: =J57/2240 -> 0
A58: 1754 | B58: Wood, Fustick | C58: StKitts | D58: London | E58: 180 | F58: 12 | G58: 1 | J58: =(E58*2240)+(F58*112)+(G58*28)+H58 -> 404572 | L58: =J58/2240 -> 180.6125
A59: 1754 | B59: Wood, Iron | C59: StKitts | D59: London | J59: =(E59*2240)+(F59*112)+(G59*28)+H59 -> 0 | L59: =J59/2240 -> 0
A60: 1754 | B60: Wood, Logwood | C60: StKitts | D60: London | E60: 65 | J60: =(E60*2240)+(F60*112)+(G60*28)+H60 -> 145600 | L60: =J60/2240 -> 65
A61: 1754 | B61: Wood, Mahogany | C61: StKitts | D61: London | J61: =(E61*2240)+(F61*112)+(G61*28)+H61 -> 0 | L61: =J61/2240 -> 0
A62: 1754 | B62: Wood, Nicaragua | C62: StKitts | D62: London | J62: =(E62*2240)+(F62*112)+(G62*28)+H62 -> 0 | L62: =J62/2240 -> 0
A63: 1754 | B63: Wood, Redwood | C63: StKitts | D63: London | E63: 16 | J63: =(E63*2240)+(F63*112)+(G63*28)+H63 -> 35840 | L63: =J63/2240 -> 16
A64: 1754 | B64: Wood, Sweetwood | C64: StKitts | D64: London | J64: =(E64*2240)+(F64*112)+(G64*28)+H64 -> 0 | L64: =J64/2240 -> 0
A65: 1754 | B65: Almonds, Bitter | C65: StKitts | D65: Out Ports | J65: =(E65*2240)+(F65*112)+(G65*28)+H65 -> 0 | L65: =J65/2240 -> 0
A66: 1754 | B66: Almonds, Sweet | C66: StKitts | D66: Out Ports | J66: =(E66*2240)+(F66*112)+(G66*28)+H66 -> 0 | L66: =J66/2240 -> 0
A67: 1754 | B67: Aloes Epatica | C67: StKitts | D67: Out Ports | J67: =(E67*2240)+(F67*112)+(G67*28)+H67 -> 0 | L67: =J67/2240 -> 0
A68: 1754 | B68: Annatto | C68: StKitts | D68: Out Ports | J68: =(E68*2240)+(F68*112)+(G68*28)+H68 -> 0 | L68: =J68/2240 -> 0
A69: 1754 | B69: Anniseeds | C69: StKitts | D69: Out Ports | J69: =(E69*2240)+(F69*112)+(G69*28)+H69 -> 0 | L69: =J69/2240 -> 0
A70: 1754 | B70: Bacon | C70: StKitts | D70: Out Ports | J70: =(E70*2240)+(F70*112)+(G70*28)+H70 -> 0 | L70: =J70/2240 -> 0
A71: 1754 | B71: Barrel Staves | C71: StKitts | D71: Out Ports | J71: =(E71*2240)+(F71*112)+(G71*28)+H71 -> 0 | L71: =J71/2240 -> 0
A72: 1754 | B72: Bay Berries | C72: StKitts | D72: Out Ports | J72: =(E72*2240)+(F72*112)+(G72*28)+H72 -> 0 | L72: =J72/2240 -> 0
A73: 1754 | B73: Bees Wax | C73: StKitts | D73: Out Ports | J73: =(E73*2240)+(F73*112)+(G73*28)+H73 -> 0 | L73: =J73/2240 -> 0
A74: 1754 | B74: Brimstone | C74: StKitts | D74: Out Ports | J74: =(E74*2240)+(F74*112)+(G74*28)+H74 -> 0 | L74: =J74/2240 -> 0
A75: 1754 | B75: Brown Sugar | C75: StKitts | D75: Out Ports | F75: 10771 | G75: 3 | H75: 21 | J75: =(E75*2240)+(F75*112)+(G75*28)+H75 -> 1206457 | L75: =J75/2240 -> 538.59687
A76: 1754 | B76: Cassia Fistula | C76: StKitts | D76: Out Ports | J76: =(E76*2240)+(F76*112)+(G76*28)+H76 -> 0 | L76: =J76/2240 -> 0
A77: 1754 | B77: Chocolate | C77: StKitts | D77: Out Ports | J77: =(E77*2240)+(F77*112)+(G77*28)+H77 -> 0 | L77: =J77/2240 -> 0
A78: 1754 | B78: Cocheneal | C78: StKitts | D78: Out Ports | J78: =(E78*2240)+(F78*112)+(G78*28)+H78 -> 0 | L78: =J78/2240 -> 0
A79: 1754 | B79: Cocoa Nuts | C79: StKitts | D79: Out Ports | J79: =(E79*2240)+(F79*112)+(G79*28)+H79 -> 0 | L79: =J79/2240 -> 0
A80: 1754 | B80: Cocoa Paste | C80: StKitts | D80: Out Ports | J80: =(E80*2240)+(F80*112)+(G80*28)+H80 -> 0 | L80: =J80/2240 -> 0
A81: 1754 | B81: Coffee | C81: StKitts | D81: Out Ports | J81: =(E81*2240)+(F81*112)+(G81*28)+H81 -> 0 | L81: =J81/2240 -> 0
A82: 1754 | B82: Cortex Peru | C82: StKitts | D82: Out Ports | J82: =(E82*2240)+(F82*112)+(G82*28)+H82 -> 0 | L82: =J82/2240 -> 0
A83: 1754 | B83: Cortex Winteranus | C83: StKitts | D83: Out Ports | J83: =(E83*2240)+(F83*112)+(G83*28)+H83 -> 0 | L83: =J83/2240 -> 0
A84: 1754 | B84: Cotton | C84: StKitts | D84: Out Ports | H84: =118.25*200 -> 23650 | I84: 118.25bags | J84: =(E84*2240)+(F84*112)+(G84*28)+H84 -> 23650 | L84: =J84/2240 -> 10.558036
A85: 1754 | B85: Dry Ginger | C85: StKitts | D85: Out Ports | F85: 1 | G85: 3 | H85: 24 | J85: =(E85*2240)+(F85*112)+(G85*28)+H85 -> 220 | L85: =J85/2240 -> 0.098214286
A86: 1754 | B86: Elephant Teeth | C86: StKitts | D86: Out Ports | F86: 25 | G86: 3 | J86: =(E86*2240)+(F86*112)+(G86*28)+H86 -> 2884 | L86: =J86/2240 -> 1.2875
A87: 1754 | B87: Green Ginger | C87: StKitts | D87: Out Ports | H87: 9 | J87: =(E87*2240)+(F87*112)+(G87*28)+H87 -> 9 | L87: =J87/2240 -> 0.0040178571
A88: 1754 | B88: Guinea Grains | C88: StKitts | D88: Out Ports | J88: =(E88*2240)+(F88*112)+(G88*28)+H88 -> 0 | L88: =J88/2240 -> 0
A89: 1754 | B89: Gum Guiaci | C89: StKitts | D89: Out Ports | H89: 379 | J89: =(E89*2240)+(F89*112)+(G89*28)+H89 -> 379 | L89: =J89/2240 -> 0.16919643
A90: 1754 | B90: Hemp | C90: StKitts | D90: Out Ports | J90: =(E90*2240)+(F90*112)+(G90*28)+H90 -> 0 | L90: =J90/2240 -> 0
A91: 1754 | B91: Hypococania | C91: StKitts | D91: Out Ports | J91: =(E91*2240)+(F91*112)+(G91*28)+H91 -> 0 | L91: =J91/2240 -> 0
A92: 1754 | B92: Indigo | C92: StKitts | D92: Out Ports | J92: =(E92*2240)+(F92*112)+(G92*28)+H92 -> 0 | L92: =J92/2240 -> 0
A93: 1754 | B93: Jollop | C93: StKitts | D93: Out Ports | J93: =(E93*2240)+(F93*112)+(G93*28)+H93 -> 0 | L93: =J93/2240 -> 0
A94: 1754 | B94: Lemon Water | C94: StKitts | D94: Out Ports | J94: =(E94*2240)+(F94*112)+(G94*28)+H94 -> 0 | L94: =J94/2240 -> 0
A95: 1754 | B95: Lignum Vitae | C95: StKitts | D95: Out Ports | E95: 28 | F95: 3 | G95: 1 | H95: 17 | J95: =(E95*2240)+(F95*112)+(G95*28)+H95 -> 63101 | L95: =J95/2240 -> 28.170089
A96: 1754 | B96: Lime Juice | C96: StKitts | D96: Out Ports | J96: =(E96*2240)+(F96*112)+(G96*28)+H96 -> 0 | L96: =J96/2240 -> 0
A97: 1754 | B97: Loaf Sugar | C97: StKitts | D97: Out Ports | J97: =(E97*2240)+(F97*112)+(G97*28)+H97 -> 0 | L97: =J97/2240 -> 0
A98: 1754 | B98: Madera Wine | C98: StKitts | D98: Out Ports | H98: 3941 | I98: 1t 2h 16g | J98: =(E98*2240)+(F98*112)+(G98*28)+H98 -> 3941 | L98: =J98/2240 -> 1.759375
A99: 1754 | B99: Molasses | C99: StKitts | D99: Out Ports | J99: =(E99*2240)+(F99*112)+(G99*28)+H99 -> 0 | L99: =J99/2240 -> 0
A100: 1754 | B100: Old Pewter | C100: StKitts | D100: Out Ports | J100: =(E100*2240)+(F100*112)+(G100*28)+H100 -> 0 | L100: =J100/2240 -> 0
...

Sheet Tortola
A1: YEAR | B1: COMMODITY_NAME | C1: FROM_LOCATION | D1: TO_LOCATION | E1: ton | F1: hh | G1: quarter | H1: lb | J1: Total Pounds | L1: WEIGHT
A2: 1754 | B2: Almonds, Bitter | C2: Tortola | D2: London | J2: =(E2*2240)+(F2*112)+(G2*28)+H2 -> 0 | L2: =J2/2240 -> 0
A3: 1754 | B3: Almonds, Sweet | C3: Tortola | D3: London | J3: =(E3*2240)+(F3*112)+(G3*28)+H3 -> 0 | L3: =J3/2240 -> 0
A4: 1754 | B4: Aloes Epatica | C4: Tortola | D4: London | J4: =(E4*2240)+(F4*112)+(G4*28)+H4 -> 0 | L4: =J4/2240 -> 0
A5: 1754 | B5: Annatto | C5: Tortola | D5: London | J5: =(E5*2240)+(F5*112)+(G5*28)+H5 -> 0 | L5: =J5/2240 -> 0
A6: 1754 | B6: Anniseeds | C6: Tortola | D6: London | J6: =(E6*2240)+(F6*112)+(G6*28)+H6 -> 0 | L6: =J6/2240 -> 0
A7: 1754 | B7: Bacon | C7: Tortola | D7: London | J7: =(E7*2240)+(F7*112)+(G7*28)+H7 -> 0 | L7: =J7/2240 -> 0
A8: 1754 | B8: Barrel Staves | C8: Tortola | D8: London | J8: =(E8*2240)+(F8*112)+(G8*28)+H8 -> 0 | L8: =J8/2240 -> 0
A9: 1754 | B9: Bay Berries | C9: Tortola | D9: London | J9: =(E9*2240)+(F9*112)+(G9*28)+H9 -> 0 | L9: =J9/2240 -> 0
A10: 1754 | B10: Bees Wax | C10: Tortola | D10: London | J10: =(E10*2240)+(F10*112)+(G10*28)+H10 -> 0 | L10: =J10/2240 -> 0
A11: 1754 | B11: Brimstone | C11: Tortola | D11: London | J11: =(E11*2240)+(F11*112)+(G11*28)+H11 -> 0 | L11: =J11/2240 -> 0
A12: 1754 | B12: Brown Sugar | C12: Tortola | D12: London | F12: 1140 | J12: =(E12*2240)+(F12*112)+(G12*28)+H12 -> 127680 | L12: =J12/2240 -> 57
A13: 1754 | B13: Cascarilla | C13: Tortola | D13: London | J13: =(E13*2240)+(F13*112)+(G13*28)+H13 -> 0 | L13: =J13/2240 -> 0
A14: 1754 | B14: Cassia Fistula | C14: Tortola | D14: London | J14: =(E14*2240)+(F14*112)+(G14*28)+H14 -> 0 | L14: =J14/2240 -> 0
A15: 1754 | B15: Chocolate | C15: Tortola | D15: London | J15: =(E15*2240)+(F15*112)+(G15*28)+H15 -> 0 | L15: =J15/2240 -> 0
A16: 1754 | B16: Cocheneal | C16: Tortola | D16: London | J16: =(E16*2240)+(F16*112)+(G16*28)+H16 -> 0 | L16: =J16/2240 -> 0
A17: 1754 | B17: Cocoa Nuts | C17: Tortola | D17: London | J17: =(E17*2240)+(F17*112)+(G17*28)+H17 -> 0 | L17: =J17/2240 -> 0
A18: 1754 | B18: Cocoa Paste | C18: Tortola | D18: London | J18: =(E18*2240)+(F18*112)+(G18*28)+H18 -> 0 | L18: =J18/2240 -> 0
A19: 1754 | B19: Coffee | C19: Tortola | D19: London | J19: =(E19*2240)+(F19*112)+(G19*28)+H19 -> 0 | L19: =J19/2240 -> 0
A20: 1754 | B20: Cortex Peru | C20: Tortola | D20: London | J20: =(E20*2240)+(F20*112)+(G20*28)+H20 -> 0 | L20: =J20/2240 -> 0
A21: 1754 | B21: Cortex Winteranus | C21: Tortola | D21: London | J21: =(E21*2240)+(F21*112)+(G21*28)+H21 -> 0 | L21: =J21/2240 -> 0
A22: 1754 | B22: Cotton | C22: Tortola | D22: London | H22: =122.75*200 -> 24550 | I22: 122.75bags | J22: =(E22*2240)+(F22*112)+(G22*28)+H22 -> 24550 | L22: =J22/2240 -> 10.959821
A23: 1754 | B23: Dry Ginger | C23: Tortola | D23: London | J23: =(E23*2240)+(F23*112)+(G23*28)+H23 -> 0 | L23: =J23/2240 -> 0
A24: 1754 | B24: Elephant Teeth | C24: Tortola | D24: London | J24: =(E24*2240)+(F24*112)+(G24*28)+H24 -> 0 | L24: =J24/2240 -> 0
A25: 1754 | B25: Green Ginger | C25: Tortola | D25: London | J25: =(E25*2240)+(F25*112)+(G25*28)+H25 -> 0 | L25: =J25/2240 -> 0
A26: 1754 | B26: Guinea Grains | C26: Tortola | D26: London | J26: =(E26*2240)+(F26*112)+(G26*28)+H26 -> 0 | L26: =J26/2240 -> 0
A27: 1754 | B27: Gum Guiaci | C27: Tortola | D27: London | J27: =(E27*2240)+(F27*112)+(G27*28)+H27 -> 0 | L27: =J27/2240 -> 0
A28: 1754 | B28: Hemp | C28: Tortola | D28: London | J28: =(E28*2240)+(F28*112)+(G28*28)+H28 -> 0 | L28: =J28/2240 -> 0
A29: 1754 | B29: Hypococania | C29: Tortola | D29: London | J29: =(E29*2240)+(F29*112)+(G29*28)+H29 -> 0 | L29: =J29/2240 -> 0
A30: 1754 | B30: Indigo | C30: Tortola | D30: London | J30: =(E30*2240)+(F30*112)+(G30*28)+H30 -> 0 | L30: =J30/2240 -> 0
A31: 1754 | B31: Jollop | C31: Tortola | D31: London | J31: =(E31*2240)+(F31*112)+(G31*28)+H31 -> 0 | L31: =J31/2240 -> 0
A32: 1754 | B32: Lemon Water | C32: Tortola | D32: London | J32: =(E32*2240)+(F32*112)+(G32*28)+H32 -> 0 | L32: =J32/2240 -> 0
A33: 1754 | B33: Lignum Vitae | C33: Tortola | D33: London | E33: 3 | J33: =(E33*2240)+(F33*112)+(G33*28)+H33 -> 6720 | L33: =J33/2240 -> 3
A34: 1754 | B34: Lime Juice | C34: Tortola | D34: London | J34: =(E34*2240)+(F34*112)+(G34*28)+H34 -> 0 | L34: =J34/2240 -> 0
A35: 1754 | B35: Loaf Sugar | C35: Tortola | D35: London | J35: =(E35*2240)+(F35*112)+(G35*28)+H35 -> 0 | L35: =J35/2240 -> 0
A36: 1754 | B36: Madera Wine | C36: Tortola | D36: London | J36: =(E36*2240)+(F36*112)+(G36*28)+H36 -> 0 | L36: =J36/2240 -> 0
A37: 1754 | B37: Molasses | C37: Tortola | D37: London | J37: =(E37*2240)+(F37*112)+(G37*28)+H37 -> 0 | L37: =J37/2240 -> 0
A38: 1754 | B38: Oranges | C38: Tortola | D38: London | J38: =(E38*2240)+(F38*112)+(G38*28)+H38 -> 0 | L38: =J38/2240 -> 0
A39: 1754 | B39: Orchelia | C39: Tortola | D39: London | J39: =(E39*2240)+(F39*112)+(G39*28)+H39 -> 0 | L39: =J39/2240 -> 0
A40: 1754 | B40: Pickles | C40: Tortola | D40: London | J40: =(E40*2240)+(F40*112)+(G40*28)+H40 -> 0 | L40: =J40/2240 -> 0
A41: 1754 | B41: Pimento | C41: Tortola | D41: London | J41: =(E41*2240)+(F41*112)+(G41*28)+H41 -> 0 | L41: =J41/2240 -> 0
A42: 1754 | B42: Rice | C42: Tortola | D42: London | J42: =(E42*2240)+(F42*112)+(G42*28)+H42 -> 0 | L42: =J42/2240 -> 0
A43: 1754 | B43: Rum | C43: Tortola | D43: London | H43: 1050.5 | I43: 105g | J43: =(E43*2240)+(F43*112)+(G43*28)+H43 -> 1050.5 | L43: =J43/2240 -> 0.46897321
A44: 1754 | B44: Sasparilla | C44: Tortola | D44: London | J44: =(E44*2240)+(F44*112)+(G44*28)+H44 -> 0 | L44: =J44/2240 -> 0
A45: 1754 | B45: Saunders Yellow | C45: Tortola | D45: London | J45: =(E45*2240)+(F45*112)+(G45*28)+H45 -> 0 | L45: =J45/2240 -> 0
A46: 1754 | B46: Shruff | C46: Tortola | D46: London | J46: =(E46*2240)+(F46*112)+(G46*28)+H46 -> 0 | L46: =J46/2240 -> 0
A47: 1754 | B47: Snuff | C47: Tortola | D47: London | J47: =(E47*2240)+(F47*112)+(G47*28)+H47 -> 0 | L47: =J47/2240 -> 0
A48: 1754 | B48: Smalts | C48: Tortola | D48: London | J48: =(E48*2240)+(F48*112)+(G48*28)+H48 -> 0 | L48: =J48/2240 -> 0
A49: 1754 | B49: Succads | C49: Tortola | D49: London | J49: =(E49*2240)+(F49*112)+(G49*28)+H49 -> 0 | L49: =J49/2240 -> 0
A50: 1754 | B50: Tamarinds | C50: Tortola | D50: London | J50: =(E50*2240)+(F50*112)+(G50*28)+H50 -> 0 | L50: =J50/2240 -> 0
A51: 1754 | B51: Tobacco | C51: Tortola | D51: London | J51: =(E51*2240)+(F51*112)+(G51*28)+H51 -> 0 | L51: =J51/2240 -> 0
A52: 1754 | B52: Tortoise Shell | C52: Tortola | D52: London | J52: =(E52*2240)+(F52*112)+(G52*28)+H52 -> 0 | L52: =J52/2240 -> 0
A53: 1754 | B53: White Sugar | C53: Tortola | D53: London | J53: =(E53*2240)+(F53*112)+(G53*28)+H53 -> 0 | L53: =J53/2240 -> 0
A54: 1754 | B54: Wood, Braziletto | C54: Tortola | D54: London | J54: =(E54*2240)+(F54*112)+(G54*28)+H54 -> 0 | L54: =J54/2240 -> 0
A55: 1754 | B55: Wood, Cocoa | C55: Tortola | D55: London | J55: =(E55*2240)+(F55*112)+(G55*28)+H55 -> 0 | L55: =J55/2240 -> 0
A56: 1754 | B56: Wood, Ebony | C56: Tortola | D56: London | J56: =(E56*2240)+(F56*112)+(G56*28)+H56 -> 0 | L56: =J56/2240 -> 0
A57: 1754 | B57: Wood, Fustick | C57: Tortola | D57: London | E57: 44 | G57: 662 | J57: =(E57*2240)+(F57*112)+(G57*28)+H57 -> 117096 | L57: =J57/2240 -> 52.275
A58: 1754 | B58: Wood, Iron | C58: Tortola | D58: London | J58: =(E58*2240)+(F58*112)+(G58*28)+H58 -> 0 | L58: =J58/2240 -> 0
A59: 1754 | B59: Wood, Logwood | C59: Tortola | D59: London | J59: =(E59*2240)+(F59*112)+(G59*28)+H59 -> 0 | L59: =J59/2240 -> 0
A60: 1754 | B60: Wood, Mahogany | C60: Tortola | D60: London | J60: =(E60*2240)+(F60*112)+(G60*28)+H60 -> 0 | L60: =J60/2240 -> 0
A61: 1754 | B61: Wood, Nicaragua | C61: Tortola | D61: London | E61: 22 | J61: =(E61*2240)+(F61*112)+(G61*28)+H61 -> 49280 | L61: =J61/2240 -> 22
A62: 1754 | B62: Wood, Redwood | C62: Tortola | D62: London | J62: =(E62*2240)+(F62*112)+(G62*28)+H62 -> 0 | L62: =J62/2240 -> 0
A63: 1754 | B63: Wood, Sweetwood | C63: Tortola | D63: London | J63: =(E63*2240)+(F63*112)+(G63*28)+H63 -> 0 | L63: =J63/2240 -> 0
A64: 1754 | B64: Almonds, Bitter | C64: Tortola | D64: Out Ports | J64: =(E64*2240)+(F64*112)+(G64*28)+H64 -> 0 | L64: =J64/2240 -> 0
A65: 1754 | B65: Almonds, Sweet | C65: Tortola | D65: Out Ports | J65: =(E65*2240)+(F65*112)+(G65*28)+H65 -> 0 | L65: =J65/2240 -> 0
A66: 1754 | B66: Aloes Epatica | C66: Tortola | D66: Out Ports | J66: =(E66*2240)+(F66*112)+(G66*28)+H66 -> 0 | L66: =J66/2240 -> 0
A67: 1754 | B67: Annatto | C67: Tortola | D67: Out Ports | J67: =(E67*2240)+(F67*112)+(G67*28)+H67 -> 0 | L67: =J67/2240 -> 0
A68: 1754 | B68: Anniseeds | C68: Tortola | D68: Out Ports | J68: =(E68*2240)+(F68*112)+(G68*28)+H68 -> 0 | L68: =J68/2240 -> 0
A69: 1754 | B69: Bacon | C69: Tortola | D69: Out Ports | J69: =(E69*2240)+(F69*112)+(G69*28)+H69 -> 0 | L69: =J69/2240 -> 0
A70: 1754 | B70: Barrel Staves | C70: Tortola | D70: Out Ports | J70: =(E70*2240)+(F70*112)+(G70*28)+H70 -> 0 | L70: =J70/2240 -> 0
A71: 1754 | B71: Bay Berries | C71: Tortola | D71: Out Ports | J71: =(E71*2240)+(F71*112)+(G71*28)+H71 -> 0 | L71: =J71/2240 -> 0
A72: 1754 | B72: Bees Wax | C72: Tortola | D72: Out Ports | J72: =(E72*2240)+(F72*112)+(G72*28)+H72 -> 0 | L72: =J72/2240 -> 0
A73: 1754 | B73: Brimstone | C73: Tortola | D73: Out Ports | J73: =(E73*2240)+(F73*112)+(G73*28)+H73 -> 0 | L73: =J73/2240 -> 0
A74: 1754 | B74: Brown Sugar | C74: Tortola | D74: Out Ports | F74: 1672 | G74: 3 | H74: 24 | J74: =(E74*2240)+(F74*112)+(G74*28)+H74 -> 187372 | L74: =J74/2240 -> 83.648214
A75: 1754 | B75: Cassia Fistula | C75: Tortola | D75: Out Ports | J75: =(E75*2240)+(F75*112)+(G75*28)+H75 -> 0 | L75: =J75/2240 -> 0
A76: 1754 | B76: Chocolate | C76: Tortola | D76: Out Ports | J76: =(E76*2240)+(F76*112)+(G76*28)+H76 -> 0 | L76: =J76/2240 -> 0
A77: 1754 | B77: Cocheneal | C77: Tortola | D77: Out Ports | J77: =(E77*2240)+(F77*112)+(G77*28)+H77 -> 0 | L77: =J77/2240 -> 0
A78: 1754 | B78: Cocoa Nuts | C78: Tortola | D78: Out Ports | J78: =(E78*2240)+(F78*112)+(G78*28)+H78 -> 0 | L78: =J78/2240 -> 0
A79: 1754 | B79: Cocoa Paste | C79: Tortola | D79: Out Ports | J79: =(E79*2240)+(F79*112)+(G79*28)+H79 -> 0 | L79: =J79/2240 -> 0
A80: 1754 | B80: Coffee | C80: Tortola | D80: Out Ports | J80: =(E80*2240)+(F80*112)+(G80*28)+H80 -> 0 | L80: =J80/2240 -> 0
A81: 1754 | B81: Cortex Peru | C81: Tortola | D81: Out Ports | J81: =(E81*2240)+(F81*112)+(G81*28)+H81 -> 0 | L81: =J81/2240 -> 0
A82: 1754 | B82: Cortex Winteranus | C82: Tortola | D82: Out Ports | J82: =(E82*2240)+(F82*112)+(G82*28)+H82 -> 0 | L82: =J82/2240 -> 0
A83: 1754 | B83: Cotton | C83: Tortola | D83: Out Ports | H83: =761*200 -> 152200 | I83: 761bags | J83: =(E83*2240)+(F83*112)+(G83*28)+H83 -> 152200 | L83: =J83/2240 -> 67.946429
A84: 1754 | B84: Dry Ginger | C84: Tortola | D84: Out Ports | J84: =(E84*2240)+(F84*112)+(G84*28)+H84 -> 0 | L84: =J84/2240 -> 0
A85: 1754 | B85: Elephant Teeth | C85: Tortola | D85: Out Ports | J85: =(E85*2240)+(F85*112)+(G85*28)+H85 -> 0 | L85: =J85/2240 -> 0
A86: 1754 | B86: Green Ginger | C86: Tortola | D86: Out Ports | J86: =(E86*2240)+(F86*112)+(G86*28)+H86 -> 0 | L86: =J86/2240 -> 0
A87: 1754 | B87: Guinea Grains | C87: Tortola | D87: Out Ports | J87: =(E87*2240)+(F87*112)+(G87*28)+H87 -> 0 | L87: =J87/2240 -> 0
A88: 1754 | B88: Gum Guiaci | C88: Tortola | D88: Out Ports | J88: =(E88*2240)+(F88*112)+(G88*28)+H88 -> 0 | L88: =J88/2240 -> 0
A89: 1754 | B89: Hemp | C89: Tortola | D89: Out Ports | J89: =(E89*2240)+(F89*112)+(G89*28)+H89 -> 0 | L89: =J89/2240 -> 0
A90: 1754 | B90: Hypococania | C90: Tortola | D90: Out Ports | J90: =(E90*2240)+(F90*112)+(G90*28)+H90 -> 0 | L90: =J90/2240 -> 0
A91: 1754 | B91: Indigo | C91: Tortola | D91: Out Ports | J91: =(E91*2240)+(F91*112)+(G91*28)+H91 -> 0 | L91: =J91/2240 -> 0
A92: 1754 | B92: Jollop | C92: Tortola | D92: Out Ports | J92: =(E92*2240)+(F92*112)+(G92*28)+H92 -> 0 | L92: =J92/2240 -> 0
A93: 1754 | B93: Lemon Water | C93: Tortola | D93: Out Ports | J93: =(E93*2240)+(F93*112)+(G93*28)+H93 -> 0 | L93: =J93/2240 -> 0
A94: 1754 | B94: Lignum Vitae | C94: Tortola | D94: Out Ports | E94: 15 | F94: 3 | G94: 1 | H94: 17 | J94: =(E94*2240)+(F94*112)+(G94*28)+H94 -> 33981 | L94: =J94/2240 -> 15.170089
A95: 1754 | B95: Lime Juice | C95: Tortola | D95: Out Ports | J95: =(E95*2240)+(F95*112)+(G95*28)+H95 -> 0 | L95: =J95/2240 -> 0
A96: 1754 | B96: Loaf Sugar | C96: Tortola | D96: Out Ports | J96: =(E96*2240)+(F96*112)+(G96*28)+H96 -> 0 | L96: =J96/2240 -> 0
A97: 1754 | B97: Madera Wine | C97: Tortola | D97: Out Ports | J97: =(E97*2240)+(F97*112)+(G97*28)+H97 -> 0 | L97: =J97/2240 -> 0
A98: 1754 | B98: Molasses | C98: Tortola | D98: Out Ports | J98: =(E98*2240)+(F98*112)+(G98*28)+H98 -> 0 | L98: =J98/2240 -> 0
A99: 1754 | B99: Old Pewter | C99: Tortola | D99: Out Ports | J99: =(E99*2240)+(F99*112)+(G99*28)+H99 -> 0 | L99: =J99/2240 -> 0
A100: 1754 | B100: Oranges | C100: Tortola | D100: Out Ports | J100: =(E100*2240)+(F100*112)+(G100*28)+H100 -> 0 | L100: =J100/2240 -> 0
...

Sheet WestIndiesGeneral
A1: YEAR | B1: COMMODITY_NAME | C1: FROM_LOCATION | D1: TO_LOCATION | E1: ton | F1: hh | G1: quarter | H1: lb | J1: Total Pounds | L1: WEIGHT
B2: Almonds, Bitter | C2: WestIndiesGeneral | D2: London | J2: =(E2*2240)+(F2*112)+(G2*28)+H2 -> 0 | L2: =J2/2240 -> 0
B3: Almonds, Sweet | C3: WestIndiesGeneral | D3: London | J3: =(E3*2240)+(F3*112)+(G3*28)+H3 -> 0 | L3: =J3/2240 -> 0
B4: Aloes Epatica | C4: WestIndiesGeneral | D4: London | J4: =(E4*2240)+(F4*112)+(G4*28)+H4 -> 0 | L4: =J4/2240 -> 0
B5: Annatto | C5: WestIndiesGeneral | D5: London | J5: =(E5*2240)+(F5*112)+(G5*28)+H5 -> 0 | L5: =J5/2240 -> 0
B6: Anniseeds | C6: WestIndiesGeneral | D6: London | J6: =(E6*2240)+(F6*112)+(G6*28)+H6 -> 0 | L6: =J6/2240 -> 0
B7: Bacon | C7: WestIndiesGeneral | D7: London | J7: =(E7*2240)+(F7*112)+(G7*28)+H7 -> 0 | L7: =J7/2240 -> 0
B8: Barrel Staves | C8: WestIndiesGeneral | D8: London | J8: =(E8*2240)+(F8*112)+(G8*28)+H8 -> 0 | L8: =J8/2240 -> 0
B9: Bay Berries | C9: WestIndiesGeneral | D9: London | J9: =(E9*2240)+(F9*112)+(G9*28)+H9 -> 0 | L9: =J9/2240 -> 0
B10: Beaver Skins | C10: WestIndiesGeneral | D10: London | J10: =(E10*2240)+(F10*112)+(G10*28)+H10 -> 0 | L10: =J10/2240 -> 0
B11: Bees Wax | C11: WestIndiesGeneral | D11: London | J11: =(E11*2240)+(F11*112)+(G11*28)+H11 -> 0 | L11: =J11/2240 -> 0
B12: Brimstone | C12: WestIndiesGeneral | D12: London | J12: =(E12*2240)+(F12*112)+(G12*28)+H12 -> 0 | L12: =J12/2240 -> 0
B13: Brown Sugar | C13: WestIndiesGeneral | D13: London | J13: =(E13*2240)+(F13*112)+(G13*28)+H13 -> 0 | L13: =J13/2240 -> 0
... B128: Wood, Sweetwood | C128: WestIndiesGeneral | D128: Out Ports | J128: =(E128*2240)+(F128*112)+(G128*28)+H128 -> 0 | L128: =J128/2240 -> 0
